# https://github.com/mikedh/trimesh
v 0.00489197 -0.01826692 -0.21245300
v 0.00934295 -0.01752693 -0.21581601
v 0.00959495 -0.01734894 -0.21544300
v 0.00968800 -0.01699793 -0.21512290
v 0.00028000 -0.01820296 -0.20920500
v 0.00502197 -0.01791293 -0.21218100
v 0.00011600 -0.01855797 -0.20946400
v 0.00011400 -0.01856196 -0.20946901
v 0.00468097 -0.01844793 -0.21282600
v 0.00469396 -0.01844693 -0.21283400
v 0.00185499 -0.01914894 -0.21769700
v 0.00934295 -0.01752693 -0.21581601
v 0.00469396 -0.01844693 -0.21283400
v -0.00290897 -0.01937193 -0.21428100
v 0.00468097 -0.01844793 -0.21282600
v -0.00576194 -0.01960892 -0.21881600
v 0.00661395 -0.01795393 -0.22083600
v -0.00124195 -0.01929694 -0.22244700
v 0.00939200 -0.01751196 -0.21584700
v 0.01107398 -0.01518493 -0.22326090
v 0.00985495 -0.01507091 -0.22532091
v 0.00351796 -0.01778995 -0.22577301
v 0.00901595 -0.01506793 -0.22641801
v 0.01368997 -0.01521193 -0.21863701
v 0.00939200 -0.01751196 -0.21584700
v 0.01368997 -0.01521193 -0.21863701
v 0.01375696 -0.01515292 -0.21868100
v 0.01393995 -0.01503491 -0.21822500
v 0.01375696 -0.01515292 -0.21868100
v 0.01394197 -0.01473796 -0.21781001
v 0.01703695 -0.01073694 -0.22019801
v 0.01703695 -0.01073694 -0.22019901
v 0.01695499 -0.01056296 -0.21971101
v 0.01376400 -0.01434993 -0.21755091
v 0.01665500 -0.01033193 -0.21936800
v 0.01695696 -0.01056594 -0.21971600
v 0.01665500 -0.01033193 -0.21936800
v 0.01695499 -0.01056296 -0.21971101
v 0.01695696 -0.01056594 -0.21971600
v 0.01808599 -0.00710696 -0.22042500
v 0.01818898 -0.00720293 -0.22092401
v 0.01703695 -0.01073694 -0.22019801
v 0.01879296 -0.00354391 -0.22130200
v 0.01775095 -0.00697595 -0.22005700
v 0.01867995 -0.00349891 -0.22079800
v 0.01833096 -0.00343591 -0.22042100
v 0.01665500 -0.01033193 -0.21936800
v 0.01775095 -0.00697595 -0.22005700
v 0.01833096 -0.00343591 -0.22042100
v 0.00964997 -0.01655096 -0.21496500
v 0.01852694 0.00020903 -0.22054300
v 0.01833198 0.00383800 -0.22042000
v 0.01852694 0.00020903 -0.22054300
v 0.00504098 -0.01746697 -0.21206801
v 0.00964997 -0.01655096 -0.21496500
v 0.00504098 -0.01746697 -0.21206801
v 0.01376400 -0.01434993 -0.21755091
v 0.00033800 -0.01774591 -0.20911201
v -0.00436499 -0.01746697 -0.20615500
v -0.00436195 0.01786898 -0.20615200
v 0.00033800 -0.01774591 -0.20911201
v 0.00504295 0.01786898 -0.21206399
v -0.00445696 0.01831399 -0.20621700
v -0.00436195 0.01786898 -0.20615200
v 0.00034000 0.01814799 -0.20910790
v 0.00034000 0.01814799 -0.20910790
v -0.01765396 0.00383698 -0.19779800
v -0.00897195 0.01695203 -0.20325400
v -0.00897195 0.01695203 -0.20325400
v 0.00028200 0.01860099 -0.20919999
v -0.00464597 0.01866900 -0.20645199
v -0.00913098 0.01739900 -0.20328800
v 0.00028100 0.01860403 -0.20920099
v 0.00034000 0.01814799 -0.20910790
v 0.00028100 0.01860403 -0.20920099
v 0.00028200 0.01860099 -0.20919999
v -0.00937899 0.01775001 -0.20351000
v -0.01339700 0.01513903 -0.20061990
v -0.01308598 0.01475100 -0.20066800
v -0.01597698 0.01073300 -0.19885100
v -0.01597698 0.01073300 -0.19885100
v -0.01308598 0.01475100 -0.20066800
v -0.01707395 0.00737303 -0.19816200
v -0.01641597 0.01096402 -0.19873000
v -0.01707395 0.00737303 -0.19816200
v -0.01597698 0.01073300 -0.19885100
v -0.01641597 0.01096402 -0.19873000
v -0.01755496 0.00750499 -0.19801900
v -0.01642199 0.01096700 -0.19873000
v -0.01642199 0.01096700 -0.19873000
v -0.01804896 0.00760102 -0.19814099
v -0.01689096 0.01113801 -0.19886699
v -0.01377096 0.01543598 -0.20080200
v -0.01689096 0.01113801 -0.19886699
v -0.01689197 0.01113801 -0.19886800
v -0.01403197 0.01561301 -0.20120600
v -0.01410194 0.01555400 -0.20116400
v -0.01689197 0.01113801 -0.19886800
v -0.01842197 0.00763600 -0.19849799
v -0.01725795 0.01120101 -0.19922800
v -0.01725795 0.01120101 -0.19922800
v -0.01973500 0.01120101 -0.20320400
v -0.01842197 0.00763600 -0.19849799
v -0.01725795 0.01120101 -0.19922800
v -0.02215000 0.00397700 -0.20316599
v -0.01902397 0.00397598 -0.19811900
v -0.01902397 0.00397598 -0.19811900
v -0.01410194 0.01555400 -0.20116400
v -0.01973500 0.01120101 -0.20320400
v -0.01725795 0.01120101 -0.19922800
v -0.02013095 0.01120101 -0.20386000
v -0.01706596 0.01558797 -0.20556800
v -0.01939197 0.01307999 -0.20488500
v -0.02013095 0.01120101 -0.20386000
v -0.01875200 0.01269703 -0.20525899
v -0.01939197 0.01307999 -0.20488500
v -0.01811000 0.01547300 -0.20704300
v -0.01875200 0.01269703 -0.20525899
v -0.02049597 0.01120101 -0.20447700
v -0.01939197 0.01307999 -0.20488500
v -0.01811000 0.01547300 -0.20704300
v -0.02049597 0.01120101 -0.20447700
v -0.02064599 0.00852102 -0.20463200
v -0.02146496 0.00884300 -0.20415599
v -0.02146496 0.00884300 -0.20415599
v -0.02049597 0.01120101 -0.20447700
v -0.02012898 0.00987898 -0.20479400
v -0.02345796 0.00884300 -0.20808799
v -0.02064599 0.00852102 -0.20463200
v -0.02258797 0.00851500 -0.20845100
v -0.02012898 0.00987898 -0.20479400
v -0.02258797 0.00851500 -0.20845100
v -0.02064599 0.00852102 -0.20463200
v -0.02064695 0.00852102 -0.20463100
v -0.02064599 0.00852102 -0.20463200
v -0.02064695 0.00852102 -0.20463100
v -0.02064599 0.00852102 -0.20463200
v -0.02064796 0.00852102 -0.20463000
v -0.02064695 0.00852102 -0.20463100
v -0.02064599 0.00852102 -0.20463200
v -0.02064695 0.00852102 -0.20463100
v -0.02064695 0.00852102 -0.20463100
v -0.02064796 0.00852102 -0.20463000
v -0.02064599 0.00852102 -0.20463200
v -0.02064695 0.00852102 -0.20463100
v -0.02146496 0.00884300 -0.20415599
v -0.02064599 0.00852102 -0.20463200
v -0.02146496 0.00884300 -0.20415599
v -0.02134796 0.00879699 -0.20422400
v -0.02146496 0.00884300 -0.20415599
v -0.02064599 0.00852102 -0.20463200
v -0.02134796 0.00879699 -0.20422400
v -0.02064695 0.00852102 -0.20463100
v -0.02064599 0.00852102 -0.20463200
v -0.02064599 0.00852102 -0.20463100
v -0.02064599 0.00852102 -0.20463200
v -0.02064695 0.00852102 -0.20463100
v -0.02064599 0.00852102 -0.20463100
v -0.02064695 0.00852102 -0.20463100
v -0.02064599 0.00852102 -0.20463200
v -0.02064695 0.00852102 -0.20463100
v -0.02064599 0.00852102 -0.20463200
v -0.02064695 0.00852102 -0.20463100
v -0.02064695 0.00852102 -0.20463100
v -0.02064599 0.00852102 -0.20463200
v -0.02064999 0.00852203 -0.20462900
v -0.02064796 0.00852102 -0.20463000
v -0.02064999 0.00852203 -0.20462900
v -0.02064599 0.00852102 -0.20463200
v -0.02064796 0.00852102 -0.20463000
v -0.02064599 0.00852102 -0.20463200
v -0.02065398 0.00852298 -0.20462701
v -0.02064999 0.00852203 -0.20462900
v -0.02065398 0.00852298 -0.20462701
v -0.02064599 0.00852102 -0.20463200
v -0.02064999 0.00852203 -0.20462900
v -0.02064599 0.00852102 -0.20463200
v -0.02066096 0.00852602 -0.20462300
v -0.02065398 0.00852298 -0.20462701
v -0.02066096 0.00852602 -0.20462300
v -0.02064599 0.00852102 -0.20463200
v -0.02065398 0.00852298 -0.20462701
v -0.02064599 0.00852102 -0.20463200
v -0.02067598 0.00853198 -0.20461489
v -0.02066096 0.00852602 -0.20462300
v -0.02067598 0.00853198 -0.20461489
v -0.02064599 0.00852102 -0.20463200
v -0.02066096 0.00852602 -0.20462300
v -0.02064599 0.00852102 -0.20463200
v -0.02070494 0.00854301 -0.20459799
v -0.02067598 0.00853198 -0.20461489
v -0.02070494 0.00854301 -0.20459799
v -0.02064599 0.00852102 -0.20463200
v -0.02067598 0.00853198 -0.20461489
v -0.02064599 0.00852102 -0.20463200
v -0.02076300 0.00856602 -0.20456400
v -0.02070494 0.00854301 -0.20459799
v -0.02076300 0.00856602 -0.20456400
v -0.02064599 0.00852102 -0.20463200
v -0.02070494 0.00854301 -0.20459799
v -0.02087994 0.00861203 -0.20449599
v -0.02076300 0.00856602 -0.20456400
v -0.02087994 0.00861203 -0.20449599
v -0.02064599 0.00852102 -0.20463200
v -0.02076300 0.00856602 -0.20456400
v -0.02064599 0.00852102 -0.20463200
v -0.02099695 0.00865900 -0.20442800
v -0.02087994 0.00861203 -0.20449599
v -0.02099695 0.00865900 -0.20442800
v -0.02064599 0.00852102 -0.20463200
v -0.02087994 0.00861203 -0.20449599
v -0.02064599 0.00852102 -0.20463200
v -0.02111395 0.00870502 -0.20435999
v -0.02099695 0.00865900 -0.20442800
v -0.02111395 0.00870502 -0.20435999
v -0.02064599 0.00852102 -0.20463200
v -0.02099695 0.00865900 -0.20442800
v -0.02064599 0.00852102 -0.20463200
v -0.02123095 0.00875103 -0.20429189
v -0.02111395 0.00870502 -0.20435999
v -0.02123095 0.00875103 -0.20429189
v -0.02064599 0.00852102 -0.20463200
v -0.02111395 0.00870502 -0.20435999
v -0.02064599 0.00852102 -0.20463200
v -0.02134796 0.00879699 -0.20422400
v -0.02123095 0.00875103 -0.20429189
v -0.02134796 0.00879699 -0.20422400
v -0.02064599 0.00852102 -0.20463200
v -0.02123095 0.00875103 -0.20429189
v -0.02064695 0.00852102 -0.20463100
v -0.02064599 0.00852102 -0.20463100
v -0.02064695 0.00852000 -0.20463100
v -0.02064599 0.00852102 -0.20463100
v -0.02064695 0.00852102 -0.20463100
v -0.02064695 0.00852000 -0.20463100
v -0.02064599 0.00852102 -0.20463100
v -0.02064695 0.00852000 -0.20463100
v -0.02064599 0.00852000 -0.20463100
v -0.02064695 0.00852000 -0.20463100
v -0.02064599 0.00852102 -0.20463100
v -0.02064599 0.00852000 -0.20463100
v -0.02064599 0.00852000 -0.20463100
v -0.02064599 0.00852102 -0.20463100
v -0.02064599 0.00852102 -0.20463100
v -0.02064599 0.00852000 -0.20463100
v -0.02064599 0.00852000 -0.20463100
v -0.02064599 0.00852000 -0.20463100
v -0.02389099 0.00423598 -0.20640901
v -0.02345796 0.00884300 -0.20808799
v -0.02392097 0.00798201 -0.20850500
v -0.02373799 0.00855398 -0.20853300
v -0.02258797 0.00851500 -0.20845100
v -0.02359398 0.00876200 -0.20835300
v -0.02345796 0.00884300 -0.20808799
v -0.02359398 0.00876200 -0.20835300
v -0.02385594 0.00827199 -0.20858900
v -0.02285196 0.00823998 -0.20886700
v -0.02373799 0.00855398 -0.20853300
v -0.02385594 0.00827199 -0.20858900
v -0.02272196 0.00987701 -0.21052190
v -0.02285196 0.00823998 -0.20886700
v -0.02271499 0.00843799 -0.20869599
v -0.02296396 0.00797200 -0.20892000
v -0.02271499 0.00843799 -0.20869599
v -0.02296396 0.00797200 -0.20892000
v -0.02303000 0.00769400 -0.20885300
v -0.02303000 0.00769400 -0.20885300
v -0.02377798 0.00683498 -0.21043000
v -0.02300300 0.00409603 -0.20684200
v -0.02389099 0.00423598 -0.20640901
v -0.02303000 0.00769400 -0.20885300
v -0.02300300 0.00409603 -0.20684200
v -0.02392097 0.00798201 -0.20850500
v -0.02392097 0.00798201 -0.20850500
v -0.02386095 0.00397700 -0.20626800
v -0.02292998 0.00350403 -0.20651899
v -0.02385696 0.00350099 -0.20859900
v -0.02292998 0.00350403 -0.20651899
v -0.02390094 0.00439298 -0.20907999
v -0.02338495 0.00049203 -0.20700499
v -0.02229800 0.00049203 -0.20492890
v -0.02316995 0.00050300 -0.20443700
v -0.02229800 0.00049203 -0.20492890
v -0.02316995 0.00050300 -0.20443700
v -0.02386095 0.00397700 -0.20626800
v -0.02313198 0.00020098 -0.20436600
v -0.02226098 0.00020098 -0.20485900
v -0.02313198 0.00020098 -0.20436600
v -0.02316995 0.00050300 -0.20443700
v -0.02229800 0.00049203 -0.20492890
v -0.02316995 -0.00009997 -0.20443700
v -0.02316995 -0.00009997 -0.20443700
v -0.02292897 -0.00309891 -0.20652001
v -0.02316995 -0.00009997 -0.20443700
v -0.02229800 -0.00008997 -0.20492890
v -0.02386196 -0.00357294 -0.20626800
v -0.02229800 -0.00008997 -0.20492890
v -0.02215000 -0.00357396 -0.20316701
v -0.02386196 -0.00357294 -0.20626800
v -0.02146598 -0.00843996 -0.20415799
v -0.02013196 -0.01079893 -0.20386200
v -0.01973398 -0.01079893 -0.20320299
v -0.01842095 -0.00724191 -0.19850001
v -0.01902397 -0.00357491 -0.19811989
v -0.02389194 -0.00383193 -0.20641001
v -0.01902397 -0.00357491 -0.19811989
v -0.01804497 -0.00720591 -0.19814600
v -0.01864900 -0.00354392 -0.19776490
v -0.01842095 -0.00724191 -0.19850001
v -0.01902600 -0.00356097 -0.19811900
v -0.01922800 0.00019198 -0.19799000
v -0.01902600 -0.00356097 -0.19811900
v -0.01884897 0.00019198 -0.19763800
v -0.01922800 0.00019198 -0.19799000
v -0.01834394 0.00019198 -0.19752289
v -0.01864799 0.00394499 -0.19776399
v -0.01902499 0.00396102 -0.19811800
v -0.01902499 0.00396102 -0.19811800
v -0.01814498 0.00389903 -0.19764800
v -0.01814600 -0.00349892 -0.19764800
v -0.01784899 0.00019198 -0.19767600
v -0.01765396 0.00383698 -0.19779800
v -0.01765396 -0.00343693 -0.19779900
v -0.01784899 0.00019198 -0.19767600
v -0.01765396 -0.00343693 -0.19779900
v -0.01597800 -0.01033193 -0.19885400
v -0.01707299 -0.00697792 -0.19816490
v -0.00897398 -0.01655096 -0.20325700
v -0.01707299 -0.00697792 -0.19816490
v -0.01754995 -0.00710994 -0.19802301
v -0.01597800 -0.01033193 -0.19885400
v -0.01642295 -0.01056594 -0.19873201
v -0.01689197 -0.01073695 -0.19886901
v -0.01642098 -0.01056493 -0.19873201
v -0.01689197 -0.01073695 -0.19886901
v -0.01642098 -0.01056493 -0.19873201
v -0.01642295 -0.01056594 -0.19873201
v -0.01725896 -0.01079894 -0.19923000
v -0.01689895 -0.01073891 -0.19887391
v -0.01377698 -0.01503694 -0.20080900
v -0.01689895 -0.01073891 -0.19887391
v -0.01403298 -0.01521194 -0.20120900
v -0.00938495 -0.01735193 -0.20351801
v -0.01340099 -0.01473993 -0.20062401
v -0.01410295 -0.01515192 -0.20116700
v -0.01706399 -0.01518595 -0.20556700
v -0.01403298 -0.01521194 -0.20120900
v -0.01410295 -0.01515192 -0.20116700
v -0.00965800 -0.01751197 -0.20387200
v -0.00965800 -0.01751197 -0.20387200
v -0.01294394 -0.01795495 -0.20853600
v -0.00960596 -0.01752794 -0.20390401
v -0.00960596 -0.01752794 -0.20390401
v -0.01901795 -0.01506794 -0.20879200
v -0.01839497 -0.01507193 -0.20756300
v -0.01605095 -0.01779091 -0.21346700
v -0.00805094 -0.01914895 -0.21146500
v -0.01098897 -0.01929795 -0.21631500
v -0.01839497 -0.01507193 -0.20756300
v -0.02020897 -0.01045192 -0.20588491
v -0.01901795 -0.01506794 -0.20879200
v -0.02024998 -0.01031894 -0.20581900
v -0.01811298 -0.01506895 -0.20704700
v -0.01811298 -0.01506895 -0.20704700
v -0.02030595 -0.01018197 -0.20577900
v -0.02020897 -0.01045192 -0.20588491
v -0.02024998 -0.01031894 -0.20581900
v -0.02030595 -0.01018197 -0.20577900
v -0.02102097 -0.01079792 -0.20539500
v -0.02013196 -0.00947595 -0.20479500
v -0.02046199 -0.00992692 -0.20580100
v -0.02108796 -0.01063496 -0.20534299
v -0.02125295 -0.01036096 -0.20536301
v -0.02046199 -0.00992692 -0.20580100
v -0.02064695 -0.00973696 -0.20594900
v -0.02144499 -0.01015795 -0.20551200
v -0.02161898 -0.01007796 -0.20575701
v -0.02125295 -0.01036096 -0.20536301
v -0.02144499 -0.01015795 -0.20551200
v -0.02108796 -0.01063496 -0.20534299
v -0.02161898 -0.01007796 -0.20575701
v -0.02247794 -0.00966192 -0.20997600
v -0.02333697 -0.01007796 -0.20969200
v -0.02229597 -0.01079792 -0.20792701
v -0.02333697 -0.01007796 -0.20969200
v -0.02081700 -0.00966394 -0.20619001
v -0.02161898 -0.01007796 -0.20575701
v -0.02081700 -0.00966394 -0.20619001
v -0.02081700 -0.00966394 -0.20619001
v -0.02272494 -0.00947196 -0.21052300
v -0.02247794 -0.00966192 -0.20997600
v -0.02073796 -0.00968093 -0.20606001
v -0.02073796 -0.00968093 -0.20606001
v -0.02267696 -0.00952292 -0.21676590
v -0.02302195 -0.00967396 -0.21320591
v -0.02349796 -0.00807792 -0.21151801
v -0.02262397 -0.01045996 -0.21276900
v -0.02240600 -0.01014096 -0.21055900
v -0.02272596 -0.01024694 -0.21271300
v -0.02248098 -0.00992394 -0.21042600
v -0.02259000 -0.00810993 -0.20845200
v -0.02271594 -0.00803495 -0.20869801
v -0.02302595 -0.00729496 -0.20884501
v -0.02377899 -0.00643093 -0.21043100
v -0.02296497 -0.00756794 -0.20892100
v -0.02282895 -0.01003695 -0.21272200
v -0.02292396 -0.00984896 -0.21281800
v -0.02299597 -0.00971496 -0.21299200
v -0.02285298 -0.00783593 -0.20886800
v -0.02301599 -0.00967992 -0.21309599
v -0.02251299 -0.00978792 -0.21030000
v -0.02350296 -0.00798196 -0.21135600
v -0.02353098 -0.00783795 -0.21123991
v -0.02251198 -0.00969392 -0.21013901
v -0.02377899 -0.00643093 -0.21043100
v -0.02446099 -0.00815296 -0.21105801
v -0.02353098 -0.00783795 -0.21123991
v -0.02300199 -0.00369192 -0.20684300
v -0.02389999 -0.00398791 -0.20908091
v -0.02483096 -0.00414092 -0.20875900
v -0.02389999 -0.00398791 -0.20908091
v -0.02569397 -0.00272495 -0.21151000
v -0.02446099 -0.00815296 -0.21105801
v -0.02483096 -0.00414092 -0.20875900
v -0.02444496 -0.00843895 -0.21153191
v -0.02442898 -0.00840396 -0.21135900
v -0.02443298 -0.00830394 -0.21118499
v -0.02443298 -0.00830394 -0.21118499
v -0.02353098 -0.00783795 -0.21123991
v -0.02446099 -0.00815296 -0.21105801
v -0.02561196 -0.00387794 -0.21447600
v -0.02579995 -0.00272495 -0.21382301
v -0.02593197 -0.00009897 -0.21231291
v -0.02592798 0.00020301 -0.21223301
v -0.02428796 -0.00009897 -0.20657600
v -0.02473696 -0.00272495 -0.20798001
v -0.02569397 0.00312900 -0.21150900
v -0.02473696 -0.00272495 -0.20798001
v -0.02385696 -0.00309593 -0.20859900
v -0.02338495 -0.00008997 -0.20700499
v -0.02428796 -0.00009897 -0.20657600
v -0.02385696 -0.00309593 -0.20859900
v -0.02292897 -0.00309891 -0.20652001
v -0.02338495 -0.00008997 -0.20700499
v -0.02229800 -0.00008997 -0.20492890
v -0.02335300 0.00020200 -0.20693600
v -0.02428796 -0.00009897 -0.20657600
v -0.02338495 -0.00008997 -0.20700499
v -0.02335300 0.00020200 -0.20693600
v -0.02338495 0.00049203 -0.20700499
v -0.02425500 0.00020200 -0.20650400
v -0.02428796 0.00050300 -0.20657600
v -0.02428796 0.00050300 -0.20657600
v -0.02425500 0.00020200 -0.20650400
v -0.02338495 0.00049203 -0.20700499
v -0.02473696 0.00312900 -0.20797899
v -0.02428796 0.00050300 -0.20657600
v -0.02473696 0.00312900 -0.20797899
v -0.02385696 0.00350099 -0.20859900
v -0.02482994 0.00454598 -0.20875899
v -0.02482994 0.00454598 -0.20875899
v -0.02390094 0.00439298 -0.20907999
v -0.02445998 0.00855803 -0.21105701
v -0.02377798 0.00683498 -0.21043000
v -0.02445998 0.00855803 -0.21105701
v -0.02352895 0.00824403 -0.21123700
v -0.02443196 0.00870901 -0.21118399
v -0.02445998 0.00855803 -0.21105701
v -0.02352895 0.00824403 -0.21123700
v -0.02442797 0.00880903 -0.21135689
v -0.02443196 0.00870901 -0.21118399
v -0.02444394 0.00884401 -0.21153000
v -0.02351196 0.00851601 -0.21169700
v -0.02444394 0.00884401 -0.21153000
v -0.02349599 0.00848204 -0.21151599
v -0.02444800 0.00884401 -0.21155400
v -0.02561196 0.00428301 -0.21447501
v -0.02444800 0.00884401 -0.21155400
v -0.02442797 0.00880903 -0.21135689
v -0.02267297 0.00992900 -0.21676500
v -0.02349599 0.00848204 -0.21151599
v -0.02351196 0.00851601 -0.21169700
v -0.02350195 0.00838601 -0.21135500
v -0.02350195 0.00838601 -0.21135500
v -0.02352895 0.00824403 -0.21123700
v -0.02303000 0.01007199 -0.21320499
v -0.02366795 0.00580203 -0.21739299
v -0.02396800 0.00491500 -0.21694399
v -0.02346398 0.00792700 -0.21631200
v -0.02339198 0.00854403 -0.21576699
v -0.02336599 0.00848800 -0.21599001
v -0.02248498 0.01011699 -0.21718290
v -0.02260299 0.01010900 -0.21675689
v -0.02237799 0.01019400 -0.21743500
v -0.02171697 0.00996399 -0.21936101
v -0.02115699 0.01089602 -0.21975490
v -0.02336999 0.00835001 -0.21617290
v -0.02340497 0.00815099 -0.21628500
v -0.02432396 0.00879299 -0.21619500
v -0.02336599 0.00848800 -0.21599001
v -0.02336999 0.00835001 -0.21617290
v -0.02432599 0.00864702 -0.21639290
v -0.02340497 0.00815099 -0.21628500
v -0.02436097 0.00843799 -0.21651600
v -0.02432599 0.00864702 -0.21639290
v -0.02435495 0.00884402 -0.21595900
v -0.02432396 0.00879299 -0.21619500
v -0.02436097 0.00843799 -0.21651600
v -0.02449997 0.00798201 -0.21648399
v -0.02442195 0.00820398 -0.21654589
v -0.02442195 0.00820398 -0.21654589
v -0.02459796 0.00413900 -0.21437900
v -0.02449997 0.00798201 -0.21648399
v -0.02353700 0.00772303 -0.21625000
v -0.02353700 0.00772303 -0.21625000
v -0.02449997 0.00798201 -0.21648399
v -0.02561196 0.00428301 -0.21447501
v -0.02353700 0.00772303 -0.21625000
v -0.02459796 0.00413900 -0.21437900
v -0.02471198 0.00350403 -0.21403600
v -0.02436097 0.00351101 -0.21621899
v -0.02471198 0.00350403 -0.21403600
v -0.02485098 0.00049400 -0.21459290
v -0.02436097 0.00351101 -0.21621899
v -0.02587398 0.00050401 -0.21472199
v -0.02485098 0.00049400 -0.21459290
v -0.02527096 0.00393003 -0.21663400
v -0.02396800 0.00491500 -0.21694399
v -0.02291699 0.00393003 -0.22178800
v -0.02587398 0.00050401 -0.21472199
v -0.02527096 0.00393003 -0.21663400
v -0.02461298 0.00599003 -0.21771499
v -0.02461298 0.00599003 -0.21771499
v -0.02171697 0.00996399 -0.21936101
v -0.02366795 0.00580203 -0.21739299
v -0.02200099 0.01120299 -0.22016790
v -0.02200099 0.01120299 -0.22016790
v -0.02160897 0.01120299 -0.22090199
v -0.02198400 0.01122999 -0.22018000
v -0.02160897 0.01120299 -0.22090199
v -0.02200099 0.01120299 -0.22016790
v -0.02198400 0.01122999 -0.22018000
v -0.02115699 0.01089602 -0.21975490
v -0.01911499 0.01486903 -0.22142599
v -0.01911499 0.01486903 -0.22142599
v -0.01800795 0.01596003 -0.22158099
v -0.01920595 0.01320898 -0.22306500
v -0.01800795 0.01596003 -0.22158099
v -0.01887395 0.01582503 -0.22016790
v -0.01800795 0.01596003 -0.22158099
v -0.01840695 0.01674103 -0.21857100
v -0.01887395 0.01582503 -0.22016790
v -0.01350297 0.01874900 -0.22142900
v -0.01585098 0.01510703 -0.22543789
v -0.01585098 0.01510703 -0.22543789
v -0.01711394 0.01243299 -0.22451700
v -0.01776000 0.01271003 -0.22513599
v -0.01776000 0.01271003 -0.22513599
v -0.01465895 0.01636499 -0.22533700
v -0.01472594 0.01629901 -0.22534899
v -0.01472594 0.01629901 -0.22534899
v -0.01654800 0.01102298 -0.22566600
v -0.01869597 0.01002300 -0.22383800
v -0.01711394 0.01243299 -0.22451700
v -0.01380797 0.01534503 -0.22644400
v -0.01465895 0.01636499 -0.22533700
v -0.01882197 0.01120299 -0.22474900
v -0.01869597 0.01002300 -0.22383800
v -0.02030094 0.00884503 -0.22398899
v -0.02030094 0.00884503 -0.22398899
v -0.01900699 0.01120299 -0.22453990
v -0.01882197 0.01120299 -0.22474900
v -0.01882197 0.01120299 -0.22474900
v -0.01900699 0.01120299 -0.22453990
v -0.02140995 0.01120299 -0.22124600
v -0.02140995 0.01120299 -0.22124600
v -0.01959296 0.00393003 -0.22588900
v -0.01943095 0.00426501 -0.22600900
v -0.01746096 0.00798303 -0.22717300
v -0.01770099 0.00884503 -0.22673000
v -0.01955195 0.00862401 -0.22337290
v -0.01955195 0.00862401 -0.22337290
v -0.01770099 0.00884503 -0.22673000
v -0.02030094 0.00884503 -0.22398899
v -0.01703300 0.00864202 -0.22601400
v -0.01703300 0.00864202 -0.22601400
v -0.01749899 0.00876599 -0.22693691
v -0.01770099 0.00884503 -0.22673000
v -0.01736297 0.00826502 -0.22719100
v -0.01749899 0.00876599 -0.22693691
v -0.01680197 0.00780701 -0.22644099
v -0.01736297 0.00826502 -0.22719100
v -0.01670994 0.00808000 -0.22645600
v -0.01746096 0.00798303 -0.22717300
v -0.01737495 0.00855201 -0.22710700
v -0.01737495 0.00855201 -0.22710700
v -0.01672097 0.00835901 -0.22637400
v -0.01482095 0.01005304 -0.22747800
v -0.01680197 0.00780701 -0.22644099
v -0.01670994 0.00808000 -0.22645600
v -0.01672097 0.00835901 -0.22637400
v -0.01430996 0.00865203 -0.22824700
v -0.00963499 0.01005304 -0.23073700
v -0.01228197 0.01024699 -0.22920100
v -0.01478894 0.01024103 -0.22744500
v -0.01637794 0.01023000 -0.22611400
v -0.01684095 0.00856703 -0.22620989
v -0.01703300 0.00864202 -0.22601400
v -0.01454695 0.00857699 -0.22809100
v -0.01473494 0.00837403 -0.22799900
v -0.01516898 0.00762904 -0.22783600
v -0.01513298 0.00876802 -0.22887800
v -0.01454695 0.00857699 -0.22809100
v -0.01489099 0.00884503 -0.22903800
v -0.01473494 0.00837403 -0.22799900
v -0.01430996 0.00865203 -0.22824700
v -0.01430996 0.00865203 -0.22824700
v -0.01298894 0.00884503 -0.23032589
v -0.01489099 0.00884503 -0.22903800
v -0.01337196 0.00310004 -0.23093601
v -0.01489099 0.00884503 -0.22903800
v -0.01298894 0.00884503 -0.23032589
v -0.01532896 0.00855899 -0.22878100
v -0.01513298 0.00876802 -0.22887800
v -0.01532896 0.00855899 -0.22878100
v -0.01516898 0.00762904 -0.22783600
v -0.01473494 0.00837403 -0.22799900
v -0.01753696 0.00455302 -0.22773200
v -0.01532896 0.00855899 -0.22878100
v -0.01753696 0.00455302 -0.22773200
v -0.01688798 0.00445700 -0.22697601
v -0.01735999 0.00350898 -0.22667190
v -0.01825799 0.00310004 -0.22725400
v -0.01825799 0.00310004 -0.22725400
v -0.01872196 0.00049800 -0.22556999
v -0.01942595 0.00050503 -0.22628100
v -0.01942595 0.00050503 -0.22628100
v -0.01942595 0.00050503 -0.22628100
v -0.01877995 0.00020301 -0.22551391
v -0.01872196 0.00049800 -0.22556999
v -0.01942595 -0.00009796 -0.22628100
v -0.01948394 0.00020301 -0.22622500
v -0.01948394 0.00020301 -0.22622500
v -0.02033200 -0.00009096 -0.22386201
v -0.01872196 0.00049800 -0.22556999
v -0.01877995 0.00020301 -0.22551391
v -0.01942595 -0.00009796 -0.22628100
v -0.01872196 -0.00009096 -0.22556999
v -0.01872196 -0.00009096 -0.22556999
v -0.02032598 0.00049203 -0.22386900
v -0.01904299 -0.00309795 -0.22506800
v -0.02107700 -0.00009796 -0.22452000
v -0.02033200 -0.00009096 -0.22386201
v -0.01904299 -0.00309795 -0.22506800
v -0.02033200 -0.00009096 -0.22386201
v -0.02112998 0.00020301 -0.22446001
v -0.02037599 0.00020301 -0.22381289
v -0.02107700 -0.00009796 -0.22452000
v -0.02037599 0.00020301 -0.22381289
v -0.01904096 0.00350600 -0.22506800
v -0.02032598 0.00049203 -0.22386900
v -0.02107700 0.00050503 -0.22452000
v -0.02107700 0.00050503 -0.22452000
v -0.01904096 0.00350600 -0.22506800
v -0.02032598 0.00049203 -0.22386900
v -0.02107700 0.00050503 -0.22452000
v -0.02112998 0.00020301 -0.22446001
v -0.01959296 0.00393003 -0.22588900
v -0.01735999 0.00350898 -0.22667190
v -0.01872500 0.00417203 -0.22530700
v -0.01872500 0.00417203 -0.22530700
v -0.01746096 0.00798303 -0.22717300
v -0.01680197 0.00780701 -0.22644099
v -0.01688798 0.00445700 -0.22697601
v -0.01943095 0.00426501 -0.22600900
v -0.01959397 -0.00352293 -0.22588900
v -0.02107700 -0.00009796 -0.22452000
v -0.02291794 -0.00352395 -0.22178900
v -0.01959397 -0.00352293 -0.22588900
v -0.02461298 -0.00558394 -0.21771599
v -0.02527197 -0.00352395 -0.21663401
v -0.02587398 -0.00009797 -0.21472199
v -0.02030196 -0.00843793 -0.22398999
v -0.01900699 -0.01079691 -0.22454401
v -0.02141096 -0.01079691 -0.22124800
v -0.02161099 -0.01079691 -0.22090200
v -0.02200200 -0.01079691 -0.22017001
v -0.02171995 -0.00955695 -0.21936301
v -0.02200200 -0.01079691 -0.22017001
v -0.02198495 -0.01082391 -0.22018200
v -0.02461298 -0.00558394 -0.21771599
v -0.02161099 -0.01079691 -0.22090200
v -0.02198495 -0.01082391 -0.22018200
v -0.02200200 -0.01079691 -0.22017001
v -0.02115496 -0.01048893 -0.21975601
v -0.01911499 -0.01446491 -0.22143001
v -0.01911499 -0.01446491 -0.22143001
v -0.01920595 -0.01280492 -0.22306790
v -0.01800998 -0.01555394 -0.22158501
v -0.01800998 -0.01555394 -0.22158501
v -0.01887496 -0.01542091 -0.22017201
v -0.02115496 -0.01048893 -0.21975601
v -0.01800998 -0.01555394 -0.22158501
v -0.01840695 -0.01633792 -0.21857301
v -0.01887496 -0.01542091 -0.22017201
v -0.01350095 -0.01834493 -0.22143200
v -0.01585098 -0.01470196 -0.22544100
v -0.02033599 -0.01518292 -0.21524701
v -0.02223100 -0.01303195 -0.21529500
v -0.01903595 -0.01539593 -0.21986500
v -0.02033200 -0.01511693 -0.21335300
v -0.01903595 -0.01539593 -0.21986500
v -0.02224495 -0.00998897 -0.21760491
v -0.02272196 -0.01103496 -0.21824600
v -0.02224495 -0.00998897 -0.21760491
v -0.01903595 -0.01539593 -0.21986500
v -0.02272196 -0.01103496 -0.21824600
v -0.02287098 -0.01079691 -0.21812900
v -0.02287098 -0.01079691 -0.21812900
v -0.02287098 -0.01079691 -0.21812900
v -0.02339299 -0.01007694 -0.21745600
v -0.02313997 -0.01034892 -0.21790300
v -0.02362897 -0.01079792 -0.21360201
v -0.02362897 -0.01079792 -0.21360201
v -0.02313997 -0.01034892 -0.21790300
v -0.02323099 -0.01021093 -0.21780101
v -0.02323099 -0.01021093 -0.21780101
v -0.02233495 -0.00984496 -0.21750900
v -0.02313997 -0.01034892 -0.21790300
v -0.02224495 -0.00998897 -0.21760491
v -0.02332099 -0.01011294 -0.21764501
v -0.02241995 -0.00974894 -0.21736200
v -0.02233495 -0.00984496 -0.21750900
v -0.02241995 -0.00974894 -0.21736200
v -0.02339299 -0.01007694 -0.21745600
v -0.02332099 -0.01011294 -0.21764501
v -0.02248694 -0.00971192 -0.21718401
v -0.02248694 -0.00971192 -0.21718401
v -0.02339299 -0.01007694 -0.21745600
v -0.02260597 -0.00970394 -0.21675800
v -0.02248694 -0.00971192 -0.21718401
v -0.02260597 -0.00970394 -0.21675800
v -0.02395596 -0.01007694 -0.21317901
v -0.02302195 -0.00967396 -0.21320591
v -0.02395596 -0.01007694 -0.21317901
v -0.02301599 -0.00967992 -0.21309599
v -0.02302195 -0.00967396 -0.21320591
v -0.02299597 -0.00971496 -0.21299200
v -0.02392097 -0.01012993 -0.21293800
v -0.02395596 -0.01007694 -0.21317901
v -0.02362897 -0.01069796 -0.21263100
v -0.02384200 -0.01027394 -0.21274901
v -0.02392097 -0.01012993 -0.21293800
v -0.02384200 -0.01027394 -0.21274901
v -0.02292396 -0.00984896 -0.21281800
v -0.02373900 -0.01047492 -0.21264300
v -0.02282895 -0.01003695 -0.21272200
v -0.02373900 -0.01047492 -0.21264300
v -0.02272596 -0.01024694 -0.21271300
v -0.02362897 -0.01069796 -0.21263100
v -0.02353998 -0.01088494 -0.21270201
v -0.02358099 -0.01079792 -0.21265800
v -0.02358099 -0.01079792 -0.21265800
v -0.02353998 -0.01088494 -0.21270201
v -0.02358099 -0.01079792 -0.21265800
v -0.02262397 -0.01045996 -0.21276900
v -0.02192100 -0.01350296 -0.21430901
v -0.02262397 -0.01045996 -0.21276900
v -0.02353998 -0.01088494 -0.21270201
v -0.02192100 -0.01350296 -0.21430901
v -0.02033599 -0.01518292 -0.21524701
v -0.02033200 -0.01511693 -0.21335300
v -0.02033599 -0.01518292 -0.21524701
v -0.02127399 -0.01411295 -0.21268600
v -0.02240600 -0.01014096 -0.21055900
v -0.02033200 -0.01511693 -0.21335300
v -0.02008798 -0.01470197 -0.21034691
v -0.02127399 -0.01411295 -0.21268600
v -0.02319099 -0.01079792 -0.21045800
v -0.02319099 -0.01079792 -0.21045800
v -0.02334597 -0.01034993 -0.21017300
v -0.02319099 -0.01079792 -0.21045800
v -0.02229597 -0.01079792 -0.20792701
v -0.02334597 -0.01034993 -0.21017300
v -0.02251299 -0.00978792 -0.21030000
v -0.02334597 -0.01034993 -0.21017300
v -0.02338000 -0.01021195 -0.21005300
v -0.02337899 -0.01011193 -0.20988201
v -0.02338000 -0.01021195 -0.21005300
v -0.02248098 -0.00992394 -0.21042600
v -0.02248098 -0.00992394 -0.21042600
v -0.02251198 -0.00969392 -0.21013901
v -0.02337899 -0.01011193 -0.20988201
v -0.02247794 -0.00966192 -0.20997600
v -0.02333697 -0.01007796 -0.20969200
v -0.01910796 -0.01495797 -0.20868901
v -0.01910796 -0.01495797 -0.20868901
v -0.02020897 -0.01045192 -0.20588491
v -0.02099695 -0.01088596 -0.20544601
v -0.01901795 -0.01506794 -0.20879200
v -0.02099695 -0.01088596 -0.20544601
v -0.02099695 -0.01088596 -0.20544601
v -0.02102097 -0.01079792 -0.20539500
v -0.01711394 -0.01202595 -0.22451800
v -0.01585098 -0.01470196 -0.22544100
v -0.01776095 -0.01230293 -0.22513901
v -0.01776095 -0.01230293 -0.22513901
v -0.01465996 -0.01595794 -0.22534101
v -0.01472499 -0.01589596 -0.22535201
v -0.01472499 -0.01589596 -0.22535201
v -0.01711394 -0.01202595 -0.22451800
v -0.01381000 -0.01493793 -0.22644700
v -0.01465996 -0.01595794 -0.22534101
v -0.01359900 -0.01602691 -0.22623201
v -0.00872298 -0.01898193 -0.22352700
v -0.01465996 -0.01595794 -0.22534101
v -0.01314195 -0.01604592 -0.22658600
v -0.01359900 -0.01602691 -0.22623201
v -0.00872197 -0.01898294 -0.22352501
v -0.00872298 -0.01898193 -0.22352700
v -0.00476398 -0.01834290 -0.22692700
v -0.00872197 -0.01898294 -0.22352501
v -0.01016297 -0.01795291 -0.22581700
v -0.01016297 -0.01795291 -0.22581700
v -0.01136394 -0.01615494 -0.22772800
v -0.01136394 -0.01615494 -0.22772800
v -0.00955297 -0.01604693 -0.22883900
v -0.01136496 -0.01615392 -0.22772900
v -0.01360096 -0.01557093 -0.22670101
v -0.01484295 -0.01412790 -0.22681900
v -0.01136496 -0.01615392 -0.22772900
v -0.01484295 -0.01412790 -0.22681900
v -0.01654698 -0.01062292 -0.22566500
v -0.01720997 -0.01088392 -0.22636691
v -0.01381000 -0.01493793 -0.22644700
v -0.01720997 -0.01088392 -0.22636691
v -0.01448299 -0.01079691 -0.22866200
v -0.01360096 -0.01557093 -0.22670101
v -0.01270898 -0.01079690 -0.22986600
v -0.01448299 -0.01079691 -0.22866200
v -0.01703300 -0.01007694 -0.22683101
v -0.01280095 -0.01007593 -0.23002601
v -0.01732298 -0.01063293 -0.22635900
v -0.01726295 -0.01079691 -0.22635201
v -0.01726295 -0.01079691 -0.22635201
v -0.01270898 -0.01079690 -0.22986600
v -0.01280095 -0.01007593 -0.23002601
v -0.01479097 -0.00983596 -0.22744700
v -0.01228400 -0.00983995 -0.22920300
v -0.00961997 -0.00983596 -0.23069599
v -0.00808498 -0.01007694 -0.23245301
v -0.00808498 -0.01007694 -0.23245301
v -0.01085200 -0.01079595 -0.23094399
v -0.01703300 -0.01007694 -0.22683101
v -0.01270296 -0.01079690 -0.22987001
v -0.01085200 -0.01079595 -0.23094399
v -0.00758996 -0.01088493 -0.23241100
v -0.00902798 -0.01413792 -0.23046701
v -0.01270296 -0.01079690 -0.22987001
v -0.00753399 -0.01063293 -0.23250900
v -0.00755396 -0.01079690 -0.23245201
v -0.00755396 -0.01079690 -0.23245201
v -0.00753399 -0.01063293 -0.23250900
v -0.00718995 -0.01036096 -0.23160900
v -0.00755396 -0.01079690 -0.23245201
v -0.00758996 -0.01088493 -0.23241100
v -0.00725099 -0.01061892 -0.23150700
v -0.00718995 -0.01036096 -0.23160900
v -0.00467398 -0.00961691 -0.23265301
v -0.00725099 -0.01061892 -0.23150700
v -0.00761297 -0.01035595 -0.23256101
v -0.00726500 -0.01009494 -0.23165891
v -0.00726500 -0.01009494 -0.23165891
v -0.00596698 -0.01202696 -0.23151989
v -0.00772198 -0.00982791 -0.23155300
v -0.00758996 -0.00984395 -0.23160300
v -0.00963594 -0.00964695 -0.23074000
v -0.00543698 -0.01079690 -0.23316200
v -0.00467398 -0.00961691 -0.23265301
v -0.00411596 -0.00843793 -0.23416300
v -0.00596698 -0.01202696 -0.23151989
v -0.00388595 -0.00821793 -0.23322091
v -0.00734898 -0.00823593 -0.23210000
v -0.00388595 -0.00821793 -0.23322091
v -0.00746294 -0.00989693 -0.23163800
v -0.00746294 -0.00989693 -0.23163800
v -0.00808498 -0.01007694 -0.23245301
v -0.00758996 -0.00984395 -0.23160300
v -0.00772198 -0.00982791 -0.23155300
v -0.00760999 -0.00815993 -0.23201200
v -0.00780996 -0.00795293 -0.23197401
v -0.00788798 -0.00767291 -0.23199991
v -0.00783398 -0.00739992 -0.23207700
v -0.01228400 -0.00983995 -0.22920300
v -0.01482399 -0.00964695 -0.22748099
v -0.01431097 -0.00824493 -0.22824900
v -0.00961997 -0.00983596 -0.23069599
v -0.00980600 -0.00723791 -0.23120500
v -0.01013400 -0.00796694 -0.23089101
v -0.01054295 -0.00824493 -0.23061600
v -0.01029899 -0.00816995 -0.23076201
v -0.01054295 -0.00824493 -0.23061600
v -0.01431097 -0.00824493 -0.22824900
v -0.01299097 -0.00843793 -0.23032799
v -0.01100298 -0.00843793 -0.23148200
v -0.01100298 -0.00843793 -0.23148200
v -0.01029899 -0.00816995 -0.23076201
v -0.01054295 -0.00824493 -0.23061600
v -0.01489194 -0.00843793 -0.22903900
v -0.01489194 -0.00843793 -0.22903900
v -0.01337196 -0.00269294 -0.23093601
v -0.01299097 -0.00843793 -0.23032799
v -0.01100298 -0.00843793 -0.23148200
v -0.00867798 -0.00414491 -0.23329900
v -0.00793495 -0.00269294 -0.23374000
v -0.01058199 -0.00815195 -0.23176600
v -0.01532998 -0.00815195 -0.22878300
v -0.01753797 -0.00414491 -0.22773200
v -0.00655194 -0.00009796 -0.23436990
v -0.01825799 -0.00269294 -0.22725400
v -0.01058199 -0.00815195 -0.23176600
v -0.00980600 -0.00723791 -0.23120500
v -0.01013400 -0.00796694 -0.23089101
v -0.00867798 -0.00414491 -0.23329900
v -0.01075395 -0.00836092 -0.23163100
v -0.01013400 -0.00796694 -0.23089101
v -0.01075395 -0.00836092 -0.23163100
v -0.01058199 -0.00815195 -0.23176600
v -0.01753797 -0.00414491 -0.22773200
v -0.01517000 -0.00722194 -0.22783700
v -0.01688899 -0.00404996 -0.22697701
v -0.01736094 -0.00310195 -0.22667190
v -0.01532998 -0.00815195 -0.22878300
v -0.01825799 -0.00269294 -0.22725400
v -0.01736094 -0.00310195 -0.22667190
v -0.01872595 -0.00376493 -0.22530800
v -0.01872196 -0.00009096 -0.22556999
v -0.01688899 -0.00404996 -0.22697701
v -0.01746197 -0.00757593 -0.22717489
v -0.01872595 -0.00376493 -0.22530800
v -0.01680597 -0.00740194 -0.22644000
v -0.01680597 -0.00740194 -0.22644000
v -0.01943197 -0.00385892 -0.22601000
v -0.01943197 -0.00385892 -0.22601000
v -0.01746197 -0.00757593 -0.22717489
v -0.01680597 -0.00740194 -0.22644000
v -0.01736398 -0.00785792 -0.22719289
v -0.01746197 -0.00757593 -0.22717489
v -0.01737596 -0.00814491 -0.22710800
v -0.01736398 -0.00785792 -0.22719289
v -0.01770194 -0.00843793 -0.22673200
v -0.01749994 -0.00835896 -0.22693899
v -0.01703395 -0.00823593 -0.22601600
v -0.01770194 -0.00843793 -0.22673200
v -0.01955296 -0.00821793 -0.22337499
v -0.01770194 -0.00843793 -0.22673200
v -0.01703395 -0.00823593 -0.22601600
v -0.02030196 -0.00843793 -0.22398999
v -0.01749994 -0.00835896 -0.22693899
v -0.01684197 -0.00816095 -0.22621200
v -0.01737596 -0.00814491 -0.22710800
v -0.01672198 -0.00795293 -0.22637500
v -0.01684197 -0.00816095 -0.22621200
v -0.01703395 -0.00823593 -0.22601600
v -0.01672198 -0.00795293 -0.22637500
v -0.01671197 -0.00767392 -0.22645600
v -0.01671197 -0.00767392 -0.22645600
v -0.01869698 -0.00961691 -0.22383990
v -0.02030196 -0.00843793 -0.22398999
v -0.01955296 -0.00821793 -0.22337499
v -0.01869698 -0.00961691 -0.22383990
v -0.01955296 -0.00821793 -0.22337499
v -0.01882400 -0.01079691 -0.22475091
v -0.01637997 -0.00982791 -0.22611500
v -0.01656796 -0.00989693 -0.22591791
v -0.01654698 -0.01062292 -0.22566500
v -0.01666196 -0.01036096 -0.22565900
v -0.01667400 -0.01009393 -0.22574800
v -0.01703300 -0.01007694 -0.22683101
v -0.01656796 -0.00989693 -0.22591791
v -0.01637997 -0.00982791 -0.22611500
v -0.01733496 -0.01035595 -0.22645301
v -0.01667400 -0.01009393 -0.22574800
v -0.01722499 -0.01014894 -0.22663000
v -0.01733496 -0.01035595 -0.22645301
v -0.01722499 -0.01014894 -0.22663000
v -0.01666196 -0.01036096 -0.22565900
v -0.01732298 -0.01063293 -0.22635900
v -0.01720997 -0.01088392 -0.22636691
v -0.01654698 -0.01062292 -0.22566500
v -0.01479097 -0.00983596 -0.22744700
v -0.01637997 -0.00982791 -0.22611500
v -0.01882400 -0.01079691 -0.22475091
v -0.01900699 -0.01079691 -0.22454401
v -0.01882400 -0.01079691 -0.22475091
v -0.01517000 -0.00722194 -0.22783700
v -0.01473596 -0.00796694 -0.22800090
v -0.01473596 -0.00796694 -0.22800090
v -0.01454796 -0.00817096 -0.22809200
v -0.01513400 -0.00836092 -0.22888000
v -0.01473596 -0.00796694 -0.22800090
v -0.01532998 -0.00815195 -0.22878300
v -0.01454796 -0.00817096 -0.22809200
v -0.01489194 -0.00843793 -0.22903900
v -0.01431097 -0.00824493 -0.22824900
v -0.01513400 -0.00836092 -0.22888000
v -0.00793495 -0.00269294 -0.23374000
v -0.00779995 -0.00310194 -0.23267899
v -0.00621500 -0.00009196 -0.23342800
v -0.00655194 -0.00009796 -0.23436990
v -0.00827899 -0.00404996 -0.23238590
v -0.00621500 -0.00009196 -0.23342800
v -0.00562599 -0.00309890 -0.23349801
v -0.00779995 -0.00310194 -0.23267899
v -0.00597896 -0.00376493 -0.23331600
v -0.00827899 -0.00404996 -0.23238590
v -0.00597896 -0.00376493 -0.23331600
v -0.00820895 -0.00757593 -0.23298790
v -0.00783398 -0.00739992 -0.23207700
v -0.00630494 -0.00385892 -0.23425791
v -0.00612595 -0.00352394 -0.23435099
v -0.00562599 -0.00309890 -0.23349801
v -0.00630494 -0.00385892 -0.23425791
v -0.00411596 -0.00843793 -0.23416300
v -0.00820895 -0.00757593 -0.23298790
v -0.00612595 -0.00352394 -0.23435099
v -0.00425198 -0.00009796 -0.23509200
v -0.00425198 -0.00009796 -0.23509200
v -0.00100597 -0.00352394 -0.23556390
v -0.00517996 -0.01079690 -0.23323500
v -0.00100597 0.00393003 -0.23556299
v 0.00662897 -0.00009796 -0.23517001
v 0.00338999 -0.00558293 -0.23532800
v 0.00464699 -0.00352394 -0.23545300
v 0.00005100 -0.01079690 -0.23403700
v -0.00117996 -0.01079690 -0.23397090
v 0.00670496 0.00020301 -0.23514600
v 0.00630096 -0.00008896 -0.23419400
v 0.00662897 -0.00009796 -0.23517001
v 0.00662897 0.00050402 -0.23517001
v 0.00670496 0.00020301 -0.23514600
v 0.00462798 -0.00310391 -0.23445500
v 0.00662897 -0.00009796 -0.23517001
v 0.00630096 -0.00008896 -0.23419400
v 0.00464699 -0.00352394 -0.23545300
v 0.00630096 -0.00008896 -0.23419400
v 0.00832800 0.00049299 -0.23330300
v 0.00832800 -0.00008896 -0.23330300
v 0.00636694 0.00020301 -0.23417400
v 0.00674496 -0.00309795 -0.23382691
v 0.00462798 -0.00310391 -0.23445500
v 0.00636694 0.00020301 -0.23417400
v 0.00674496 -0.00309795 -0.23382691
v 0.00740699 -0.00272494 -0.23471500
v 0.00673697 -0.00387895 -0.23482791
v 0.00638596 -0.00373495 -0.23387300
v 0.00832800 -0.00008896 -0.23330300
v 0.00638596 -0.00373495 -0.23387300
v 0.00382499 -0.00447494 -0.23441599
v 0.00423995 -0.00731695 -0.23372600
v 0.00444696 -0.00757694 -0.23469500
v 0.00423995 -0.00731695 -0.23372600
v 0.00435797 -0.00779796 -0.23465100
v 0.00423995 -0.00731695 -0.23372600
v 0.00444696 -0.00757694 -0.23469500
v 0.00415394 -0.00752091 -0.23368789
v 0.00415394 -0.00752091 -0.23368789
v 0.00342498 -0.00952196 -0.23316901
v 0.00415198 -0.00774491 -0.23362300
v 0.00415198 -0.00774491 -0.23362300
v 0.00423799 -0.00794393 -0.23354299
v 0.00445197 -0.00823992 -0.23449899
v 0.00423799 -0.00794393 -0.23354299
v 0.00435797 -0.00803095 -0.23458301
v 0.00444696 -0.00757694 -0.23469500
v 0.00435797 -0.00803095 -0.23458301
v 0.00435797 -0.00779796 -0.23465100
v 0.00485698 -0.00843894 -0.23433800
v 0.00462899 -0.00838596 -0.23441200
v 0.00445197 -0.00823992 -0.23449899
v 0.00886498 -0.00843894 -0.23251800
v 0.00461099 -0.00813794 -0.23338901
v 0.00485698 -0.00843894 -0.23433800
v 0.00439999 -0.00808293 -0.23346099
v 0.00485698 -0.00843894 -0.23433800
v 0.00461099 -0.00813794 -0.23338901
v 0.00673697 -0.00387895 -0.23482791
v 0.00462899 -0.00838596 -0.23441200
v 0.00886498 -0.00843894 -0.23251800
v 0.00833199 -0.00810993 -0.23173800
v 0.00889496 -0.00843894 -0.23249701
v 0.00833199 -0.00810993 -0.23173800
v 0.00886498 -0.00843894 -0.23251800
v 0.00889496 -0.00843894 -0.23249701
v 0.00931594 -0.00815392 -0.23231700
v 0.00903300 -0.00840396 -0.23241601
v 0.00945595 -0.00272494 -0.23361400
v 0.00903300 -0.00840396 -0.23241601
v 0.01154795 -0.00413394 -0.23165700
v 0.00740699 -0.00272494 -0.23471500
v 0.00882599 -0.00009896 -0.23418000
v 0.01221499 -0.00272495 -0.23123100
v 0.00945595 0.00312901 -0.23361300
v 0.01329598 -0.00009896 -0.23020600
v 0.00889597 0.00020200 -0.23414201
v 0.00839100 0.00020200 -0.23326901
v 0.00882599 -0.00009896 -0.23418000
v 0.00832800 -0.00008896 -0.23330300
v 0.00889597 0.00020200 -0.23414201
v 0.00882599 -0.00009896 -0.23418000
v 0.00832800 0.00049299 -0.23330300
v 0.00839100 0.00020200 -0.23326901
v 0.01127300 -0.00309491 -0.23070701
v 0.01221499 -0.00272495 -0.23123100
v 0.01251796 -0.00008996 -0.22957900
v 0.01154795 -0.00413394 -0.23165700
v 0.01329598 -0.00009896 -0.23020600
v 0.01251796 -0.00008996 -0.22957900
v 0.01275894 -0.00309890 -0.22895689
v 0.01127300 -0.00309491 -0.23070701
v 0.01392397 -0.00008996 -0.22769199
v 0.01329598 -0.00009896 -0.23020600
v 0.01256797 0.00020200 -0.22951899
v 0.01251796 -0.00008996 -0.22957900
v 0.01392397 0.00049204 -0.22769199
v 0.01256797 0.00020200 -0.22951899
v 0.01396898 0.00020200 -0.22763000
v 0.01396898 0.00020200 -0.22763000
v 0.01474294 -0.00009996 -0.22826700
v 0.01392397 -0.00008996 -0.22769199
v 0.01474294 -0.00009996 -0.22826700
v 0.01275894 -0.00309890 -0.22895689
v 0.01392397 -0.00008996 -0.22769199
v 0.01478997 0.00020200 -0.22820200
v 0.01392397 0.00049204 -0.22769199
v 0.01543597 0.00397599 -0.22680999
v 0.01474294 -0.00009996 -0.22826700
v 0.01478997 0.00020200 -0.22820200
v 0.01474294 0.00050300 -0.22826700
v 0.01474294 0.00050300 -0.22826700
v 0.01275996 0.00350302 -0.22895689
v 0.01338998 0.00397700 -0.22968800
v 0.01474294 0.00050300 -0.22826700
v 0.01392397 0.00049204 -0.22769199
v 0.01338998 0.00397700 -0.22968800
v 0.01327500 0.00423598 -0.22977599
v 0.01250097 0.00409698 -0.22916301
v 0.01327500 0.00423598 -0.22977599
v 0.01156595 0.00884300 -0.23012200
v 0.01138398 0.00798100 -0.23072600
v 0.01425997 0.00884300 -0.22660300
v 0.01069400 0.00769401 -0.23006500
v 0.01138398 0.00798100 -0.23072600
v 0.00907097 0.00987500 -0.23049800
v 0.01069400 0.00769401 -0.23006500
v 0.00961999 0.00675899 -0.23142700
v 0.01250097 0.00409698 -0.22916301
v 0.01059595 0.00797301 -0.23004290
v 0.01059595 0.00797301 -0.23004290
v 0.01138398 0.00798100 -0.23072600
v 0.01069400 0.00769401 -0.23006500
v 0.01059696 0.00824302 -0.22991700
v 0.01127997 0.00827402 -0.23070399
v 0.01059696 0.00824302 -0.22991700
v 0.01069400 0.00844002 -0.22971700
v 0.01128099 0.00855601 -0.23057100
v 0.01138398 0.00876301 -0.23036100
v 0.01069400 0.00844002 -0.22971700
v 0.01086697 0.00851500 -0.22949000
v 0.01086697 0.00851500 -0.22949000
v 0.01310596 0.00987804 -0.22567600
v 0.01347599 0.00852102 -0.22607200
v 0.01347599 0.00852102 -0.22607200
v 0.01156595 0.00884300 -0.23012200
v 0.01086697 0.00851500 -0.22949000
v 0.01156595 0.00884300 -0.23012200
v 0.01355097 0.01120102 -0.22586889
v 0.01347599 0.00852102 -0.22607200
v 0.01310596 0.00987804 -0.22567600
v 0.01347998 0.00852203 -0.22607399
v 0.01347599 0.00852102 -0.22607200
v 0.01347795 0.00852102 -0.22607300
v 0.01347599 0.00852102 -0.22607200
v 0.01348397 0.00852299 -0.22607700
v 0.01347998 0.00852203 -0.22607399
v 0.01347599 0.00852102 -0.22607200
v 0.01347998 0.00852203 -0.22607399
v 0.01347795 0.00852102 -0.22607300
v 0.01348397 0.00852299 -0.22607700
v 0.01347599 0.00852102 -0.22607200
v 0.01347998 0.00852203 -0.22607399
v 0.01425997 0.00884300 -0.22660300
v 0.01347700 0.00852001 -0.22607200
v 0.01347599 0.00852102 -0.22607200
v 0.01347700 0.00852001 -0.22607200
v 0.01347599 0.00852102 -0.22607200
v 0.01347700 0.00852001 -0.22607200
v 0.01347700 0.00852001 -0.22607200
v 0.01347700 0.00852102 -0.22607200
v 0.01347599 0.00852102 -0.22607200
v 0.01347700 0.00852001 -0.22607200
v 0.01347599 0.00852102 -0.22607200
v 0.01347700 0.00852102 -0.22607300
v 0.01347700 0.00852102 -0.22607200
v 0.01347599 0.00852102 -0.22607200
v 0.01347700 0.00852102 -0.22607200
v 0.01347700 0.00852001 -0.22607200
v 0.01347700 0.00852102 -0.22607300
v 0.01347599 0.00852102 -0.22607200
v 0.01347795 0.00852102 -0.22607300
v 0.01347599 0.00852102 -0.22607200
v 0.01347700 0.00852102 -0.22607300
v 0.01347599 0.00852102 -0.22607200
v 0.01347795 0.00852102 -0.22607300
v 0.01347700 0.00852102 -0.22607300
v 0.01347599 0.00852102 -0.22607200
v 0.01349095 0.00852603 -0.22608100
v 0.01348397 0.00852299 -0.22607700
v 0.01349095 0.00852603 -0.22608100
v 0.01347599 0.00852102 -0.22607200
v 0.01348397 0.00852299 -0.22607700
v 0.01350495 0.00853199 -0.22609100
v 0.01347599 0.00852102 -0.22607200
v 0.01349095 0.00852603 -0.22608100
v 0.01347599 0.00852102 -0.22607200
v 0.01353195 0.00854301 -0.22610999
v 0.01350495 0.00853199 -0.22609100
v 0.01347599 0.00852102 -0.22607200
v 0.01350495 0.00853199 -0.22609100
v 0.01349095 0.00852603 -0.22608100
v 0.01353195 0.00854301 -0.22610999
v 0.01347599 0.00852102 -0.22607200
v 0.01350495 0.00853199 -0.22609100
v 0.01347599 0.00852102 -0.22607200
v 0.01358798 0.00856602 -0.22614799
v 0.01353195 0.00854301 -0.22610999
v 0.01358798 0.00856602 -0.22614799
v 0.01347599 0.00852102 -0.22607200
v 0.01353195 0.00854301 -0.22610999
v 0.01347599 0.00852102 -0.22607200
v 0.01369998 0.00861203 -0.22622400
v 0.01358798 0.00856602 -0.22614799
v 0.01369998 0.00861203 -0.22622400
v 0.01347599 0.00852102 -0.22607200
v 0.01358798 0.00856602 -0.22614799
v 0.01347599 0.00852102 -0.22607200
v 0.01381198 0.00865799 -0.22630000
v 0.01369998 0.00861203 -0.22622400
v 0.01381198 0.00865799 -0.22630000
v 0.01347599 0.00852102 -0.22607200
v 0.01369998 0.00861203 -0.22622400
v 0.01392397 0.00870502 -0.22637589
v 0.01347599 0.00852102 -0.22607200
v 0.01381198 0.00865799 -0.22630000
v 0.01347599 0.00852102 -0.22607200
v 0.01403597 0.00875103 -0.22645190
v 0.01392397 0.00870502 -0.22637589
v 0.01347599 0.00852102 -0.22607200
v 0.01392397 0.00870502 -0.22637589
v 0.01381198 0.00865799 -0.22630000
v 0.01403597 0.00875103 -0.22645190
v 0.01347599 0.00852102 -0.22607200
v 0.01392397 0.00870502 -0.22637589
v 0.01425997 0.00884300 -0.22660300
v 0.01347599 0.00852102 -0.22607200
v 0.01425997 0.00884300 -0.22660300
v 0.01414797 0.00879699 -0.22652700
v 0.01425997 0.00884300 -0.22660300
v 0.01347599 0.00852102 -0.22607200
v 0.01414797 0.00879699 -0.22652700
v 0.01347599 0.00852102 -0.22607200
v 0.01414797 0.00879699 -0.22652700
v 0.01403597 0.00875103 -0.22645190
v 0.01414797 0.00879699 -0.22652700
v 0.01403597 0.00875103 -0.22645190
v 0.01347700 0.00852001 -0.22607200
v 0.01347700 0.00852001 -0.22607200
v 0.01347700 0.00852001 -0.22607200
v 0.01347700 0.00852001 -0.22607200
v 0.01347700 0.00852001 -0.22607200
v 0.01347700 0.00852001 -0.22607200
v 0.01347700 0.00852001 -0.22607200
v 0.01209000 0.01269704 -0.22463700
v 0.01270500 0.01308000 -0.22505100
v 0.01270500 0.01308000 -0.22505100
v 0.01393697 0.01120102 -0.22529000
v 0.01355097 0.01120102 -0.22586889
v 0.01393697 0.01120102 -0.22529000
v 0.01355097 0.01120102 -0.22586889
v 0.01436499 0.01120102 -0.22463600
v 0.01436499 0.01120102 -0.22463600
v 0.01803300 0.00764298 -0.22141500
v 0.01107696 0.01558900 -0.22325399
v 0.01375994 0.01555299 -0.21867899
v 0.01687196 0.01120102 -0.22068299
v 0.01687196 0.01120102 -0.22068299
v 0.01703695 0.01113802 -0.22020499
v 0.01375994 0.01555299 -0.21867899
v 0.01394197 0.01543802 -0.21822890
v 0.01369098 0.01561403 -0.21863290
v 0.01687196 0.01120102 -0.22068299
v 0.01369098 0.01561403 -0.21863290
v 0.00939498 0.01791304 -0.21584500
v 0.00959698 0.01775299 -0.21544590
v 0.00939498 0.01791304 -0.21584500
v 0.01394496 0.01514101 -0.21781000
v 0.00934295 0.01792901 -0.21581100
v 0.00489298 0.01867198 -0.21245400
v 0.00969098 0.01740198 -0.21512200
v 0.00502399 0.01831703 -0.21217900
v 0.01376698 0.01475101 -0.21754899
v 0.00965295 0.01695204 -0.21496300
v 0.00965295 0.01695204 -0.21496300
v 0.01665595 0.01073402 -0.21936600
v 0.00504295 0.01786898 -0.21206399
v 0.01376698 0.01475101 -0.21754899
v 0.01808599 0.00751102 -0.22042300
v 0.01665595 0.01073402 -0.21936600
v 0.01775095 0.00737899 -0.22005500
v 0.01695797 0.01096499 -0.21971200
v 0.01775095 0.00737899 -0.22005500
v 0.01665595 0.01073402 -0.21936600
v 0.01695797 0.01096499 -0.21971200
v 0.01695898 0.01096600 -0.21971400
v 0.01703796 0.01113599 -0.22019599
v 0.01695898 0.01096600 -0.21971400
v 0.01818898 0.00760698 -0.22092190
v 0.01703796 0.01113599 -0.22019599
v 0.01879397 0.00394499 -0.22130200
v 0.01863697 0.00397599 -0.22179399
v 0.01803300 0.00764298 -0.22141500
v 0.01863697 0.00397599 -0.22179399
v 0.01863697 -0.00357491 -0.22179399
v 0.01543597 -0.00357395 -0.22681101
v 0.01884195 0.00020903 -0.22192200
v 0.01863900 0.00396198 -0.22179499
v 0.01863900 0.00396198 -0.22179499
v 0.01899395 0.00020903 -0.22142801
v 0.01884195 0.00020903 -0.22192200
v 0.01887897 0.00020903 -0.22092301
v 0.01863799 -0.00356096 -0.22179499
v 0.01863697 -0.00357491 -0.22179399
v 0.01863799 -0.00356096 -0.22179499
v 0.01868096 0.00389999 -0.22079800
v 0.01833198 0.00383800 -0.22042000
v 0.01803300 -0.00723893 -0.22141700
v 0.01803300 -0.00723893 -0.22141700
v 0.01687095 -0.01079893 -0.22068501
v 0.01436100 -0.01079893 -0.22464100
v 0.01687095 -0.01079893 -0.22068501
v 0.01436100 -0.01079893 -0.22464100
v 0.01687095 -0.01079893 -0.22068501
v 0.01393595 -0.01079893 -0.22529200
v 0.01270399 -0.01267695 -0.22505300
v 0.01393595 -0.01079893 -0.22529200
v 0.01208398 -0.01229792 -0.22463501
v 0.01354996 -0.01079893 -0.22587100
v 0.01270399 -0.01267695 -0.22505300
v 0.01354996 -0.01079893 -0.22587100
v 0.01020197 -0.01506793 -0.22483900
v 0.01208398 -0.01229792 -0.22463501
v 0.01270399 -0.01267695 -0.22505300
v 0.01020197 -0.01506793 -0.22483900
v 0.01020197 -0.01506793 -0.22483900
v 0.01310697 -0.00947493 -0.22567900
v 0.01208398 -0.01229792 -0.22463501
v 0.01229200 -0.01018095 -0.22626901
v 0.01214996 -0.01044691 -0.22623690
v 0.00985495 -0.01507091 -0.22532091
v 0.01214996 -0.01044691 -0.22623690
v 0.00901595 -0.01506793 -0.22641801
v 0.00914899 -0.01495694 -0.22645401
v 0.00901595 -0.01506793 -0.22641801
v 0.01294795 -0.01079792 -0.22674500
v 0.01214996 -0.01044691 -0.22623690
v 0.01289097 -0.01088595 -0.22674599
v 0.01289097 -0.01088595 -0.22674599
v 0.01229200 -0.01018095 -0.22626901
v 0.01302394 -0.01063293 -0.22678401
v 0.01294795 -0.01079792 -0.22674500
v 0.01121494 -0.01079792 -0.22899701
v 0.01302394 -0.01063293 -0.22678401
v 0.01289097 -0.01088595 -0.22674599
v 0.01121494 -0.01079792 -0.22899701
v 0.01294795 -0.01079792 -0.22674500
v 0.01005600 -0.01007795 -0.23071900
v 0.00930498 -0.01079792 -0.23091600
v 0.01288000 -0.01007795 -0.22744391
v 0.00807897 -0.01470094 -0.22805700
v 0.00930498 -0.01079792 -0.23091600
v 0.00914899 -0.01495694 -0.22645401
v 0.01214394 -0.00966394 -0.22690600
v 0.01302496 -0.01015794 -0.22717901
v 0.01288000 -0.01007795 -0.22744391
v 0.01288000 -0.01007795 -0.22744391
v 0.00943998 -0.00966191 -0.23005501
v 0.01214394 -0.00966394 -0.22690600
v 0.01307699 -0.01035994 -0.22694101
v 0.01302496 -0.01015794 -0.22717901
v 0.01005600 -0.01007795 -0.23071900
v 0.01307699 -0.01035994 -0.22694101
v 0.01233897 -0.00992692 -0.22642000
v 0.01228598 -0.00973791 -0.22665100
v 0.01233897 -0.00992692 -0.22642000
v 0.01228598 -0.00973791 -0.22665100
v 0.01214394 -0.00966394 -0.22690600
v 0.00907097 -0.00947094 -0.23050091
v 0.00943998 -0.00966191 -0.23005501
v 0.00929699 -0.00969291 -0.23016600
v 0.01005600 -0.01007795 -0.23071900
v 0.00929699 -0.00969291 -0.23016600
v 0.00943998 -0.00966191 -0.23005501
v 0.00915400 -0.00978595 -0.23023591
v 0.00975297 -0.01020992 -0.23091200
v 0.00915400 -0.00978595 -0.23023591
v 0.00990496 -0.01011091 -0.23083700
v 0.00962696 -0.01034993 -0.23093400
v 0.00990496 -0.01011091 -0.23083700
v 0.00975297 -0.01020992 -0.23091200
v 0.00962696 -0.01034993 -0.23093400
v 0.00930498 -0.01079792 -0.23091600
v 0.00891296 -0.01009393 -0.23024801
v 0.00962696 -0.01034993 -0.23093400
v 0.00903395 -0.00992393 -0.23025300
v 0.00903395 -0.00992393 -0.23025300
v 0.00696800 -0.01045394 -0.23141600
v 0.00891296 -0.01009393 -0.23024801
v 0.00903395 -0.00992393 -0.23025300
v 0.00647894 -0.01410895 -0.23014501
v 0.00546197 -0.01511692 -0.22958501
v 0.00546197 -0.01511692 -0.22958501
v 0.00743995 -0.01088493 -0.23219291
v 0.00707898 -0.01024896 -0.23146400
v 0.00696800 -0.01045394 -0.23141600
v 0.00696800 -0.01045394 -0.23141600
v 0.00529597 -0.01349693 -0.23143201
v 0.00743995 -0.01088493 -0.23219291
v 0.00375799 -0.01518291 -0.23040690
v 0.00707898 -0.01024896 -0.23146400
v 0.00375799 -0.01518291 -0.23040690
v 0.00546197 -0.01511692 -0.22958501
v -0.00006200 -0.01633596 -0.23010700
v 0.00375799 -0.01518291 -0.23040690
v 0.00454799 -0.01302993 -0.23213200
v 0.00529597 -0.01349693 -0.23143201
v 0.00667796 -0.01079792 -0.23265700
v 0.00226197 -0.01079690 -0.23393700
v -0.00096598 -0.01539194 -0.23123500
v 0.00209699 -0.01102691 -0.23385599
v 0.00209699 -0.01102691 -0.23385599
v 0.00246296 -0.00998896 -0.23314600
v 0.00226197 -0.01079690 -0.23393700
v -0.00096598 -0.01539194 -0.23123500
v 0.00258795 -0.00984591 -0.23318491
v 0.00258098 -0.01034891 -0.23408200
v 0.00246296 -0.00998896 -0.23314600
v 0.00258098 -0.01034891 -0.23408200
v 0.00246296 -0.00998896 -0.23314600
v 0.00005900 -0.01048696 -0.23309501
v 0.00258795 -0.00984591 -0.23318491
v -0.00096598 -0.01539194 -0.23123500
v 0.00271294 -0.01021093 -0.23411890
v 0.00289199 -0.01011294 -0.23413201
v 0.00275699 -0.00974894 -0.23319800
v 0.00275699 -0.00974894 -0.23319800
v 0.00294600 -0.00971895 -0.23317900
v 0.00294600 -0.00971895 -0.23317900
v 0.00339994 -0.00970691 -0.23309989
v 0.00339994 -0.00970691 -0.23309989
v 0.00309399 -0.01007694 -0.23411600
v 0.00294600 -0.00971895 -0.23317900
v 0.00309399 -0.01007694 -0.23411600
v 0.00718996 -0.01007694 -0.23277401
v 0.00718996 -0.01007694 -0.23277401
v 0.00667796 -0.01079792 -0.23265700
v 0.00309399 -0.01007694 -0.23411600
v 0.00226197 -0.01079690 -0.23393700
v 0.00258098 -0.01034891 -0.23408200
v 0.00271294 -0.01021093 -0.23411890
v 0.00289199 -0.01011294 -0.23413201
v 0.00676296 -0.00966793 -0.23195501
v 0.00676296 -0.00966793 -0.23195501
v 0.00739298 -0.01013094 -0.23263800
v 0.00718996 -0.01007694 -0.23277401
v 0.00754199 -0.01069891 -0.23224200
v 0.00752900 -0.01027495 -0.23248491
v 0.00739298 -0.01013094 -0.23263800
v 0.00694398 -0.00971496 -0.23182900
v 0.00706998 -0.00984991 -0.23168799
v 0.00752900 -0.01027495 -0.23248491
v 0.00706998 -0.00984991 -0.23168799
v 0.00711600 -0.01003891 -0.23156001
v 0.00694398 -0.00971496 -0.23182900
v 0.00711600 -0.01003891 -0.23156001
v 0.00757996 -0.01047593 -0.23234590
v 0.00754199 -0.01069891 -0.23224200
v 0.00757996 -0.01047593 -0.23234590
v 0.00676296 -0.00966793 -0.23195501
v 0.00749794 -0.01079792 -0.23221091
v 0.00749794 -0.01079792 -0.23221091
v 0.00743995 -0.01088493 -0.23219291
v 0.00749794 -0.01079792 -0.23221091
v 0.00065800 -0.00955593 -0.23343401
v -0.00130095 -0.01541793 -0.23122201
v -0.00233396 -0.01445692 -0.23198690
v 0.00005900 -0.01048696 -0.23309501
v -0.00294294 -0.01555192 -0.23105501
v -0.00294294 -0.01555192 -0.23105501
v 0.00003500 -0.01082194 -0.23402700
v 0.00065800 -0.00955593 -0.23343401
v -0.00130095 -0.01541793 -0.23122201
v -0.00294294 -0.01555192 -0.23105501
v 0.00327096 -0.00539595 -0.23433800
v 0.00338999 -0.00558293 -0.23532800
v 0.00327096 -0.00539595 -0.23433800
v 0.00005100 -0.01079690 -0.23403700
v 0.00382499 -0.00447494 -0.23441599
v -0.00233396 -0.01445692 -0.23198690
v -0.00077399 -0.01079690 -0.23400191
v 0.00003500 -0.01082194 -0.23402700
v -0.00376495 -0.01280295 -0.23277401
v -0.00077399 -0.01079690 -0.23400191
v 0.00005100 -0.01079690 -0.23403700
v -0.00117996 -0.01079690 -0.23397090
v -0.00543698 -0.01079690 -0.23316200
v -0.00517996 -0.01079690 -0.23323500
v -0.00624498 -0.01230495 -0.23237290
v -0.00734194 -0.01469194 -0.23079200
v -0.00775596 -0.01590496 -0.22972100
v -0.00777098 -0.01595896 -0.22966700
v -0.00734194 -0.01469194 -0.23079200
v -0.00775596 -0.01590496 -0.22972100
v -0.00624498 -0.01230495 -0.23237290
v -0.00777098 -0.01595896 -0.22966700
v -0.00914296 -0.01495092 -0.22937501
v -0.00777098 -0.01595896 -0.22966700
v -0.00904199 -0.01602792 -0.22909500
v -0.00904199 -0.01602792 -0.22909500
v -0.00725099 -0.01061892 -0.23150700
v -0.00914296 -0.01495092 -0.22937501
v -0.00902798 -0.01413792 -0.23046701
v -0.00945594 -0.01556396 -0.22931001
v -0.00955297 -0.01604693 -0.22883900
v -0.00955297 -0.01604693 -0.22883900
v -0.00945594 -0.01556396 -0.22931001
v 0.00647894 -0.01410895 -0.23014501
v 0.01069299 -0.00728995 -0.23006600
v 0.00961999 -0.00635493 -0.23142800
v 0.01059500 -0.00756896 -0.23004501
v 0.00875298 -0.00783795 -0.23155500
v 0.00863597 -0.00798196 -0.23158001
v 0.01069299 -0.00803596 -0.22971900
v 0.01086596 -0.00811291 -0.22949199
v 0.01059595 -0.00783890 -0.22991900
v 0.00848798 -0.00807792 -0.23164401
v 0.01138297 -0.00757796 -0.23072700
v 0.01059500 -0.00756896 -0.23004501
v 0.01069299 -0.00728995 -0.23006600
v 0.01127896 -0.00786996 -0.23070499
v 0.01059595 -0.00783890 -0.22991900
v 0.01127997 -0.00815195 -0.23057290
v 0.01138297 -0.00757796 -0.23072700
v 0.01127997 -0.00815195 -0.23057290
v 0.01127896 -0.00786996 -0.23070499
v 0.01138196 -0.00835896 -0.23036300
v 0.01069299 -0.00803596 -0.22971900
v 0.01156494 -0.00843996 -0.23012300
v 0.01138196 -0.00835896 -0.23036300
v 0.01327500 -0.00383294 -0.22977699
v 0.01425895 -0.00843996 -0.22660490
v 0.01086596 -0.00811291 -0.22949199
v 0.01156494 -0.00843996 -0.23012300
v 0.01425895 -0.00843996 -0.22660490
v 0.01086596 -0.00811291 -0.22949199
v 0.01156494 -0.00843996 -0.23012300
v 0.01310697 -0.00947493 -0.22567900
v 0.01425895 -0.00843996 -0.22660490
v 0.01354996 -0.01079893 -0.22587100
v 0.01347599 -0.00811696 -0.22607400
v 0.01347599 -0.00811696 -0.22607400
v 0.01347599 -0.00811696 -0.22607400
v 0.01338998 -0.00357395 -0.22968900
v 0.01069299 -0.00728995 -0.23006600
v 0.01327500 -0.00383294 -0.22977699
v 0.01138297 -0.00757796 -0.23072700
v 0.01249895 -0.00369292 -0.22916301
v 0.01338998 -0.00357395 -0.22968900
v 0.01249895 -0.00369292 -0.22916301
v 0.01085594 -0.00398093 -0.23095800
v 0.00961999 -0.00635493 -0.23142800
v 0.01085594 -0.00398093 -0.23095800
v 0.00931594 -0.00815392 -0.23231700
v 0.00875298 -0.00783795 -0.23155500
v 0.00863597 -0.00798196 -0.23158001
v 0.00848798 -0.00807792 -0.23164401
v 0.00833199 -0.00810993 -0.23173800
v 0.00919095 -0.00830394 -0.23234590
v 0.00931594 -0.00815392 -0.23231700
v 0.00875298 -0.00783795 -0.23155500
v 0.00919095 -0.00830394 -0.23234590
v 0.01703695 -0.01073694 -0.22019901
v 0.01687095 -0.01079893 -0.22068501
v 0.01687196 0.01120102 -0.22068299
v 0.01703695 0.01113802 -0.22020499
v 0.00661597 0.01835799 -0.22082790
v 0.00934295 0.01792901 -0.21581100
v 0.00185595 0.01955199 -0.21768699
v 0.00469295 0.01884900 -0.21282890
v 0.00469295 0.01884900 -0.21282890
v 0.00901697 0.01547199 -0.22641399
v 0.00351999 0.01819503 -0.22576500
v 0.00985495 0.01547503 -0.22531999
v -0.00123998 0.01970201 -0.22243799
v 0.00546495 0.01552099 -0.22958199
v 0.00808100 0.01510602 -0.22805100
v -0.00006100 0.01674300 -0.23010200
v 0.00914995 0.01536101 -0.22645099
v 0.00375996 0.01558798 -0.23040300
v -0.00476297 0.01875001 -0.22691999
v -0.00293996 0.01595801 -0.23105199
v -0.00129994 0.01582598 -0.23121799
v 0.00455097 0.01343703 -0.23212799
v -0.00095399 0.01580101 -0.23122900
v 0.00375996 0.01558798 -0.23040300
v 0.00698600 0.01085299 -0.23140789
v 0.00529698 0.01390302 -0.23142899
v 0.00546495 0.01552099 -0.22958199
v 0.00698600 0.01085299 -0.23140789
v 0.00375996 0.01558798 -0.23040300
v 0.00529698 0.01390302 -0.23142899
v 0.00744197 0.01129001 -0.23219099
v 0.00744197 0.01129001 -0.23219099
v 0.00668195 0.01120203 -0.23265400
v 0.00668195 0.01120203 -0.23265400
v 0.00309495 0.01048302 -0.23411400
v 0.00226299 0.01120299 -0.23393400
v 0.00226299 0.01120299 -0.23393400
v 0.00749896 0.01120203 -0.23220900
v 0.00719199 0.01048201 -0.23277190
v 0.00754700 0.01109403 -0.23224300
v 0.00749896 0.01120203 -0.23220900
v 0.00749896 0.01120203 -0.23220900
v 0.00708494 0.01064503 -0.23146801
v 0.00754700 0.01109403 -0.23224300
v 0.00744197 0.01129001 -0.23219099
v 0.00708494 0.01064503 -0.23146801
v 0.00711796 0.01043701 -0.23156300
v 0.00698600 0.01085299 -0.23140789
v 0.00758097 0.01087403 -0.23234799
v 0.00711796 0.01043701 -0.23156300
v 0.00752798 0.01067602 -0.23248599
v 0.00706897 0.01025098 -0.23169000
v 0.00706897 0.01025098 -0.23169000
v 0.00739196 0.01053399 -0.23263700
v 0.00752798 0.01067602 -0.23248599
v 0.00758097 0.01087403 -0.23234799
v 0.00739196 0.01053399 -0.23263700
v 0.00694296 0.01011902 -0.23182800
v 0.00675998 0.01007104 -0.23194800
v 0.00719199 0.01048201 -0.23277190
v 0.00675998 0.01007104 -0.23194800
v 0.00694296 0.01011902 -0.23182800
v 0.00342397 0.00992799 -0.23316499
v 0.00339994 0.01011002 -0.23310099
v 0.00719199 0.01048201 -0.23277190
v 0.00675998 0.01007104 -0.23194800
v 0.00339994 0.01011002 -0.23310099
v 0.00848899 0.00848204 -0.23164199
v 0.00006100 0.01089400 -0.23309600
v 0.00065800 0.00996303 -0.23343000
v 0.00267396 0.01019501 -0.23319200
v 0.00415496 0.00792700 -0.23368600
v 0.00382695 0.00487900 -0.23441490
v 0.00415299 0.00814998 -0.23362100
v 0.00440196 0.00848699 -0.23346099
v 0.00423900 0.00834900 -0.23354199
v 0.00461499 0.00853699 -0.23339900
v 0.00833199 0.00851601 -0.23173500
v 0.00327096 0.00580204 -0.23433600
v 0.00294600 0.01011902 -0.23318490
v 0.00280294 0.01055902 -0.23412700
v 0.00294600 0.01011902 -0.23318490
v 0.00267396 0.01019501 -0.23319200
v 0.00258294 0.01075500 -0.23408000
v 0.00246195 0.01038503 -0.23314799
v 0.00246195 0.01038503 -0.23314799
v 0.00246195 0.01038503 -0.23314799
v 0.00226299 0.01120299 -0.23393400
v 0.00258294 0.01075500 -0.23408000
v 0.00258294 0.01075500 -0.23408000
v 0.00280294 0.01055902 -0.23412700
v 0.00209794 0.01143402 -0.23385390
v -0.00095399 0.01580101 -0.23122900
v -0.00095399 0.01580101 -0.23122900
v 0.00209794 0.01143402 -0.23385390
v 0.00309495 0.01048302 -0.23411400
v 0.00382695 0.00487900 -0.23441490
v 0.00338999 0.00598902 -0.23532700
v 0.00327096 0.00580204 -0.23433600
v 0.00065800 0.00996303 -0.23343000
v 0.00464699 0.00393003 -0.23545299
v 0.00005300 0.01120299 -0.23403500
v 0.00338999 0.00598902 -0.23532700
v 0.00464699 0.00393003 -0.23545299
v 0.00005300 0.01120299 -0.23403500
v 0.00003700 0.01122701 -0.23402600
v -0.00077095 0.01120299 -0.23400000
v 0.00003700 0.01122701 -0.23402600
v 0.00005300 0.01120299 -0.23403500
v -0.00077095 0.01120299 -0.23400000
v -0.00233295 0.01486504 -0.23198190
v -0.00376495 0.01321101 -0.23277099
v -0.00117894 0.01120299 -0.23396900
v -0.00117894 0.01120299 -0.23396900
v -0.00518199 0.01120299 -0.23323200
v -0.00518199 0.01120299 -0.23323200
v -0.00411495 0.00884503 -0.23416100
v -0.00543597 0.01120299 -0.23316000
v -0.00543597 0.01120299 -0.23316000
v -0.00467195 0.01002300 -0.23265000
v -0.00543597 0.01120299 -0.23316000
v -0.00411495 0.00884503 -0.23416100
v -0.00388398 0.00862402 -0.23321999
v -0.00770500 0.00884503 -0.23301101
v -0.00388398 0.00862402 -0.23321999
v -0.00411495 0.00884503 -0.23416100
v -0.00820800 0.00798303 -0.23298700
v -0.00770500 0.00884503 -0.23301101
v -0.00630494 0.00426602 -0.23425700
v -0.00612595 0.00393003 -0.23435000
v -0.00612595 0.00393003 -0.23435000
v -0.00597896 0.00417203 -0.23331600
v -0.00630494 0.00426602 -0.23425700
v -0.00562599 0.00350499 -0.23349699
v -0.00425198 0.00050503 -0.23509200
v -0.00425198 0.00050503 -0.23509200
v -0.00562599 0.00350499 -0.23349699
v -0.00621595 0.00049800 -0.23342700
v -0.00779995 0.00350898 -0.23267791
v -0.00398298 0.00049698 -0.23413500
v -0.00597896 0.00417203 -0.23331600
v -0.00398298 0.00049698 -0.23413500
v -0.00399097 -0.00008596 -0.23413301
v -0.00614097 0.00020301 -0.23345500
v -0.00417396 0.00020301 -0.23511399
v -0.00398298 0.00049698 -0.23413500
v -0.00425198 0.00050503 -0.23509200
v -0.00391897 0.00020301 -0.23415400
v -0.00391897 0.00020301 -0.23415400
v -0.00614097 0.00020301 -0.23345500
v -0.00655099 0.00050503 -0.23436990
v -0.00621595 0.00049800 -0.23342700
v -0.00647595 0.00020301 -0.23439801
v -0.00655194 -0.00009796 -0.23436990
v -0.00621500 -0.00009196 -0.23342800
v -0.00655099 0.00050503 -0.23436990
v -0.00647595 0.00020301 -0.23439801
v -0.00793495 0.00310004 -0.23374000
v -0.00621595 0.00049800 -0.23342700
v -0.00655099 0.00050503 -0.23436990
v -0.00793495 0.00310004 -0.23374000
v -0.00779995 0.00350898 -0.23267791
v -0.00867798 0.00455201 -0.23329800
v -0.00867798 0.00455201 -0.23329800
v -0.00980498 0.00764501 -0.23120400
v -0.00827899 0.00445598 -0.23238499
v -0.01058098 0.00855899 -0.23176400
v -0.01058098 0.00855899 -0.23176400
v -0.00783100 0.00780803 -0.23207700
v -0.00980498 0.00764501 -0.23120400
v -0.01013299 0.00837403 -0.23089000
v -0.01013299 0.00837403 -0.23089000
v -0.00827899 0.00445598 -0.23238499
v -0.01029797 0.00857699 -0.23075999
v -0.01075299 0.00876802 -0.23162900
v -0.01013299 0.00837403 -0.23089000
v -0.01058098 0.00855899 -0.23176400
v -0.01029797 0.00857699 -0.23075999
v -0.01100196 0.00884503 -0.23148100
v -0.01100196 0.00884503 -0.23148100
v -0.01075299 0.00876802 -0.23162900
v -0.01054098 0.00865298 -0.23061400
v -0.01054098 0.00865298 -0.23061400
v -0.01100196 0.00884503 -0.23148100
v -0.01054098 0.00865298 -0.23061400
v -0.00788596 0.00808000 -0.23199899
v -0.00783100 0.00780803 -0.23207700
v -0.00826695 0.00826502 -0.23290600
v -0.00820800 0.00798303 -0.23298700
v -0.00788596 0.00808000 -0.23199899
v -0.00820800 0.00798303 -0.23298700
v -0.00783100 0.00780803 -0.23207700
v -0.00780895 0.00835902 -0.23197301
v -0.00818499 0.00855201 -0.23287991
v -0.00780895 0.00835902 -0.23197301
v -0.00760999 0.00856704 -0.23201001
v -0.00797900 0.00876599 -0.23291899
v -0.00760999 0.00856704 -0.23201001
v -0.00734796 0.00864303 -0.23209800
v -0.00770500 0.00884503 -0.23301101
v -0.00818499 0.00855201 -0.23287991
v -0.00797900 0.00876599 -0.23291899
v -0.00734796 0.00864303 -0.23209800
v -0.00467195 0.01002300 -0.23265000
v -0.00388398 0.00862402 -0.23321999
v -0.00734796 0.00864303 -0.23209800
v -0.00826695 0.00826502 -0.23290600
v -0.00399097 -0.00008596 -0.23413301
v -0.00425198 -0.00009796 -0.23509200
v -0.00399097 -0.00008596 -0.23413301
v -0.00417396 0.00020301 -0.23511399
v -0.00726500 0.01049798 -0.23165700
v -0.00718900 0.01076299 -0.23160900
v -0.00746294 0.01030200 -0.23163500
v -0.00772198 0.01022899 -0.23155200
v -0.00596597 0.01243400 -0.23151989
v -0.00724497 0.01102298 -0.23151000
v -0.00596597 0.01243400 -0.23151989
v -0.00808396 0.01048302 -0.23245100
v -0.00746294 0.01030200 -0.23163500
v -0.00772198 0.01022899 -0.23155200
v -0.00961896 0.01024198 -0.23069300
v -0.00808396 0.01048302 -0.23245100
v -0.00772198 0.01022899 -0.23155200
v -0.00961896 0.01024198 -0.23069300
v -0.01279898 0.01048302 -0.23002399
v -0.01228197 0.01024699 -0.22920100
v -0.01279898 0.01048302 -0.23002399
v -0.01448395 0.01120299 -0.22865701
v -0.01270797 0.01120299 -0.22986400
v -0.01703199 0.01048302 -0.22682901
v -0.01085295 0.01120299 -0.23094000
v -0.00808396 0.01048302 -0.23245100
v -0.01478894 0.01024103 -0.22744500
v -0.01703199 0.01048302 -0.22682901
v -0.01270099 0.01120299 -0.22986790
v -0.00753196 0.01103604 -0.23250900
v -0.00758799 0.01129102 -0.23240900
v -0.01085295 0.01120299 -0.23094000
v -0.00902798 0.01454800 -0.23046200
v -0.01270099 0.01120299 -0.22986790
v -0.00755295 0.01120299 -0.23244999
v -0.00755295 0.01120299 -0.23244999
v -0.00724497 0.01102298 -0.23151000
v -0.00755295 0.01120299 -0.23244999
v -0.00758799 0.01129102 -0.23240900
v -0.00902798 0.01454800 -0.23046200
v -0.00724497 0.01102298 -0.23151000
v -0.00758799 0.01129102 -0.23240900
v -0.00718900 0.01076299 -0.23160900
v -0.00753196 0.01103604 -0.23250900
v -0.00761398 0.01076001 -0.23255899
v -0.00761398 0.01076001 -0.23255899
v -0.00781997 0.01055604 -0.23253700
v -0.00726500 0.01049798 -0.23165700
v -0.00781997 0.01055604 -0.23253700
v -0.00914099 0.01535803 -0.22937199
v -0.00945397 0.01597202 -0.22930599
v -0.01136299 0.01656103 -0.22772500
v -0.00945397 0.01597202 -0.22930599
v -0.00914099 0.01535803 -0.22937199
v -0.00776800 0.01636499 -0.22966400
v -0.00954999 0.01645404 -0.22883589
v -0.00903996 0.01643502 -0.22909100
v -0.00954999 0.01645404 -0.22883589
v -0.00954999 0.01645404 -0.22883589
v -0.00776800 0.01636499 -0.22966400
v -0.00903996 0.01643502 -0.22909100
v -0.00733998 0.01510000 -0.23078800
v -0.00776800 0.01636499 -0.22966400
v -0.00775399 0.01631504 -0.22971400
v -0.00871994 0.01938802 -0.22352090
v -0.00775399 0.01631504 -0.22971400
v -0.00872096 0.01938700 -0.22352300
v -0.00871994 0.01938802 -0.22352090
v -0.01099195 0.01970100 -0.21631200
v -0.00576099 0.02001302 -0.21881500
v -0.00872096 0.01938700 -0.22352300
v -0.00576099 0.02001302 -0.21881500
v -0.00575998 0.02001302 -0.21881200
v -0.00575998 0.02001302 -0.21881200
v -0.00805398 0.01955199 -0.21146300
v -0.00290998 0.01977502 -0.21427500
v -0.00290998 0.01977502 -0.21427500
v -0.01294597 0.01835703 -0.20853500
v -0.00960495 0.01792900 -0.20389999
v -0.00490197 0.01884799 -0.20679600
v -0.00488898 0.01885002 -0.20680500
v -0.00490197 0.01884799 -0.20679600
v -0.00488898 0.01885002 -0.20680500
v -0.00960495 0.01792900 -0.20389999
v -0.00290795 0.01977502 -0.21427200
v -0.00011400 0.01913701 -0.20983000
v 0.00011600 0.01896303 -0.20946499
v -0.00011400 0.01913701 -0.20983000
v 0.00011600 0.01896303 -0.20946499
v 0.00468198 0.01885003 -0.21282200
v -0.00011400 0.01913701 -0.20983000
v 0.00011800 0.01895999 -0.20946000
v 0.00011800 0.01895999 -0.20946000
v 0.00468198 0.01885003 -0.21282200
v -0.00290795 0.01977502 -0.21427200
v -0.00011400 0.01913701 -0.20983000
v -0.01605298 0.01819401 -0.21346500
v -0.00965496 0.01791303 -0.20386900
v -0.01838400 0.01547502 -0.20754499
v -0.01901599 0.01547198 -0.20878900
v -0.02021899 0.01084201 -0.20587800
v -0.01811000 0.01547300 -0.20704300
v -0.01838400 0.01547502 -0.20754499
v -0.01901599 0.01547198 -0.20878900
v -0.02031298 0.01057701 -0.20577399
v -0.02021899 0.01084201 -0.20587800
v -0.01901599 0.01547198 -0.20878900
v -0.01910694 0.01535998 -0.20868499
v -0.02101900 0.01120202 -0.20539300
v -0.02021899 0.01084201 -0.20587800
v -0.02099599 0.01128899 -0.20544399
v -0.02031298 0.01057701 -0.20577399
v -0.02099599 0.01128899 -0.20544399
v -0.02046599 0.01032500 -0.20580099
v -0.02125599 0.01075803 -0.20536300
v -0.02046599 0.01032500 -0.20580099
v -0.02109196 0.01102703 -0.20533900
v -0.02144595 0.01055901 -0.20551200
v -0.02109196 0.01102703 -0.20533900
v -0.02161797 0.01048200 -0.20575490
v -0.02125599 0.01075803 -0.20536300
v -0.02144595 0.01055901 -0.20551200
v -0.02247997 0.01005601 -0.20997400
v -0.02161797 0.01048200 -0.20575490
v -0.02333595 0.01048200 -0.20969000
v -0.02081795 0.01005899 -0.20618699
v -0.02064796 0.01013802 -0.20595001
v -0.02161797 0.01048200 -0.20575490
v -0.02081795 0.01005899 -0.20618699
v -0.02229597 0.01120202 -0.20792800
v -0.02333595 0.01048200 -0.20969000
v -0.02064796 0.01013802 -0.20595001
v -0.02081795 0.01005899 -0.20618699
v -0.02247997 0.01005601 -0.20997400
v -0.02318998 0.01120202 -0.21045600
v -0.02008798 0.01510500 -0.21034600
v -0.02318998 0.01120202 -0.21045600
v -0.02229597 0.01120202 -0.20792800
v -0.02101900 0.01120202 -0.20539300
v -0.02099599 0.01128899 -0.20544399
v -0.02101900 0.01120202 -0.20539300
v -0.01910694 0.01535998 -0.20868499
v -0.02127298 0.01451700 -0.21268199
v -0.02032997 0.01552199 -0.21334989
v -0.02240999 0.01054202 -0.21055700
v -0.02127298 0.01451700 -0.21268199
v -0.02032997 0.01552199 -0.21334989
v -0.02264096 0.01084797 -0.21278299
v -0.02240999 0.01054202 -0.21055700
v -0.02032997 0.01552199 -0.21334989
v -0.02033396 0.01558798 -0.21524390
v -0.02033396 0.01558798 -0.21524390
v -0.02264096 0.01084797 -0.21278299
v -0.02033396 0.01558798 -0.21524390
v -0.02191998 0.01390701 -0.21430500
v -0.02353897 0.01129001 -0.21269999
v -0.02273198 0.01064401 -0.21270899
v -0.02264096 0.01084797 -0.21278299
v -0.02273198 0.01064401 -0.21270899
v -0.02353897 0.01129001 -0.21269999
v -0.02362796 0.01120299 -0.21360300
v -0.02191998 0.01390701 -0.21430500
v -0.02222999 0.01343500 -0.21529400
v -0.02353897 0.01129001 -0.21269999
v -0.02286996 0.01120299 -0.21812700
v -0.02272196 0.01143902 -0.21824400
v -0.01903297 0.01580000 -0.21986599
v -0.02272196 0.01143902 -0.21824400
v -0.02224698 0.01038503 -0.21760599
v -0.02286996 0.01120299 -0.21812700
v -0.01903297 0.01580000 -0.21986599
v -0.01903297 0.01580000 -0.21986599
v -0.02224698 0.01038503 -0.21760599
v -0.02237799 0.01019400 -0.21743500
v -0.02313896 0.01075500 -0.21790100
v -0.02224698 0.01038503 -0.21760599
v -0.02313896 0.01075500 -0.21790100
v -0.02327796 0.01055902 -0.21772300
v -0.02339198 0.01048302 -0.21745400
v -0.02286996 0.01120299 -0.21812700
v -0.02313896 0.01075500 -0.21790100
v -0.02327796 0.01055902 -0.21772300
v -0.02248498 0.01011699 -0.21718290
v -0.02339198 0.01048302 -0.21745400
v -0.02339198 0.01048302 -0.21745400
v -0.02260299 0.01010900 -0.21675689
v -0.02395495 0.01048200 -0.21317699
v -0.02248498 0.01011699 -0.21718290
v -0.02395495 0.01048200 -0.21317699
v -0.02362796 0.01120299 -0.21360300
v -0.02303000 0.01007199 -0.21320499
v -0.02303000 0.01007199 -0.21320499
v -0.02391996 0.01053398 -0.21293799
v -0.02395495 0.01048200 -0.21317699
v -0.02363195 0.01109301 -0.21262800
v -0.02384295 0.01067601 -0.21275000
v -0.02391996 0.01053398 -0.21293799
v -0.02374097 0.01087301 -0.21264300
v -0.02384295 0.01067601 -0.21275000
v -0.02283199 0.01043599 -0.21272100
v -0.02374097 0.01087301 -0.21264300
v -0.02292498 0.01025098 -0.21281899
v -0.02283199 0.01043599 -0.21272100
v -0.02292498 0.01025098 -0.21281899
v -0.02299495 0.01011799 -0.21299200
v -0.02299495 0.01011799 -0.21299200
v -0.02363195 0.01109301 -0.21262800
v -0.02357997 0.01120202 -0.21265600
v -0.02357997 0.01120202 -0.21265600
v -0.02357997 0.01120202 -0.21265600
v -0.02248599 0.01031701 -0.21042400
v -0.02334495 0.01075398 -0.21017100
v -0.02248599 0.01031701 -0.21042400
v -0.02318998 0.01120202 -0.21045600
v -0.02334495 0.01075398 -0.21017100
v -0.02337899 0.01061098 -0.21004499
v -0.02251198 0.01018702 -0.21029290
v -0.02334495 0.01075398 -0.21017100
v -0.02248599 0.01031701 -0.21042400
v -0.02337899 0.01061098 -0.21004499
v -0.02337696 0.01051502 -0.20987600
v -0.02250995 0.01009701 -0.21013400
v -0.02337696 0.01051502 -0.20987600
v -0.02247997 0.01005601 -0.20997400
v -0.02250995 0.01009701 -0.21013400
v -0.02251198 0.01018702 -0.21029290
v -0.02333595 0.01048200 -0.20969000
v -0.00965496 0.01791303 -0.20386900
v -0.01403197 0.01561301 -0.20120600
v -0.01016094 0.01835900 -0.22581300
v -0.01016094 0.01835900 -0.22581300
v -0.01136299 0.01656103 -0.22772500
v -0.00733998 0.01510000 -0.23078800
v -0.00624397 0.01271200 -0.23237100
v -0.00624397 0.01271200 -0.23237100
v -0.01313998 0.01645302 -0.22658200
v -0.01136394 0.01656002 -0.22772500
v -0.01270797 0.01120299 -0.22986400
v -0.01136394 0.01656002 -0.22772500
v -0.01360096 0.01597601 -0.22669799
v -0.01270797 0.01120299 -0.22986400
v -0.01484396 0.01453101 -0.22681589
v -0.01360096 0.01597601 -0.22669799
v -0.01380797 0.01534503 -0.22644400
v -0.01313998 0.01645302 -0.22658200
v -0.01484396 0.01453101 -0.22681589
v -0.01654800 0.01102298 -0.22566600
v -0.01720895 0.01129102 -0.22636400
v -0.01448395 0.01120299 -0.22865701
v -0.01720895 0.01129102 -0.22636400
v -0.01726099 0.01120299 -0.22634999
v -0.01654800 0.01102298 -0.22566600
v -0.01720895 0.01129102 -0.22636400
v -0.01726099 0.01120299 -0.22634999
v -0.01666196 0.01076400 -0.22565789
v -0.01732298 0.01103604 -0.22635791
v -0.01732298 0.01103604 -0.22635791
v -0.01726099 0.01120299 -0.22634999
v -0.01666196 0.01076400 -0.22565789
v -0.01733299 0.01076001 -0.22645300
v -0.01667299 0.01049798 -0.22574800
v -0.01667299 0.01049798 -0.22574800
v -0.01733299 0.01076001 -0.22645300
v -0.01722296 0.01055604 -0.22663000
v -0.01722296 0.01055604 -0.22663000
v -0.01656600 0.01030200 -0.22591699
v -0.01703199 0.01048302 -0.22682901
v -0.01637794 0.01023000 -0.22611400
v -0.01656600 0.01030200 -0.22591699
v -0.01359697 0.01643300 -0.22622899
v -0.01313998 0.01645302 -0.22658200
v -0.01465895 0.01636499 -0.22533700
v -0.01359697 0.01643300 -0.22622899
v -0.01637794 0.01023000 -0.22611400
v 0.00006100 0.01089400 -0.23309600
v -0.00233295 0.01486504 -0.23198190
v -0.00293996 0.01595801 -0.23105199
v 0.00462798 0.00351000 -0.23445500
v 0.00662897 0.00050402 -0.23517001
v 0.00462798 0.00351000 -0.23445500
v 0.00638697 0.00414002 -0.23387299
v 0.00674496 0.00350404 -0.23382690
v 0.00630197 0.00049102 -0.23420700
v 0.00630197 0.00049102 -0.23420700
v 0.00630197 0.00049102 -0.23420700
v 0.00662897 0.00050402 -0.23517001
v 0.00740699 0.00313002 -0.23471500
v 0.00674496 0.00350404 -0.23382690
v 0.00673697 0.00428402 -0.23482700
v 0.00638697 0.00414002 -0.23387299
v 0.00832800 0.00049299 -0.23330300
v 0.00673697 0.00428402 -0.23482700
v 0.00740699 0.00313002 -0.23471500
v 0.00882599 0.00050402 -0.23418000
v 0.00882599 0.00050402 -0.23418000
v 0.00882599 0.00050402 -0.23418000
v 0.00889698 0.00884300 -0.23249599
v 0.00444797 0.00798202 -0.23469300
v 0.00485799 0.00884402 -0.23433600
v 0.00444797 0.00798202 -0.23469300
v 0.00886599 0.00884402 -0.23251600
v 0.00435898 0.00843602 -0.23458201
v 0.00462995 0.00879198 -0.23441000
v 0.00462995 0.00879198 -0.23441000
v 0.00440196 0.00848699 -0.23346099
v 0.00485799 0.00884402 -0.23433600
v 0.00461499 0.00853699 -0.23339900
v 0.00886599 0.00884402 -0.23251600
v 0.00485799 0.00884402 -0.23433600
v 0.00461499 0.00853699 -0.23339900
v 0.00435898 0.00820303 -0.23465000
v 0.00435898 0.00820303 -0.23465000
v 0.00415299 0.00814998 -0.23362100
v 0.00435898 0.00843602 -0.23458201
v 0.00445298 0.00864500 -0.23449699
v 0.00445298 0.00864500 -0.23449699
v 0.00423900 0.00834900 -0.23354199
v 0.00423799 0.00772303 -0.23373400
v 0.00415496 0.00792700 -0.23368600
v 0.00444797 0.00798202 -0.23469300
v 0.00423799 0.00772303 -0.23373400
v 0.00423799 0.00772303 -0.23373400
v 0.00931696 0.00855803 -0.23231500
v 0.00903395 0.00880903 -0.23241401
v 0.00833199 0.00851601 -0.23173500
v 0.00903395 0.00880903 -0.23241401
v 0.00889698 0.00884300 -0.23249599
v 0.00886599 0.00884402 -0.23251600
v 0.00919197 0.00870800 -0.23234400
v 0.00863597 0.00838602 -0.23157900
v 0.00919197 0.00870800 -0.23234400
v 0.00848899 0.00848204 -0.23164199
v 0.00863597 0.00838602 -0.23157900
v 0.00875399 0.00824302 -0.23155300
v 0.00875399 0.00824302 -0.23155300
v 0.00961999 0.00675899 -0.23142700
v 0.00931696 0.00855803 -0.23231500
v 0.00875399 0.00824302 -0.23155300
v 0.00931696 0.00855803 -0.23231500
v 0.01154897 0.00453901 -0.23165700
v 0.01154897 0.00453901 -0.23165700
v 0.01085696 0.00438601 -0.23095800
v 0.01127395 0.00349998 -0.23070800
v 0.01221499 0.00312900 -0.23123000
v 0.01221499 0.00312900 -0.23123000
v 0.01251796 0.00049204 -0.22957900
v 0.01275996 0.00350302 -0.22895689
v 0.01251796 0.00049204 -0.22957900
v 0.01127395 0.00349998 -0.23070800
v 0.01085696 0.00438601 -0.23095800
v 0.01329699 0.00050300 -0.23020600
v 0.01251796 0.00049204 -0.22957900
v 0.01329699 0.00050300 -0.23020600
v 0.01329699 0.00050300 -0.23020600
v 0.01334795 0.00020099 -0.23014501
v 0.01334795 0.00020099 -0.23014501
v 0.00833199 0.00851601 -0.23173500
v 0.00309495 0.01048302 -0.23411400
v 0.00294600 0.01011902 -0.23318490
v -0.00129994 0.01582598 -0.23121799
v -0.00293996 0.01595801 -0.23105199
v 0.00891695 0.01049202 -0.23025100
v 0.00903795 0.01031702 -0.23025700
v 0.00891695 0.01049202 -0.23025100
v 0.00930599 0.01120203 -0.23091391
v 0.00962899 0.01075399 -0.23093189
v 0.00647996 0.01451504 -0.23014189
v 0.00903795 0.01031702 -0.23025700
v 0.00546495 0.01552099 -0.22958199
v 0.00915698 0.01018703 -0.23023400
v 0.00903795 0.01031702 -0.23025700
v 0.00975696 0.01061099 -0.23090900
v 0.00915698 0.01018703 -0.23023400
v 0.00962899 0.01075399 -0.23093189
v 0.00990698 0.01051503 -0.23083401
v 0.00975696 0.01061099 -0.23090900
v 0.01005796 0.01048201 -0.23071700
v 0.00990698 0.01051503 -0.23083401
v 0.00962899 0.01075399 -0.23093189
v 0.00943998 0.01006502 -0.23005299
v 0.01005796 0.01048201 -0.23071700
v 0.01288095 0.01048201 -0.22744199
v 0.00943998 0.01006502 -0.23005299
v 0.01005796 0.01048201 -0.23071700
v 0.01121798 0.01120203 -0.22899200
v 0.01288095 0.01048201 -0.22744199
v 0.00930599 0.01120203 -0.23091391
v 0.00943998 0.01006502 -0.23005299
v 0.00929896 0.01009702 -0.23016299
v 0.01214698 0.01005900 -0.22690600
v 0.00929896 0.01009702 -0.23016299
v 0.01214698 0.01005900 -0.22690600
v 0.01228598 0.01013899 -0.22665199
v 0.01302496 0.01055902 -0.22718000
v 0.01214698 0.01005900 -0.22690600
v 0.01288095 0.01048201 -0.22744199
v 0.01228598 0.01013899 -0.22665199
v 0.01234099 0.01032400 -0.22642299
v 0.01234099 0.01032400 -0.22642299
v 0.01229999 0.01057499 -0.22627300
v 0.01307795 0.01075703 -0.22694500
v 0.01229999 0.01057499 -0.22627300
v 0.01302895 0.01102501 -0.22678600
v 0.01307795 0.01075703 -0.22694500
v 0.01302496 0.01055902 -0.22718000
v 0.01302895 0.01102501 -0.22678600
v 0.01294896 0.01120203 -0.22674300
v 0.01294896 0.01120203 -0.22674300
v 0.01216695 0.01084202 -0.22622999
v 0.01289198 0.01128900 -0.22674390
v 0.01121798 0.01120203 -0.22899200
v 0.01289198 0.01128900 -0.22674390
v 0.01294896 0.01120203 -0.22674300
v 0.00914995 0.01536101 -0.22645099
v 0.01216695 0.01084202 -0.22622999
v 0.01289198 0.01128900 -0.22674390
v 0.01020399 0.01547199 -0.22483499
v 0.01216695 0.01084202 -0.22622999
v 0.00985495 0.01547503 -0.22531999
v 0.00901697 0.01547199 -0.22641399
v 0.00901697 0.01547199 -0.22641399
v 0.01020399 0.01547199 -0.22483499
v 0.01270500 0.01308000 -0.22505100
v 0.01209000 0.01269704 -0.22463700
v 0.01020399 0.01547199 -0.22483499
v 0.01209000 0.01269704 -0.22463700
v 0.00930599 0.01120203 -0.23091391
v 0.00647996 0.01451504 -0.23014189
v 0.01128099 0.00855601 -0.23057100
v 0.01138398 0.00876301 -0.23036100
v 0.01127997 0.00827402 -0.23070399
v 0.00461099 -0.00813794 -0.23338901
v 0.00439999 -0.00808293 -0.23346099
v -0.00543698 -0.01079690 -0.23316200
v -0.00770595 -0.00843793 -0.23301301
v -0.00826695 -0.00785792 -0.23290800
v -0.00826695 -0.00785792 -0.23290800
v -0.00783398 -0.00739992 -0.23207700
v -0.00820895 -0.00757593 -0.23298790
v -0.00797995 -0.00835991 -0.23292001
v -0.00818595 -0.00814593 -0.23288199
v -0.00788798 -0.00767291 -0.23199991
v -0.00818595 -0.00814593 -0.23288199
v -0.00780996 -0.00795293 -0.23197401
v -0.00797995 -0.00835991 -0.23292001
v -0.00760999 -0.00815993 -0.23201200
v -0.00734898 -0.00823593 -0.23210000
v -0.00770595 -0.00843793 -0.23301301
v -0.00388595 -0.00821793 -0.23322091
v -0.00770595 -0.00843793 -0.23301301
v -0.00411596 -0.00843793 -0.23416300
v -0.00734898 -0.00823593 -0.23210000
v -0.01942595 -0.00009796 -0.22628100
v -0.00781997 -0.01014995 -0.23253890
v -0.00761297 -0.01035595 -0.23256101
v -0.00781997 -0.01014995 -0.23253890
v -0.00772198 -0.00982791 -0.23155300
v -0.00758996 -0.01088493 -0.23241100
v -0.01270898 -0.01079690 -0.22986600
v -0.01726295 -0.01079691 -0.22635201
v -0.01314195 -0.01604592 -0.22658600
v -0.00576397 -0.01960892 -0.21881901
v -0.00576397 -0.01960892 -0.21881901
v -0.00576194 -0.01960892 -0.21881600
v -0.01314195 -0.01604592 -0.22658600
v -0.02141096 -0.01079691 -0.22124800
v -0.02171995 -0.00955695 -0.21936301
v -0.02366795 -0.00539696 -0.21739391
v -0.02366795 -0.00539696 -0.21739391
v -0.02396800 -0.00451094 -0.21694501
v -0.02396800 -0.00451094 -0.21694501
v -0.02353795 -0.00731695 -0.21625200
v -0.02459796 -0.00373292 -0.21437900
v -0.02346500 -0.00752193 -0.21631400
v -0.02436199 -0.00310391 -0.21621899
v -0.02527197 -0.00352395 -0.21663401
v -0.02436199 -0.00310391 -0.21621899
v -0.02442296 -0.00779796 -0.21654900
v -0.02353795 -0.00731695 -0.21625200
v -0.02346500 -0.00752193 -0.21631400
v -0.02340599 -0.00774491 -0.21628700
v -0.02340599 -0.00774491 -0.21628700
v -0.02450098 -0.00757694 -0.21648601
v -0.02436199 -0.00803191 -0.21651700
v -0.02450098 -0.00757694 -0.21648601
v -0.02442296 -0.00779796 -0.21654900
v -0.02436199 -0.00803191 -0.21651700
v -0.02435597 -0.00843895 -0.21596100
v -0.02432700 -0.00824094 -0.21639501
v -0.02432700 -0.00824094 -0.21639501
v -0.02337100 -0.00794393 -0.21617501
v -0.02336999 -0.00808191 -0.21599200
v -0.02432497 -0.00838793 -0.21619600
v -0.02432497 -0.00838793 -0.21619600
v -0.02336999 -0.00808191 -0.21599200
v -0.02337100 -0.00794393 -0.21617501
v -0.02435597 -0.00843895 -0.21596100
v -0.02340700 -0.00813192 -0.21577200
v -0.02340700 -0.00813192 -0.21577200
v -0.02444895 -0.00843895 -0.21155600
v -0.02340700 -0.00813192 -0.21577200
v -0.02351399 -0.00811094 -0.21169791
v -0.02351399 -0.00811094 -0.21169791
v -0.02435597 -0.00843895 -0.21596100
v -0.02351399 -0.00811094 -0.21169791
v -0.02444496 -0.00843895 -0.21153191
v -0.02444895 -0.00843895 -0.21155600
v -0.02444895 -0.00843895 -0.21155600
v -0.02349796 -0.00807792 -0.21151801
v -0.02450098 -0.00757694 -0.21648601
v -0.02459796 -0.00373292 -0.21437900
v -0.02353795 -0.00731695 -0.21625200
v -0.02561196 -0.00387794 -0.21447600
v -0.02471198 -0.00309795 -0.21403600
v -0.02471198 -0.00309795 -0.21403600
v -0.02486594 -0.00008497 -0.21460100
v -0.02579995 -0.00272495 -0.21382301
v -0.02492400 -0.00008797 -0.21237800
v -0.02492400 -0.00008797 -0.21237800
v -0.02486100 0.00020301 -0.21452700
v -0.02587398 -0.00009797 -0.21472199
v -0.02486594 -0.00008497 -0.21460100
v -0.02486100 0.00020301 -0.21452700
v -0.02588494 0.00020301 -0.21464300
v -0.02486594 -0.00008497 -0.21460100
v -0.02587398 -0.00009797 -0.21472199
v -0.02485098 0.00049400 -0.21459290
v -0.02588494 0.00020301 -0.21464300
v -0.02587398 0.00050401 -0.21472199
v -0.02492799 0.00049001 -0.21238300
v -0.02492096 0.00020301 -0.21231100
v -0.02492400 -0.00008797 -0.21237800
v -0.02592798 0.00020301 -0.21223301
v -0.02492096 0.00020301 -0.21231100
v -0.02593197 -0.00009897 -0.21231291
v -0.02593197 -0.00009897 -0.21231291
v -0.02492799 0.00049001 -0.21238300
v -0.02579995 0.00313001 -0.21382300
v -0.02492799 0.00049001 -0.21238300
v -0.02593197 0.00050401 -0.21231291
v -0.02593197 0.00050401 -0.21231291
v -0.02593197 0.00050401 -0.21231291
v -0.02579995 0.00313001 -0.21382300
v -0.01684095 0.00856703 -0.22620989
v -0.01955195 0.00862401 -0.22337290
v -0.02346398 0.00792700 -0.21631200
v -0.02435495 0.00884402 -0.21595900
v -0.02339198 0.00854403 -0.21576699
v -0.02444800 0.00884401 -0.21155400
v -0.02339198 0.00854403 -0.21576699
v -0.02435495 0.00884402 -0.21595900
v -0.02351196 0.00851601 -0.21169700
v -0.02442898 -0.00840396 -0.21135900
v -0.02350296 -0.00798196 -0.21135600
v -0.02302595 -0.00729496 -0.20884501
v -0.02389194 -0.00383193 -0.20641001
v -0.02300199 -0.00369192 -0.20684300
v -0.02373900 -0.00814993 -0.20853400
v -0.02285298 -0.00783593 -0.20886800
v -0.02271594 -0.00803495 -0.20869801
v -0.02259000 -0.00810993 -0.20845200
v -0.02359499 -0.00835795 -0.20835500
v -0.02385696 -0.00786895 -0.20859000
v -0.02373900 -0.00814993 -0.20853400
v -0.02392198 -0.00757796 -0.20850700
v -0.02385696 -0.00786895 -0.20859000
v -0.02345898 -0.00843996 -0.20808891
v -0.02359499 -0.00835795 -0.20835500
v -0.02259000 -0.00810993 -0.20845200
v -0.02146598 -0.00843996 -0.20415799
v -0.02345898 -0.00843996 -0.20808891
v -0.02345898 -0.00843996 -0.20808891
v -0.02302595 -0.00729496 -0.20884501
v -0.02392198 -0.00757796 -0.20850700
v -0.02392198 -0.00757796 -0.20850700
v -0.02296497 -0.00756794 -0.20892100
v -0.02262397 -0.01045996 -0.21276900
v -0.02272596 -0.01024694 -0.21271300
v -0.02267595 -0.01035196 -0.21274100
v -0.02272596 -0.01024694 -0.21271300
v -0.02262397 -0.01045996 -0.21276900
v -0.02267595 -0.01035196 -0.21274100
v -0.02064796 -0.00811696 -0.20463289
v -0.02064796 -0.00811696 -0.20463289
v -0.02013196 -0.00947595 -0.20479500
v -0.02146598 -0.00843996 -0.20415799
v -0.02064796 -0.00811696 -0.20463289
v -0.02064695 -0.00973696 -0.20594900
v -0.02102097 -0.01079792 -0.20539500
v -0.01874794 -0.01229793 -0.20526400
v -0.01874794 -0.01229793 -0.20526400
v -0.02049698 -0.01079893 -0.20447900
v -0.01939400 -0.01267594 -0.20488700
v -0.01939400 -0.01267594 -0.20488700
v -0.02013196 -0.01079893 -0.20386200
v -0.02049698 -0.01079893 -0.20447900
v -0.02049698 -0.01079893 -0.20447900
v -0.01939400 -0.01267594 -0.20488700
v -0.01874794 -0.01229793 -0.20526400
v -0.01811298 -0.01506895 -0.20704700
v -0.01973398 -0.01079893 -0.20320299
v -0.00290897 -0.01937193 -0.21428100
v -0.00290694 -0.01937193 -0.21427700
v -0.00489094 -0.01844895 -0.20680900
v -0.00490197 -0.01844693 -0.20680200
v -0.00489094 -0.01844895 -0.20680900
v 0.00011400 -0.01856196 -0.20946901
v -0.00465097 -0.01827091 -0.20645990
v -0.00011600 -0.01873595 -0.20983400
v -0.00011600 -0.01873595 -0.20983400
v -0.00490197 -0.01844693 -0.20680200
v 0.00011600 -0.01855797 -0.20946400
v 0.00028000 -0.01820296 -0.20920500
v -0.00446000 -0.01791597 -0.20622190
v -0.00913497 -0.01700092 -0.20329200
v -0.00897398 -0.01655096 -0.20325700
v -0.01308795 -0.01434994 -0.20067100
v -0.01308795 -0.01434994 -0.20067100
v -0.01597800 -0.01033193 -0.19885400
v -0.00436499 -0.01746697 -0.20615500
v 0.00033800 -0.01774591 -0.20911201
v 0.00028000 -0.01819992 -0.20920401
v 0.00028000 -0.01819992 -0.20920401
v -0.00290694 -0.01937193 -0.21427700
v -0.00011600 -0.01873595 -0.20983400
v -0.00011600 -0.01873595 -0.20983400
v -0.01725896 -0.01079894 -0.19923000
v -0.01725896 -0.01079894 -0.19923000
v -0.01725896 -0.01079894 -0.19923000
v -0.02226098 0.00020098 -0.20485900
v -0.01875200 0.01269703 -0.20525899
v -0.01029696 0.00533797 0.01804298
v -0.01006295 0.00300898 0.01893800
v -0.00545397 0.00530495 0.02358597
v -0.00582799 0.00533797 0.02318698
v -0.00544997 0.00533195 0.02358394
v -0.00014600 0.00527294 0.02871596
v -0.00036100 0.00300898 0.02884197
v -0.00571599 0.00300898 0.02372997
v -0.01027699 0.00543799 0.01803296
v -0.00556495 0.00619598 0.02293699
v -0.01027699 0.00543799 0.01803296
v -0.00582799 0.00533797 0.02318698
v -0.00544997 0.00533195 0.02358394
v -0.01065995 0.00626095 0.01687997
v 0.00008900 0.00615795 0.02845698
v -0.00504895 0.00679596 0.02244597
v 0.00056900 0.00678297 0.02792894
v 0.00009100 0.00616099 0.02845597
v 0.00009100 0.00616099 0.02845597
v 0.00390998 0.00524499 0.03090697
v 0.00398997 0.00614299 0.03057897
v 0.00008900 0.00615795 0.02845698
v 0.00056900 0.00678297 0.02792894
v 0.00056900 0.00678398 0.02792894
v 0.00416098 0.00677897 0.02988398
v 0.00824395 0.00677397 0.02982097
v 0.00843499 0.00612296 0.03051400
v 0.00056900 0.00678398 0.02792894
v 0.00438294 0.00700899 0.02897799
v 0.00118900 0.00700899 0.02724397
v 0.00118900 0.00700899 0.02724397
v 0.01115194 0.00700899 0.02713298
v 0.00118900 0.00700899 0.02724397
v 0.00438294 0.00700899 0.02897799
v 0.00799296 0.00700899 0.02891296
v 0.00799296 0.00700899 0.02891296
v 0.01115194 0.00700899 0.02713298
v -0.00439795 0.00700899 0.02182799
v 0.01118699 0.00700899 0.01334697
v 0.01291195 0.00700899 0.02054899
v 0.01296994 0.00700899 0.02410697
v 0.01181600 0.00676198 0.02782899
v 0.01296994 0.00700899 0.02410697
v 0.01356694 0.00689097 0.02036398
v 0.01291195 0.00700899 0.02054899
v 0.01356694 0.00689097 0.02036398
v 0.01178494 0.00691398 0.01322895
v 0.01291195 0.00700899 0.02054899
v 0.01118699 0.00700899 0.01334697
v 0.01379797 0.00678595 0.02029895
v 0.01235399 0.00661798 0.01311695
v 0.01064494 0.00692799 0.00595999
v 0.01118395 0.00667497 0.00590497
v 0.01075599 0.00668897 -0.00138897
v 0.01008300 0.00700899 0.00601697
v -0.00940897 0.00700899 0.01594895
v 0.01008300 0.00700899 0.00601697
v -0.01179596 0.00700899 -0.00401699
v 0.00966999 0.00700899 -0.00137394
v 0.00966999 0.00700899 -0.00137394
v -0.00940897 0.00700899 0.01594895
v -0.00439795 0.00700899 0.02182799
v -0.01341798 0.00700899 0.00943995
v -0.01009997 0.00681396 0.01646298
v -0.01414200 0.00683995 0.00979197
v -0.01341798 0.00700899 0.00943995
v -0.01591595 0.00700899 0.00226694
v -0.01665797 0.00685897 0.00243098
v -0.01591595 0.00700899 0.00226694
v -0.01693495 0.00720396 -0.00139195
v -0.01665797 0.00685897 0.00243098
v -0.01591595 0.00700899 0.00226694
v -0.01566400 0.00778600 -0.00516295
v -0.01179596 0.00700899 -0.00401699
v -0.01566400 0.00778600 -0.00516295
v -0.01591595 0.00700899 0.00226694
v -0.01543399 0.00800499 -0.00640195
v -0.01543399 0.00800499 -0.00640195
v -0.01660498 0.00788697 -0.00523299
v -0.01583298 0.00871196 -0.00896895
v -0.01539697 0.00803795 -0.00658095
v -0.01539697 0.00803795 -0.00658095
v -0.00767597 0.00700899 -0.01030194
v -0.01136996 0.00803795 -0.01272398
v -0.01376196 0.00921698 -0.01244997
v -0.01376196 0.00921698 -0.01244997
v -0.01323195 0.00953497 -0.01394397
v -0.00724896 0.00803795 -0.01900798
v -0.01092996 0.01071198 -0.01950597
v -0.00355496 0.00700899 -0.01658600
v 0.00056500 0.00700899 -0.02287095
v -0.00767597 0.00700899 -0.01030194
v 0.00982097 0.00700899 -0.00875294
v -0.00355496 0.00700899 -0.01658600
v 0.01040796 0.00700899 -0.01609599
v 0.00056500 0.00700899 -0.02287095
v 0.00982097 0.00700899 -0.00875294
v 0.01090798 0.00668695 -0.00869596
v 0.01040796 0.00700899 -0.01609599
v 0.01148400 0.00582995 -0.00258100
v 0.01162896 0.00582399 -0.00834596
v 0.01164499 0.00582399 -0.00865799
v 0.01204798 0.00581398 -0.01408398
v 0.01149699 0.00668296 -0.01598197
v 0.01223096 0.00580999 -0.01590394
v 0.01269397 0.00579997 -0.01980495
v 0.01242396 0.00667700 -0.02323198
v 0.01132998 0.00700899 -0.02338999
v 0.01223096 0.00580999 -0.01590394
v 0.01284799 0.00543800 -0.01981598
v 0.01269397 0.00579997 -0.01980495
v 0.01221898 0.00541695 -0.01410299
v 0.01204798 0.00581398 -0.01408398
v 0.01335696 0.00000900 -0.01421099
v 0.01164499 0.00582399 -0.00865799
v 0.01180896 0.00540897 -0.00837397
v 0.01279494 0.00200697 -0.00851196
v 0.01162896 0.00582399 -0.00834596
v 0.01166597 0.00541194 -0.00261694
v 0.01255295 0.00300898 -0.00750899
v 0.01255295 0.00300898 -0.00750899
v 0.01279095 -0.00198797 -0.00849295
v 0.01279494 0.00200697 -0.00851196
v 0.01253095 -0.00304399 -0.00742400
v 0.01088998 0.00300898 -0.00216895
v 0.01245698 0.00300898 -0.00276595
v 0.01088998 0.00300898 -0.00216895
v 0.01255295 0.00300898 -0.00750899
v 0.01245698 0.00300898 -0.00276595
v 0.01261500 0.00300898 0.00295800
v 0.00751296 0.00300898 0.00465798
v 0.01088998 -0.00304399 -0.00216895
v 0.00751296 0.00300898 0.00465798
v 0.01261500 0.00300898 0.00295800
v 0.01184598 0.00542297 0.00314897
v 0.01309499 0.00300898 0.00865698
v 0.01309499 0.00300898 0.00865698
v 0.01242396 0.00543799 0.00887400
v 0.01389995 0.00301095 0.01430696
v 0.01389995 0.00301095 0.01430696
v 0.01341799 0.00545897 0.01450794
v 0.01404098 0.00301095 0.01510798
v -0.00416996 0.00300898 0.01435899
v 0.00193999 0.00300898 0.00978696
v 0.01404098 0.00301095 0.01510798
v 0.00193999 -0.00304399 0.00978696
v 0.00193999 0.00300898 0.00978696
v -0.00416996 0.00300898 0.01435899
v 0.00751296 -0.00304399 0.00465798
v 0.00751296 -0.00304399 0.00465798
v 0.01259795 -0.00304399 0.00297397
v 0.01088998 -0.00304399 -0.00216895
v 0.01308099 -0.00304399 0.00866997
v 0.01389095 -0.00304596 0.01431399
v 0.00193999 -0.00304399 0.00978696
v 0.01389095 -0.00304596 0.01431399
v 0.01341698 -0.00543998 0.01451295
v 0.01241997 -0.00541900 0.00888395
v 0.01403299 -0.00304596 0.01511496
v 0.01308099 -0.00304399 0.00866997
v -0.00416996 -0.00304399 0.01435899
v 0.01403299 -0.00304596 0.01511496
v 0.01498398 -0.00304596 0.01969099
v 0.01502898 -0.00304399 0.01988899
v 0.01484600 -0.00304697 0.01909798
v -0.00035700 -0.00304399 0.02884000
v -0.00570699 -0.00304399 0.02372997
v 0.01466897 -0.00304697 0.01830399
v 0.01449898 -0.00304697 0.01750898
v 0.01433697 -0.00304697 0.01671195
v 0.01418099 -0.00304596 0.01591396
v -0.00416996 -0.00304399 0.01435899
v -0.01019796 0.00000900 0.01904195
v -0.01005896 -0.00304399 0.01893395
v -0.01005896 -0.00304399 0.01893395
v -0.01005896 -0.00304399 0.01893395
v -0.00545099 -0.00528495 0.02358996
v -0.00570699 -0.00304399 0.02372997
v -0.00035700 -0.00304399 0.02884000
v -0.00319596 -0.00528495 0.02585399
v -0.00544699 -0.00531296 0.02358800
v -0.00014600 -0.00525395 0.02871698
v -0.00613197 -0.00532399 0.02286595
v -0.01029297 -0.00531797 0.01805096
v -0.01080294 0.00000900 0.01831400
v -0.01435097 -0.00535295 0.01194900
v -0.01311197 -0.00837098 0.01180195
v -0.00931998 -0.00817500 0.01798897
v -0.00954594 -0.00818400 0.01767796
v -0.00954594 -0.00818400 0.01767796
v -0.00873395 -0.00912897 0.01754999
v -0.00909295 -0.00869695 0.01781898
v -0.00931998 -0.00817500 0.01798897
v -0.01245596 -0.00918798 0.01146596
v -0.01311197 -0.00837098 0.01180195
v -0.01326897 -0.00838099 0.01148200
v -0.01497896 -0.00923697 0.00479698
v -0.01151397 -0.00949095 0.01098299
v -0.01151397 -0.00949095 0.01098299
v -0.00838097 -0.00949095 0.01296895
v -0.00781497 -0.00949095 0.01686400
v -0.00925996 -0.00949095 0.01141595
v -0.01403900 -0.00949094 0.00453698
v -0.01140698 -0.00949095 0.00654000
v -0.01403900 -0.00949094 0.00453698
v -0.01006098 -0.00949095 0.00982797
v -0.00828596 -0.00940297 0.01721495
v -0.00781497 -0.00949095 0.01686400
v -0.01077797 -0.00949095 0.00819999
v -0.01140698 -0.00949095 0.00654000
v -0.01117094 -0.00942395 0.00645798
v -0.01077797 -0.00949095 0.00819999
v -0.01171096 -0.00942395 0.00477099
v -0.01195099 -0.00949094 0.00484097
v -0.01195099 -0.00949094 0.00484097
v -0.01240798 -0.00949094 0.00310498
v -0.01240798 -0.00949094 0.00310498
v -0.01277097 -0.00949094 0.00135797
v -0.01216396 -0.00942395 0.00304794
v -0.01277097 -0.00949094 0.00135797
v -0.01304795 -0.00949094 -0.00041000
v -0.01304795 -0.00949094 -0.00041000
v -0.01252498 -0.00942395 0.00131297
v -0.01280000 -0.00942395 -0.00044200
v -0.01234497 -0.00924096 0.00127995
v -0.01198598 -0.00924096 0.00300598
v -0.01299097 -0.00942395 -0.00220198
v -0.01261796 -0.00924096 -0.00046600
v -0.01324000 -0.00949094 -0.00218099
v -0.01310499 -0.00942395 -0.00396597
v -0.01280900 -0.00924096 -0.00221795
v -0.01335498 -0.00949094 -0.00395596
v -0.01523699 -0.00949094 -0.00231195
v -0.01335498 -0.00949094 -0.00395596
v -0.01324000 -0.00949094 -0.00218099
v -0.01339598 -0.00949094 -0.00573397
v -0.01339598 -0.00949094 -0.00573397
v -0.01305999 -0.00949094 -0.01268500
v -0.01527198 -0.00949094 -0.00931198
v -0.01328697 -0.00949094 -0.00927395
v -0.01523699 -0.00949094 -0.00231195
v -0.01591595 -0.00938395 -0.00935197
v -0.01527198 -0.00949094 -0.00931198
v -0.01617100 -0.00925795 -0.00223500
v -0.01337000 -0.00949094 -0.00750297
v -0.01328697 -0.00949094 -0.00927395
v -0.01312097 -0.00942395 -0.00749499
v -0.01337000 -0.00949094 -0.00750297
v -0.01315095 -0.00949094 -0.01104795
v -0.01315095 -0.00949094 -0.01104795
v -0.01290198 -0.00942395 -0.01102596
v -0.01303698 -0.00942395 -0.00925899
v -0.01296898 -0.00949094 -0.01282399
v -0.01272197 -0.00942496 -0.01279598
v -0.01271995 -0.00942395 -0.01279598
v -0.01271995 -0.00924096 -0.01100897
v -0.01285495 -0.00924096 -0.00924695
v -0.01278796 -0.00899098 -0.00924295
v -0.01287099 -0.00899098 -0.00748700
v -0.01293798 -0.00924096 -0.00748897
v -0.01289495 -0.00899098 -0.00614596
v -0.01296296 -0.00924096 -0.00573498
v -0.01289596 -0.00899098 -0.00573498
v -0.01285495 -0.00899098 -0.00397694
v -0.01292195 -0.00924096 -0.00397396
v -0.01314594 -0.00942395 -0.00573397
v -0.01274194 -0.00899098 -0.00222397
v -0.01248600 -0.00749097 -0.00000100
v -0.01274194 -0.00899098 -0.00222397
v -0.01281394 -0.00749097 -0.00319499
v -0.01255198 -0.00899098 -0.00047500
v -0.01285495 -0.00899098 -0.00397694
v -0.01255198 -0.00899098 -0.00047500
v -0.01233299 -0.00899098 0.00096500
v -0.01233299 -0.00899098 0.00096500
v -0.01233299 -0.00749097 0.00096500
v -0.01227899 -0.00899098 0.00126797
v -0.01227899 -0.00899098 0.00126797
v -0.01192095 -0.00899098 0.00299096
v -0.01192095 -0.00899098 0.00299096
v -0.01188697 -0.00749097 0.00313496
v -0.01147099 -0.00899098 0.00470096
v -0.01147099 -0.00899098 0.00470096
v -0.01039096 -0.00749097 0.00782394
v -0.01093497 -0.00899098 0.00637495
v -0.01093497 -0.00899098 0.00637495
v -0.01153495 -0.00924096 0.00471997
v -0.01043995 -0.00749097 0.00770098
v -0.01099797 -0.00749097 0.00619596
v -0.01037796 -0.00724099 0.00767594
v -0.01039096 -0.00749097 0.00782394
v -0.01043995 -0.00749097 0.00770098
v -0.00980695 -0.00749097 0.00918495
v -0.01039096 -0.00899098 0.00782394
v -0.00974597 -0.00724099 0.00915795
v -0.00980695 -0.00749097 0.00918495
v -0.01076098 -0.00705794 0.00611496
v -0.01093395 -0.00724099 0.00617498
v -0.00957997 -0.00705794 0.00908196
v -0.01099797 -0.00749097 0.00619596
v -0.00935199 -0.00699095 0.00897795
v -0.00812497 -0.00705794 0.01192098
v -0.00828400 -0.00724099 0.01201200
v -0.00790795 -0.00699095 0.01179695
v -0.00644394 -0.00705794 0.01460796
v -0.00659498 -0.00724099 0.01471096
v -0.00665095 -0.00749097 0.01474899
v -0.00476094 -0.00749097 0.01732295
v -0.00470795 -0.00724099 0.01728099
v -0.00706395 -0.00749097 0.01412999
v -0.00665095 -0.00749097 0.01474899
v -0.00706395 -0.00899098 0.01412999
v -0.00706395 -0.00749097 0.01412999
v -0.00795200 -0.00899098 0.01271200
v -0.00834199 -0.00749097 0.01204496
v -0.00834199 -0.00749097 0.01204496
v -0.00881895 -0.00899098 0.01118099
v -0.00795200 -0.00899098 0.01271200
v -0.00800999 -0.00924097 0.01274698
v -0.00881895 -0.00899098 0.01118099
v -0.00706395 -0.00899098 0.01412999
v -0.00887897 -0.00924096 0.01121199
v -0.00816699 -0.00942395 0.01283997
v -0.00706699 -0.00924097 0.01424795
v -0.00721999 -0.00942395 0.01434898
v -0.00742795 -0.00949095 0.01448595
v -0.00641998 -0.00949095 0.01595097
v -0.00838097 -0.00949095 0.01296895
v -0.00621697 -0.00942395 0.01580500
v -0.00641998 -0.00949095 0.01595097
v -0.00535395 -0.00949095 0.01737600
v -0.00535395 -0.00949095 0.01737600
v -0.00742795 -0.00949095 0.01448595
v -0.00424000 -0.00949095 0.01876097
v -0.00515696 -0.00942395 0.01722198
v -0.00424000 -0.00949095 0.01876097
v -0.00501200 -0.00924097 0.01710999
v -0.00404795 -0.00942395 0.01860195
v -0.00606795 -0.00924097 0.01569795
v -0.00495895 -0.00899098 0.01706898
v -0.00601395 -0.00899098 0.01565897
v -0.00390699 -0.00924097 0.01848495
v -0.00385597 -0.00899098 0.01844197
v -0.00275799 -0.00924097 0.01982694
v -0.00289597 -0.00942395 0.01994800
v -0.00308295 -0.00949095 0.02011299
v -0.00275799 -0.00924097 0.01982694
v -0.00250395 -0.00942395 0.02070999
v -0.00289597 -0.00942395 0.01994800
v -0.00274798 -0.00949095 0.02076596
v -0.00308295 -0.00949095 0.02011299
v -0.00308498 -0.00949095 0.02209800
v -0.00308295 -0.00949095 0.02011299
v -0.00274798 -0.00949095 0.02076596
v -0.00328698 -0.00949095 0.02220797
v -0.00308498 -0.00949095 0.02209800
v -0.00318994 -0.00943200 0.02242100
v -0.00328698 -0.00949095 0.02220797
v -0.00276198 -0.00949095 0.02149999
v -0.00252094 -0.00942395 0.02156597
v -0.00308498 -0.00949095 0.02209800
v -0.00276198 -0.00949095 0.02149999
v -0.00292697 -0.00942795 0.02228498
v -0.00292697 -0.00942795 0.02228498
v -0.00318994 -0.00943200 0.02242100
v -0.00389197 -0.00939200 0.02246999
v -0.00318899 -0.00943099 0.02242296
v -0.00318899 -0.00943099 0.02242296
v -0.00407799 -0.00918798 0.02275395
v -0.00389197 -0.00939200 0.02246999
v -0.00328698 -0.00949095 0.02220797
v -0.00456097 -0.00908695 0.02260994
v -0.00416895 -0.00928996 0.02254599
v -0.00416895 -0.00928996 0.02254599
v -0.00456097 -0.00908695 0.02260994
v -0.00518795 -0.00861196 0.02259498
v -0.00500699 -0.00877098 0.02261596
v -0.00492396 -0.00864599 0.02277100
v -0.00500699 -0.00877098 0.02261596
v -0.00518795 -0.00861196 0.02259498
v -0.00510796 -0.00848500 0.02273499
v -0.00489696 -0.00860695 0.02279895
v -0.00467696 -0.00871597 0.02284699
v -0.00467696 -0.00871597 0.02284699
v -0.00510796 -0.00848500 0.02273499
v -0.00489696 -0.00860695 0.02279895
v -0.00512197 -0.00648097 0.02324998
v -0.00407597 -0.00893895 0.02288597
v -0.00407597 -0.00893895 0.02288597
v -0.00490596 -0.00666497 0.02327299
v -0.00411298 -0.00718997 0.02321499
v -0.00396498 -0.00726299 0.02317994
v -0.00395598 -0.00897000 0.02287900
v -0.00396796 -0.00899397 0.02287298
v -0.00395598 -0.00897000 0.02287900
v -0.00311299 -0.00926499 0.02258795
v -0.00311299 -0.00926499 0.02258795
v -0.00280299 -0.00924097 0.02243095
v -0.00307997 -0.00904499 0.02265995
v -0.00280800 -0.00925295 0.02242499
v -0.00311496 -0.00927095 0.02258396
v -0.00353798 -0.00904099 0.02281397
v -0.00307997 -0.00904499 0.02265995
v -0.00311496 -0.00927095 0.02258396
v -0.00307997 -0.00904499 0.02265995
v -0.00323495 -0.00746999 0.02286899
v -0.00353798 -0.00904099 0.02281397
v -0.00276097 -0.00899098 0.02248400
v -0.00275996 -0.00901298 0.02248197
v -0.00275996 -0.00901298 0.02248197
v -0.00275996 -0.00901298 0.02248197
v -0.00232395 -0.00899098 0.02177196
v -0.00276097 -0.00899098 0.02248400
v -0.00280299 -0.00924097 0.02243095
v -0.00232395 -0.00899098 0.02177196
v -0.00232395 -0.00749097 0.02177196
v -0.00292095 -0.00772796 0.02263498
v -0.00276097 -0.00899098 0.02248400
v -0.00227996 -0.00899098 0.02163195
v -0.00234398 -0.00924097 0.02161395
v -0.00227996 -0.00899098 0.02163195
v -0.00224497 -0.00899098 0.02072495
v -0.00232597 -0.00924097 0.02066797
v -0.00292196 -0.00942395 0.02228999
v -0.00280800 -0.00925295 0.02242499
v -0.00292196 -0.00942395 0.02228999
v -0.00226095 -0.00899098 0.02065294
v -0.00270798 -0.00899098 0.01978296
v -0.00270798 -0.00899098 0.01978296
v -0.00385597 -0.00899098 0.01844197
v -0.00270798 -0.00749097 0.01978296
v -0.00270798 -0.00899098 0.01978296
v -0.00270798 -0.00749097 0.01978296
v -0.00226095 -0.00899098 0.02065294
v -0.00270798 -0.00899098 0.01978296
v -0.00224497 -0.00749097 0.02072495
v -0.00217994 -0.00724099 0.02071195
v -0.00224497 -0.00749097 0.02072495
v -0.00265797 -0.00724099 0.01973795
v -0.00270798 -0.00749097 0.01978296
v -0.00265797 -0.00724099 0.01973795
v -0.00476094 -0.00749097 0.01732295
v -0.00252094 -0.00705795 0.01961696
v -0.00456395 -0.00705794 0.01716798
v -0.00252094 -0.00705795 0.01961696
v -0.00436696 -0.00699095 0.01701396
v -0.00623699 -0.00699095 0.01446700
v 0.01007596 -0.00699095 0.00602096
v -0.00436696 -0.00699095 0.01701396
v -0.00790795 -0.00699095 0.01179695
v -0.00233295 -0.00699095 0.01945197
v -0.00623699 -0.00699095 0.01446700
v -0.00233295 -0.00699095 0.01945197
v -0.00175395 -0.00699095 0.02063000
v -0.00175395 -0.00699095 0.02063000
v -0.00233295 -0.00699095 0.01945197
v -0.00181695 -0.00699095 0.02443695
v -0.00208797 -0.00705795 0.02185499
v -0.00200000 -0.00705795 0.02067697
v -0.00185200 -0.00699095 0.02193897
v -0.00185200 -0.00699095 0.02193897
v -0.00275996 -0.00705795 0.02282595
v -0.00225999 -0.00724099 0.02179396
v -0.00281497 -0.00705795 0.02287197
v -0.00275996 -0.00705795 0.02282595
v -0.00259896 -0.00699095 0.02301698
v -0.00259896 -0.00699095 0.02301698
v -0.00287797 -0.00724099 0.02268600
v -0.00287797 -0.00724099 0.02268600
v -0.00293299 -0.00724099 0.02273195
v -0.00292095 -0.00749097 0.02263498
v -0.00232395 -0.00749097 0.02177196
v -0.00292095 -0.00749097 0.02263498
v -0.00297596 -0.00749097 0.02268099
v -0.00292095 -0.00749097 0.02263498
v -0.00292095 -0.00749097 0.02263498
v -0.00297596 -0.00749097 0.02268099
v -0.00292095 -0.00772796 0.02263498
v -0.00292095 -0.00772796 0.02263498
v -0.00297596 -0.00749097 0.02268099
v -0.00293299 -0.00724099 0.02273195
v -0.00321396 -0.00729195 0.02290397
v -0.00297596 -0.00749097 0.02268099
v -0.00323495 -0.00746999 0.02286899
v -0.00321396 -0.00729195 0.02290397
v -0.00405695 -0.00706099 0.02324700
v -0.00396498 -0.00726299 0.02317994
v -0.00319698 -0.00722895 0.02293199
v -0.00323495 -0.00746999 0.02286899
v -0.00319698 -0.00722895 0.02293199
v -0.00315496 -0.00712995 0.02300000
v -0.00399598 -0.00694398 0.02331995
v -0.00315496 -0.00712995 0.02300000
v -0.00398298 -0.00677298 0.02356398
v -0.00393995 -0.00685499 0.02342998
v -0.00481495 -0.00651399 0.02335900
v -0.00490596 -0.00666497 0.02327299
v -0.00310095 -0.00705395 0.02308696
v -0.00281497 -0.00705795 0.02287197
v -0.00310095 -0.00705395 0.02308696
v -0.00306698 -0.00702397 0.02314096
v -0.00306698 -0.00702397 0.02314096
v -0.00265398 -0.00699095 0.02306300
v -0.00297298 -0.00699095 0.02329397
v -0.00389596 -0.00680498 0.02355796
v -0.00297298 -0.00699095 0.02329397
v -0.00389596 -0.00680498 0.02355796
v -0.00245395 -0.00677000 0.02509200
v -0.00398298 -0.00677298 0.02356398
v -0.00297298 -0.00699095 0.02329397
v 0.00056500 -0.00676600 0.02793395
v -0.00294998 -0.00615595 0.02560198
v 0.00056900 -0.00676898 0.02792894
v -0.00181695 -0.00699095 0.02443695
v 0.00399098 -0.00612400 0.03057897
v 0.00056900 -0.00676898 0.02792894
v 0.00416199 -0.00676100 0.02988195
v 0.00056500 -0.00676600 0.02793395
v 0.00438294 -0.00699095 0.02897799
v 0.00118500 -0.00699095 0.02725297
v 0.00118500 -0.00699095 0.02725297
v 0.00824395 -0.00675498 0.02981996
v 0.01181695 -0.00674395 0.02783000
v 0.00843600 -0.00610499 0.03051400
v 0.01115194 -0.00699095 0.02713400
v 0.00799397 -0.00699095 0.02891296
v 0.00438294 -0.00699095 0.02897799
v 0.01115194 -0.00699095 0.02713400
v 0.00799397 -0.00699095 0.02891296
v 0.00118500 -0.00699095 0.02725297
v 0.01291099 -0.00699095 0.02055096
v 0.01297197 -0.00699095 0.02410900
v 0.01118395 -0.00699095 0.01334995
v 0.01297197 -0.00699095 0.02410900
v 0.01118395 -0.00699095 0.01334995
v 0.01178095 -0.00689600 0.01323199
v 0.01291099 -0.00699095 0.02055096
v 0.01063696 -0.00690995 0.00596398
v 0.01007596 -0.00699095 0.00602096
v 0.01074597 -0.00667099 -0.00138497
v 0.01117698 -0.00665698 0.00590897
v 0.00966099 -0.00699095 -0.00136900
v 0.00980995 -0.00699095 -0.00874698
v 0.01167599 -0.00579397 0.00320494
v 0.01089600 -0.00666997 -0.00869095
v 0.01147398 -0.00581298 -0.00256199
v 0.01148495 -0.00581197 -0.00139499
v 0.01148495 -0.00581197 -0.00139499
v 0.01183996 -0.00540296 0.00316298
v 0.01167599 -0.00579397 0.00320494
v 0.01165798 -0.00539199 -0.00259799
v 0.01147398 -0.00581298 -0.00256199
v 0.01253095 -0.00304399 -0.00742400
v 0.01179996 -0.00538895 -0.00835198
v 0.01161698 -0.00580797 -0.00832295
v 0.01259795 -0.00304399 0.00297397
v 0.01243898 -0.00304399 -0.00274700
v 0.01163396 -0.00580696 -0.00865197
v 0.01161698 -0.00580797 -0.00832295
v 0.01163396 -0.00580696 -0.00865197
v 0.01203397 -0.00579796 -0.01405698
v 0.01220796 -0.00539497 -0.01407694
v 0.01203397 -0.00579796 -0.01405698
v 0.01221797 -0.00579498 -0.01589697
v 0.01148400 -0.00666598 -0.01597499
v 0.01221797 -0.00579498 -0.01589697
v 0.01267895 -0.00578496 -0.01977598
v 0.01283595 -0.00541595 -0.01978695
v 0.01267895 -0.00578496 -0.01977598
v 0.01314196 -0.00577298 -0.02311897
v 0.01241097 -0.00665996 -0.02322399
v 0.01314196 -0.00577298 -0.02311897
v 0.01349899 -0.00576297 -0.02547597
v 0.01362595 -0.00545499 -0.02547997
v 0.01349899 -0.00576297 -0.02547597
v 0.01474700 0.00000900 -0.02552497
v 0.01452395 -0.00551495 -0.03115397
v 0.01474294 0.00000900 -0.02549797
v 0.01397500 0.00000900 -0.01987600
v 0.01429400 -0.00573495 -0.03031897
v 0.01356694 -0.00664798 -0.03044098
v 0.01429400 -0.00573495 -0.03031897
v 0.01443896 -0.00572995 -0.03115600
v 0.01443896 -0.00572995 -0.03115600
v 0.01486299 -0.00663194 -0.03763300
v 0.01545796 -0.00568697 -0.03681796
v 0.01545796 -0.00568697 -0.03681796
v 0.01558498 -0.00568196 -0.03750199
v 0.01549295 -0.00559297 -0.03681600
v 0.01530495 -0.00620195 -0.03755199
v 0.01558498 -0.00568196 -0.03750199
v 0.01561394 0.00000901 -0.03115695
v 0.01653597 0.00000901 -0.03674495
v 0.01616797 -0.00565598 -0.04058998
v 0.01616797 -0.00565598 -0.04058998
v 0.01668599 -0.00616297 -0.04472500
v 0.01652798 -0.00563994 -0.04245996
v 0.01750699 0.00000901 -0.04234796
v 0.01652798 -0.00563994 -0.04245996
v 0.01654098 0.00000901 -0.03677695
v 0.01695797 -0.00562194 -0.04467296
v 0.01695797 -0.00562194 -0.04467296
v 0.01668599 -0.00616297 -0.04472500
v 0.01761499 -0.00567994 -0.04813897
v 0.01695797 -0.00562194 -0.04467296
v 0.01852897 0.00000901 -0.04799300
v 0.01761499 -0.00567994 -0.04813897
v 0.01751295 0.00000901 -0.04238396
v 0.01853594 0.00000901 -0.04803198
v 0.01696697 0.00563696 -0.04468494
v 0.01852897 0.00000901 -0.04799300
v 0.01853594 0.00000901 -0.04803198
v 0.01751295 0.00000901 -0.04238396
v 0.01762799 0.00569698 -0.04818099
v 0.01669595 0.00617900 -0.04473698
v 0.01654294 0.00565496 -0.04249995
v 0.01696697 0.00563696 -0.04468494
v 0.01654294 0.00565496 -0.04249995
v 0.01762799 0.00569698 -0.04818099
v 0.01669595 0.00617900 -0.04473698
v 0.01696697 0.00563696 -0.04468494
v 0.01655194 0.00635800 -0.04476499
v 0.01531598 0.00621798 -0.03756296
v 0.01612094 0.00567397 -0.04030299
v 0.01655194 0.00635800 -0.04476499
v 0.01734099 0.00638798 -0.04866498
v 0.01625195 0.00663099 -0.04482299
v 0.01487497 0.00664899 -0.03764396
v 0.01625195 0.00663099 -0.04482299
v 0.01590499 0.00683495 -0.04488998
v 0.01432499 0.00692197 -0.03774398
v 0.01547399 0.00570199 -0.03685599
v 0.01445499 0.00574496 -0.03119200
v 0.01358000 0.00666496 -0.03044998
v 0.01374898 0.00700900 -0.03784996
v 0.01510194 0.00700900 -0.04504400
v 0.01569095 0.00691697 -0.04493099
v 0.01247499 0.00700900 -0.03063696
v 0.00468496 0.00700900 -0.02915495
v 0.01132998 0.00700899 -0.02338999
v 0.01247499 0.00700900 -0.03063696
v 0.00880495 0.00700900 -0.03543996
v 0.01374898 0.00700900 -0.03784996
v 0.00099100 0.00803795 -0.03157699
v 0.00468496 0.00700900 -0.02915495
v 0.00880495 0.00700900 -0.03543996
v 0.00511095 0.00803795 -0.03786098
v 0.01292595 0.00700900 -0.04172396
v 0.01292595 0.00700900 -0.04172396
v 0.00217698 0.01091197 -0.03978496
v 0.00629697 0.01091197 -0.04606997
v 0.00923196 0.00803795 -0.04414600
v 0.01041696 0.01091197 -0.05235397
v 0.01510194 0.00700900 -0.04504400
v 0.01335195 0.00803795 -0.05042999
v 0.01453796 0.01091197 -0.05863797
v 0.01780096 0.00785396 -0.05649900
v 0.01696095 0.00735995 -0.05266898
v 0.01747200 0.00803795 -0.05671495
v 0.01601395 0.00708499 -0.04868495
v 0.01601395 0.00708499 -0.04868495
v 0.01758298 0.00708696 -0.05259799
v 0.01696095 0.00735995 -0.05266898
v 0.01780096 0.00785396 -0.05649900
v 0.01590499 0.00683495 -0.04488998
v 0.01830396 0.00756499 -0.05644595
v 0.01806399 0.00664398 -0.05256897
v 0.01869598 0.00717297 -0.05646699
v 0.01886597 0.00838998 -0.06024795
v 0.01800999 0.00803796 -0.05753594
v 0.01800999 0.00803796 -0.05753594
v 0.01848599 0.00864497 -0.06019896
v 0.01848599 0.00864497 -0.06019896
v 0.01880196 0.00999698 -0.06368899
v 0.01880196 0.00999698 -0.06368899
v 0.01902697 0.00984397 -0.06381696
v 0.01859698 0.01091197 -0.06483000
v 0.01859698 0.01091197 -0.06483000
v 0.01862899 0.01109698 -0.06515896
v 0.01850096 0.01113197 -0.06498497
v 0.01850096 0.01113197 -0.06498497
v 0.01516596 0.01394096 -0.06250000
v 0.01749995 0.01246896 -0.06495195
v 0.01807496 0.01183000 -0.06518000
v 0.01814994 0.01188001 -0.06537395
v 0.01807496 0.01183000 -0.06518000
v 0.01753798 0.01272198 -0.06536597
v 0.01753095 0.01260701 -0.06515997
v 0.01820496 0.01191500 -0.06556397
v 0.01752195 0.01282599 -0.06559497
v 0.01824597 0.01194098 -0.06577301
v 0.01494900 0.01465997 -0.06296700
v 0.01509199 0.01433596 -0.06272000
v 0.01749995 0.01246896 -0.06495195
v 0.01516596 0.01394096 -0.06250000
v 0.01304695 0.01460996 -0.05961596
v 0.01280198 0.01520100 -0.05968999
v 0.01304695 0.01460996 -0.05961596
v 0.01295194 0.01462999 -0.05947899
v 0.01295194 0.01462999 -0.05947899
v 0.00884697 0.01503595 -0.05338394
v 0.00884697 0.01503595 -0.05338394
v 0.00863198 0.01503595 -0.05305498
v 0.00833598 0.01583001 -0.05324596
v 0.00863198 0.01503595 -0.05305498
v 0.00476894 0.01479897 -0.04707098
v 0.00476894 0.01479897 -0.04707098
v 0.00439796 0.01475599 -0.04648697
v 0.00396994 0.01564195 -0.04667699
v 0.00439796 0.01475599 -0.04648697
v 0.00078000 0.01419499 -0.04070097
v 0.00078000 0.01419499 -0.04070097
v -0.00028900 0.01498696 -0.04005396
v 0.00025900 0.01409498 -0.03985095
v 0.00025900 0.01409498 -0.03985095
v -0.00309696 0.01334700 -0.03425699
v -0.00194296 0.01091197 -0.03350096
v -0.00309696 0.01334700 -0.03425699
v -0.00606295 0.01091196 -0.02721595
v -0.00312897 0.00803795 -0.02529197
v -0.00373998 0.01318296 -0.03315496
v -0.00440099 0.01402697 -0.03337597
v -0.00373998 0.01318296 -0.03315496
v -0.00680795 0.01228996 -0.02770495
v -0.00680795 0.01228996 -0.02770495
v -0.00751694 0.01205500 -0.02638494
v -0.00829598 0.01280399 -0.02661997
v -0.00751694 0.01205500 -0.02638494
v -0.01024796 0.01101299 -0.02097398
v -0.01024796 0.01101299 -0.02097398
v -0.01018395 0.01091196 -0.02093195
v -0.01048096 0.01091196 -0.02047795
v -0.01182397 0.01130898 -0.01973497
v -0.01048096 0.01091196 -0.02047795
v -0.01092996 0.01071198 -0.01950597
v -0.01323195 0.00953497 -0.01394397
v -0.01439096 0.01040699 -0.01660597
v -0.01284899 0.01134296 -0.02015596
v -0.01113494 0.01221998 -0.02364295
v -0.01472797 0.00959297 -0.01263594
v -0.01200398 0.01175095 -0.02414000
v -0.01199796 0.01175495 -0.02415394
v -0.01017698 0.01263400 -0.02761298
v -0.00928994 0.01302095 -0.02707898
v -0.00533500 0.01438996 -0.03383898
v -0.00823899 0.01343897 -0.03104799
v -0.00747599 0.01372596 -0.03235095
v -0.00624796 0.01415595 -0.03439795
v -0.00421199 0.01479301 -0.03768396
v -0.00113895 0.01546099 -0.04049897
v -0.00624796 0.01415595 -0.03439795
v -0.00591698 0.01385697 -0.03775298
v -0.00747599 0.01372596 -0.03235095
v -0.00421199 0.01479301 -0.03768396
v -0.00878700 0.01145497 -0.03784799
v -0.00658997 0.01161799 -0.04463899
v -0.00385299 0.01403299 -0.04440498
v -0.00204398 0.01537797 -0.04105800
v -0.00082698 0.01566496 -0.04289895
v -0.00204398 0.01537797 -0.04105800
v -0.00082698 0.01566496 -0.04289895
v -0.00006000 0.01582899 -0.04404199
v -0.00006000 0.01582899 -0.04404199
v -0.00047200 0.01569798 -0.04408496
v -0.00171294 0.01420298 -0.05100196
v 0.00150297 0.01587698 -0.05052798
v 0.00350497 0.01602897 -0.05697995
v 0.00239698 0.01627001 -0.04761099
v 0.00419298 0.01649299 -0.05011695
v 0.00628898 0.01662597 -0.05296796
v 0.00419298 0.01649299 -0.05011695
v 0.00780199 0.01638999 -0.05359399
v 0.00628898 0.01662597 -0.05296796
v 0.00324396 0.01618996 -0.04708397
v 0.00239698 0.01627001 -0.04761099
v 0.00852398 0.01658496 -0.05587500
v 0.01014195 0.01617399 -0.05680096
v 0.00710598 0.01663598 -0.05404996
v 0.00720296 0.01670196 -0.05616497
v 0.00710598 0.01663598 -0.05404996
v 0.00852398 0.01658496 -0.05587500
v 0.00545696 0.01613000 -0.06334596
v 0.00896100 0.01680895 -0.06241196
v 0.00957600 0.01648399 -0.05720394
v 0.01188800 0.01604101 -0.06004595
v 0.01226595 0.01606300 -0.06153398
v 0.01211700 0.01597801 -0.06031697
v 0.01188800 0.01604101 -0.06004595
v 0.01252297 0.01565095 -0.05996894
v 0.01211700 0.01597801 -0.06031697
v 0.00957600 0.01648399 -0.05720394
v 0.01299498 0.01569697 -0.06134200
v 0.01299498 0.01569697 -0.06134200
v 0.01472798 0.01493600 -0.06325799
v 0.01472798 0.01493600 -0.06325799
v 0.01752195 0.01282599 -0.06559497
v 0.01384995 0.01610997 -0.06795197
v 0.01065597 0.01684698 -0.06867896
v 0.01835999 0.01177498 -0.06576097
v 0.01860300 0.01178100 -0.06691795
v 0.01535598 0.01607701 -0.07442498
v 0.01824597 0.01194098 -0.06577301
v 0.01225796 0.01679799 -0.07496798
v 0.00898395 0.01610300 -0.07556896
v 0.00726996 0.01615998 -0.06946396
v 0.00407097 0.01197996 -0.07637995
v 0.00587097 0.01186695 -0.08232396
v 0.01059798 0.01595500 -0.08173400
v 0.00754497 0.01168599 -0.08826696
v 0.01208195 0.01571998 -0.08791595
v 0.01374099 0.01665696 -0.08126795
v 0.00506899 0.00608001 -0.08819097
v 0.00664095 0.00598196 -0.09397399
v 0.00907496 0.01144699 -0.09421795
v 0.00805894 0.00585900 -0.09981197
v 0.00713894 0.00000902 -0.09954696
v 0.00572399 0.00000902 -0.09377300
v 0.00573597 0.00000902 -0.09381699
v 0.00664595 -0.00596293 -0.09393996
v 0.00573597 0.00000902 -0.09381699
v 0.00713894 0.00000902 -0.09954696
v 0.00572399 0.00000902 -0.09377300
v 0.00506899 -0.00606098 -0.08815395
v 0.00806699 -0.00583895 -0.09977900
v 0.00906495 -0.01143993 -0.09417396
v 0.00753299 -0.01167598 -0.08822298
v 0.01340798 -0.01539893 -0.09406799
v 0.01044200 -0.01115395 -0.10016401
v 0.01206699 -0.01571199 -0.08786898
v 0.01459900 -0.01501794 -0.10029301
v 0.01507595 -0.01640894 -0.08754795
v 0.01628998 -0.01609494 -0.09390097
v 0.01163998 -0.01082995 -0.10618200
v 0.01562897 -0.01457895 -0.10653901
v 0.01735696 -0.01570894 -0.10027500
v 0.02009896 -0.01508494 -0.10031101
v 0.01827398 -0.01525993 -0.10666801
v 0.01911095 -0.01543893 -0.09378695
v 0.02094695 -0.01467193 -0.10685200
v 0.01903799 -0.01475693 -0.11307700
v 0.01648900 -0.01408995 -0.11280200
v 0.01263496 -0.01047494 -0.11222400
v 0.01340297 -0.01009496 -0.11828600
v 0.01716897 -0.01355596 -0.11908000
v 0.01391694 -0.00970097 -0.12436000
v 0.01106200 -0.00536396 -0.11751000
v 0.01152399 -0.00518395 -0.12347200
v 0.01052198 0.00000902 -0.12304500
v 0.01052395 0.00000902 -0.12308800
v 0.01062098 0.00000902 -0.12898700
v 0.01166299 -0.00500496 -0.12944600
v 0.01150295 0.00520502 -0.12350100
v 0.01062098 0.00000902 -0.12898700
v 0.01052395 0.00000902 -0.12308800
v 0.01104298 0.00538496 -0.11753900
v 0.01052198 0.00000902 -0.12304500
v 0.01340595 0.01009802 -0.11832900
v 0.01029400 0.00555698 -0.11159900
v 0.01263997 0.01047800 -0.11226700
v 0.01009498 0.00000902 -0.11716500
v 0.01009098 0.00000902 -0.11712200
v 0.01009498 0.00000902 -0.11716500
v 0.01009098 0.00000902 -0.11712200
v 0.00936500 0.00000902 -0.11127000
v 0.01030896 -0.00553598 -0.11156900
v 0.00936500 0.00000902 -0.11127000
v 0.00929997 -0.00569596 -0.10565700
v 0.00935898 0.00000902 -0.11122600
v 0.00836299 0.00000902 -0.10536700
v 0.00837097 0.00000902 -0.10541100
v 0.00837097 0.00000902 -0.10541100
v 0.00928799 0.00571601 -0.10568900
v 0.00935898 0.00000902 -0.11122600
v 0.00836299 0.00000902 -0.10536700
v 0.01044998 0.01115999 -0.10020800
v 0.01164696 0.01083402 -0.10622600
v 0.01461098 0.01502100 -0.10034100
v 0.01342097 0.01540497 -0.09411495
v 0.01509395 0.01642498 -0.08759498
v 0.01630697 0.01611098 -0.09394800
v 0.01737198 0.01572398 -0.10032300
v 0.01912096 0.01546499 -0.09383600
v 0.01799497 0.01574900 -0.08732998
v 0.02010694 0.01511101 -0.10035900
v 0.02348694 0.01140698 -0.09379595
v 0.02242395 0.01158997 -0.08705198
v 0.02507696 0.00605199 -0.08711498
v 0.02620497 0.00599400 -0.09402096
v 0.02442995 0.01117799 -0.10055100
v 0.02385995 0.00608299 -0.08025795
v 0.02484295 0.00000901 -0.08028900
v 0.02610698 0.00000901 -0.08716696
v 0.02611700 0.00000901 -0.08721995
v 0.02730099 0.00000902 -0.09414398
v 0.02611700 0.00000901 -0.08721995
v 0.02621296 -0.00598194 -0.09397596
v 0.02730099 0.00000902 -0.09414398
v 0.02508095 -0.00603893 -0.08706897
v 0.02610698 0.00000901 -0.08716696
v 0.02730999 0.00000902 -0.09419697
v 0.02730999 0.00000902 -0.09419697
v 0.02722594 0.00591097 -0.10093000
v 0.02839199 0.00000902 -0.10112500
v 0.02723798 -0.00590094 -0.10088800
v 0.02839199 0.00000902 -0.10112500
v 0.02525196 0.01090900 -0.10732200
v 0.02813795 0.00580696 -0.10785400
v 0.02839998 0.00000902 -0.10117700
v 0.02937499 0.00000902 -0.10811700
v 0.02839998 0.00000902 -0.10117700
v 0.02815297 -0.00579896 -0.10781300
v 0.02937499 0.00000902 -0.10811700
v 0.02938196 0.00000902 -0.10816900
v 0.02895698 -0.00567897 -0.11475700
v 0.02526298 -0.01089693 -0.10728000
v 0.02597097 -0.01059594 -0.11407100
v 0.02655998 -0.01026495 -0.12087801
v 0.02165595 -0.01420595 -0.11340900
v 0.02222595 -0.01369394 -0.11997900
v 0.01964495 -0.01420398 -0.11949900
v 0.02008596 -0.01361097 -0.12592700
v 0.02264896 -0.01314397 -0.12655290
v 0.02702299 -0.00991292 -0.12769801
v 0.02291200 -0.01257492 -0.13313200
v 0.02034596 -0.01299895 -0.13235800
v 0.01792696 -0.01240797 -0.13165400
v 0.01795796 -0.01184596 -0.13795391
v 0.02039895 -0.01239992 -0.13880100
v 0.02299199 -0.01201995 -0.13971900
v 0.02020899 -0.01187296 -0.14525101
v 0.01771400 -0.01135994 -0.14425101
v 0.01365999 -0.00865693 -0.14257901
v 0.01288095 -0.00849797 -0.14859100
v 0.01715198 -0.01102192 -0.15053401
v 0.00991795 -0.00465794 -0.14722000
v 0.00854496 -0.00469894 -0.15312301
v 0.01169399 -0.00852795 -0.15462400
v 0.00675098 -0.00486196 -0.15901700
v 0.01008300 -0.00879092 -0.16063491
v 0.01622895 -0.01090694 -0.15681300
v 0.00456498 -0.00515492 -0.16475800
v 0.00807098 -0.00930197 -0.16651000
v 0.01492199 -0.01107192 -0.16305301
v 0.00833396 -0.01147497 -0.17365301
v 0.00567595 -0.01004792 -0.17223390
v 0.01323995 -0.01153791 -0.16919001
v 0.00356398 -0.00807096 -0.17113100
v 0.01442400 -0.01260895 -0.17694000
v 0.01120696 -0.01229096 -0.17520090
v 0.02072099 -0.01121491 -0.16596700
v 0.01937595 -0.01166094 -0.17238300
v 0.01773200 -0.01238793 -0.17870300
v 0.01230696 -0.01356691 -0.18298499
v 0.00886295 -0.01327896 -0.18107000
v 0.01582799 -0.01334793 -0.18491300
v 0.02084497 -0.01163096 -0.18034400
v 0.01916298 -0.01259595 -0.18672000
v 0.01785895 -0.01312894 -0.18798700
v 0.01533899 -0.01360095 -0.18637900
v 0.01523200 -0.01361394 -0.18631201
v 0.01256195 -0.01378596 -0.18463300
v 0.01533899 -0.01360095 -0.18637900
v 0.01770297 -0.01311297 -0.18822099
v 0.01785895 -0.01312894 -0.18798700
v 0.01508197 -0.01359093 -0.18654300
v 0.01523200 -0.01361394 -0.18631201
v 0.01754800 -0.01294995 -0.18839291
v 0.02023998 -0.01220793 -0.18988200
v 0.01865199 -0.01289994 -0.18849901
v 0.02040199 -0.01221192 -0.18964400
v 0.01865199 -0.01289994 -0.18849901
v 0.02033100 -0.01222992 -0.18976191
v 0.02040199 -0.01221192 -0.18964400
v 0.02152994 -0.01157993 -0.19056401
v 0.02143595 -0.01156193 -0.19068401
v 0.02133498 -0.01150596 -0.19077900
v 0.02245996 -0.01072497 -0.19155400
v 0.02256796 -0.01077694 -0.19146000
v 0.02350095 -0.00979895 -0.19228891
v 0.02361396 -0.00984496 -0.19219700
v 0.02266500 -0.01079095 -0.19133800
v 0.02176896 -0.01145393 -0.19055700
v 0.02273294 -0.01076794 -0.19121601
v 0.02371296 -0.00985593 -0.19207400
v 0.02427396 -0.00929893 -0.19230500
v 0.02377895 -0.00983191 -0.19194900
v 0.02465800 -0.00878096 -0.19276001
v 0.02455697 -0.00877393 -0.19288300
v 0.02472195 -0.00875694 -0.19263201
v 0.02455697 -0.00877393 -0.19288300
v 0.02510396 -0.00802696 -0.19329600
v 0.02465800 -0.00878096 -0.19276001
v 0.02520600 -0.00802994 -0.19317301
v 0.02472195 -0.00875694 -0.19263201
v 0.02526894 -0.00800491 -0.19304501
v 0.02483300 -0.00898696 -0.18973491
v 0.02472195 -0.00875694 -0.19263201
v 0.02427396 -0.00929893 -0.19230500
v 0.02526894 -0.00800491 -0.19304501
v 0.02677897 -0.00623894 -0.19073901
v 0.02576795 -0.00720192 -0.19347000
v 0.02570400 -0.00723392 -0.19359300
v 0.02576795 -0.00720192 -0.19347000
v 0.02613297 -0.00649095 -0.19389300
v 0.02559999 -0.00723994 -0.19371100
v 0.02619395 -0.00635595 -0.19398700
v 0.02798298 -0.00323094 -0.19134800
v 0.02613297 -0.00649095 -0.19389300
v 0.02602396 -0.00643492 -0.19419500
v 0.02619395 -0.00635595 -0.19398700
v 0.02646896 -0.00556094 -0.19475500
v 0.02631095 -0.00570292 -0.19488101
v 0.02646896 -0.00556094 -0.19475500
v 0.02608696 -0.00575793 -0.19495399
v 0.02617899 -0.00537396 -0.19582801
v 0.02635500 -0.00527192 -0.19582701
v 0.02588096 -0.00564796 -0.19508000
v 0.02596495 -0.00537593 -0.19595189
v 0.02597097 -0.00539893 -0.19580901
v 0.02604398 -0.00529594 -0.19680500
v 0.02620295 -0.00518692 -0.19683500
v 0.02604595 -0.00529492 -0.19680500
v 0.02558300 -0.00532496 -0.19813900
v 0.02577499 -0.00528491 -0.19817790
v 0.02604398 -0.00529594 -0.19680500
v 0.02585295 -0.00533396 -0.19676800
v 0.02604595 -0.00529492 -0.19680500
v 0.02585295 -0.00533396 -0.19676800
v 0.02596495 -0.00537593 -0.19595189
v 0.02010396 -0.00533397 -0.19316199
v 0.02010396 -0.00533397 -0.19316199
v 0.02558300 -0.00532496 -0.19813900
v 0.02585295 -0.00533396 -0.19676800
v 0.02050296 -0.00537593 -0.19252500
v 0.01435498 -0.00533397 -0.18955600
v 0.02500996 -0.00530595 -0.20087500
v 0.01435498 -0.00533397 -0.18955600
v 0.01475397 -0.00537593 -0.18891899
v 0.00860498 -0.00533397 -0.18595000
v 0.00730596 -0.00525696 -0.19759600
v 0.00860498 -0.00533397 -0.18595000
v 0.00900499 -0.00537593 -0.18531300
v 0.00285599 -0.00533397 -0.18234401
v -0.00441094 -0.00531495 -0.18090899
v 0.00285599 -0.00533397 -0.18234401
v 0.00152699 -0.00525696 -0.19397201
v -0.00597998 -0.00529594 -0.18304500
v -0.00518998 -0.00530494 -0.18198200
v -0.00364598 -0.00532497 -0.17982800
v -0.00441094 -0.00531495 -0.18090899
v -0.00457796 -0.00527097 -0.18078891
v -0.00518998 -0.00530494 -0.18198200
v -0.00381198 -0.00528092 -0.17971100
v -0.00364598 -0.00532497 -0.17982800
v -0.00305995 -0.00529195 -0.17862400
v -0.00394996 -0.00515897 -0.17961399
v -0.00261899 -0.00533397 -0.17799690
v -0.00305995 -0.00529195 -0.17862400
v -0.00246199 -0.00537593 -0.17812400
v -0.00306096 -0.00529195 -0.17862301
v -0.00289299 -0.00533397 -0.17873789
v -0.00289299 -0.00533397 -0.17873789
v -0.00319698 -0.00517292 -0.17852999
v -0.00306096 -0.00529195 -0.17862301
v -0.00319698 -0.00517292 -0.17852900
v -0.00319698 -0.00517292 -0.17852900
v -0.00281294 -0.00504197 -0.17779701
v -0.00328394 -0.00499595 -0.17846900
v -0.00319698 -0.00517292 -0.17852999
v -0.00328394 -0.00499595 -0.17846900
v -0.00328394 -0.00499595 -0.17846900
v -0.00187000 -0.00312192 -0.17525700
v -0.00515195 -0.00341595 -0.18043800
v -0.00403395 -0.00497896 -0.17955400
v -0.00403395 -0.00497896 -0.17955400
v -0.00281294 -0.00504197 -0.17779701
v 0.00199798 -0.00557197 -0.17033701
v -0.00093498 -0.00609095 -0.17573400
v -0.00157698 -0.00620694 -0.17681100
v 0.00072000 0.00000903 -0.16975000
v -0.00218698 0.00000903 -0.17509700
v 0.00073900 0.00000903 -0.16971201
v 0.00106300 -0.00286395 -0.16987200
v -0.00169399 -0.00603295 -0.17683891
v -0.00224795 -0.00537593 -0.17716999
v -0.00274196 -0.00521792 -0.17788300
v -0.00224795 -0.00537593 -0.17716999
v -0.00222900 -0.00551493 -0.17732701
v -0.00169399 -0.00603295 -0.17683891
v -0.00214394 -0.00559593 -0.17750000
v -0.00172898 -0.00610293 -0.17705400
v -0.00167700 -0.00611497 -0.17727700
v -0.00157698 -0.00620694 -0.17681100
v -0.00129899 -0.00678594 -0.17704500
v -0.00123497 -0.00676597 -0.17681000
v -0.00081899 -0.00746793 -0.17692199
v -0.00089797 -0.00746191 -0.17716201
v -0.00126096 -0.00674296 -0.17728500
v -0.00086697 -0.00738693 -0.17740490
v -0.00048500 -0.00810994 -0.17733701
v -0.00046100 -0.00801993 -0.17757990
v -0.00003500 -0.00862796 -0.17778900
v -0.00005100 -0.00872994 -0.17755000
v -0.00003400 -0.00862695 -0.17779000
v -0.00039600 -0.00812597 -0.17709491
v -0.00005000 -0.00872994 -0.17754801
v 0.00004200 -0.00875092 -0.17730700
v -0.00005100 -0.00872994 -0.17755000
v 0.00021200 -0.00896997 -0.17739090
v -0.00005000 -0.00872994 -0.17754801
v 0.00004200 -0.00875092 -0.17730700
v 0.00068100 -0.00884194 -0.17658000
v 0.00004200 -0.00875092 -0.17730700
v 0.00021200 -0.00896997 -0.17739090
v -0.00039600 -0.00812597 -0.17709491
v 0.00292495 -0.01098895 -0.17779090
v -0.00081899 -0.00746793 -0.17692199
v 0.00214098 -0.01088292 -0.17840500
v 0.00578097 -0.01247692 -0.17936190
v 0.00458798 -0.01233393 -0.17979101
v 0.00248996 -0.01114196 -0.17859700
v 0.00248996 -0.01114196 -0.17859700
v 0.00446395 -0.01230192 -0.18002700
v 0.00458798 -0.01233393 -0.17979101
v 0.00203094 -0.01085395 -0.17864500
v 0.00214098 -0.01088292 -0.17840500
v 0.00440995 -0.01214695 -0.18023800
v 0.00707797 -0.01318795 -0.18157800
v 0.00535396 -0.01264996 -0.18023901
v 0.00201098 -0.01071794 -0.17887001
v 0.00444100 -0.01191294 -0.18036400
v 0.00208596 -0.01051296 -0.17902100
v 0.00699798 -0.01302392 -0.18177600
v 0.00973896 -0.01363594 -0.18320000
v 0.00699399 -0.01277596 -0.18188301
v 0.00963900 -0.01346892 -0.18338900
v 0.00404695 -0.00847293 -0.18044400
v 0.00960795 -0.01321596 -0.18348099
v 0.00699399 -0.01277596 -0.18188301
v 0.00444100 -0.01191294 -0.18036400
v 0.00960795 -0.01321596 -0.18348099
v 0.01554600 -0.00847293 -0.18765690
v 0.01224795 -0.01333392 -0.18512601
v 0.00979695 -0.00847293 -0.18405101
v 0.01230100 -0.01359093 -0.18504600
v 0.01224795 -0.01333392 -0.18512601
v 0.01487395 -0.01316595 -0.18678901
v 0.01487395 -0.01316595 -0.18678901
v 0.01744595 -0.01269293 -0.18844690
v 0.01744595 -0.01269293 -0.18844690
v 0.01494900 -0.01342392 -0.18672000
v 0.01241699 -0.01375795 -0.18486400
v 0.01184997 -0.01378292 -0.18418901
v 0.01256195 -0.01378596 -0.18463300
v 0.01184997 -0.01378292 -0.18418901
v 0.00987796 -0.01366693 -0.18296901
v 0.00987796 -0.01366693 -0.18296901
v 0.00842497 -0.01346994 -0.18207900
v 0.00842497 -0.01346994 -0.18207900
v 0.00721095 -0.01321996 -0.18134500
v 0.00721095 -0.01321996 -0.18134500
v 0.00535396 -0.01264996 -0.18023901
v 0.02129498 -0.00847293 -0.19126301
v 0.01991597 -0.01180393 -0.19008100
v 0.01997396 -0.01193095 -0.19008200
v 0.01991597 -0.01180393 -0.19008100
v 0.02005598 -0.01205397 -0.19004700
v 0.02316997 -0.00951094 -0.19234000
v 0.02407900 -0.00847293 -0.19300901
v 0.02126095 -0.00772197 -0.19131701
v 0.02407900 -0.00847293 -0.19300901
v 0.02129498 -0.00847293 -0.19126301
v 0.01554600 -0.00847293 -0.18765690
v 0.02107296 -0.01117593 -0.19086591
v 0.02216295 -0.01041294 -0.19162300
v 0.01551196 -0.00772197 -0.18771100
v 0.02120999 -0.00697494 -0.19139800
v 0.02460697 -0.00775493 -0.19341201
v 0.02462897 -0.00772197 -0.19343001
v 0.02110496 -0.00624991 -0.19156601
v 0.02511397 -0.00697494 -0.19384600
v 0.01546100 -0.00697494 -0.18779200
v 0.02508995 -0.00701291 -0.19382390
v 0.02511397 -0.00697494 -0.19384600
v 0.02520296 -0.00709493 -0.19385401
v 0.02508995 -0.00701291 -0.19382390
v 0.02462897 -0.00772197 -0.19343001
v 0.02534196 -0.00716895 -0.19384600
v 0.02471498 -0.00784493 -0.19344500
v 0.02484998 -0.00793094 -0.19343700
v 0.02576998 -0.00641394 -0.19431500
v 0.02498195 -0.00799293 -0.19338501
v 0.02547595 -0.00721795 -0.19379701
v 0.02551398 -0.00629897 -0.19430891
v 0.02554199 -0.00624991 -0.19434901
v 0.02554199 -0.00624991 -0.19434901
v 0.02551398 -0.00629897 -0.19430891
v 0.02087197 -0.00564892 -0.19193800
v 0.02588096 -0.00564796 -0.19508000
v 0.02584395 -0.00571591 -0.19495989
v 0.02584395 -0.00571591 -0.19495989
v 0.01512298 -0.00564892 -0.18833201
v 0.01535598 -0.00624991 -0.18796000
v 0.00960598 -0.00624991 -0.18435401
v 0.00971196 -0.00697494 -0.18418600
v 0.00937298 -0.00564892 -0.18472500
v 0.00385699 -0.00624991 -0.18074800
v 0.00396196 -0.00697494 -0.18058001
v -0.00091597 -0.00697494 -0.17752001
v 0.00401298 -0.00772197 -0.18049900
v -0.00043900 -0.00772197 -0.17770600
v 0.00008700 -0.00847293 -0.17795999
v -0.00073298 -0.00726295 -0.17758200
v -0.00043900 -0.00772197 -0.17770600
v -0.00073298 -0.00726295 -0.17758200
v -0.00033200 -0.00788392 -0.17775600
v -0.00033200 -0.00788392 -0.17775600
v 0.00008700 -0.00847293 -0.17795999
v 0.00008700 -0.00847293 -0.17795999
v -0.00003500 -0.00862796 -0.17778900
v -0.00003400 -0.00862695 -0.17779000
v 0.00208596 -0.01051296 -0.17902100
v 0.00404695 -0.00847293 -0.18044400
v -0.00091597 -0.00697494 -0.17752001
v 0.00976196 -0.00772197 -0.18410500
v 0.00979695 -0.00847293 -0.18405101
v -0.00112798 -0.00664795 -0.17746800
v -0.00140598 -0.00624991 -0.17744599
v -0.00112798 -0.00664795 -0.17746800
v -0.00195094 -0.00564892 -0.17762300
v 0.00362400 -0.00564892 -0.18111900
v -0.00154796 -0.00606591 -0.17746100
v -0.00140598 -0.00624991 -0.17744599
v -0.00154796 -0.00606591 -0.17746100
v -0.00195094 -0.00564892 -0.17762300
v -0.00245997 -0.00537694 -0.17812200
v 0.00325499 -0.00537593 -0.18170700
v -0.00200697 -0.00560493 -0.17766100
v -0.00200697 -0.00560493 -0.17766100
v -0.00245997 -0.00537694 -0.17812200
v -0.00289299 -0.00533397 -0.17873789
v -0.00246199 -0.00537593 -0.17812400
v 0.02443800 -0.00873393 -0.19297400
v 0.02430996 -0.00866491 -0.19302800
v 0.02443800 -0.00873393 -0.19297400
v 0.02430996 -0.00866491 -0.19302800
v 0.02338097 -0.00972194 -0.19234701
v 0.02418098 -0.00857092 -0.19303900
v 0.02418098 -0.00857092 -0.19303900
v 0.02326295 -0.00961793 -0.19236401
v 0.02460697 -0.00775493 -0.19341201
v 0.02407900 -0.00847293 -0.19300901
v 0.02407900 -0.00847293 -0.19300901
v 0.02316997 -0.00951094 -0.19234000
v 0.02224395 -0.01052893 -0.19163901
v 0.02234998 -0.01064092 -0.19161500
v 0.02123496 -0.01141596 -0.19084500
v 0.02014598 -0.01214695 -0.18997801
v 0.02114198 -0.01129794 -0.19087491
v 0.02107296 -0.01117593 -0.19086591
v 0.02216295 -0.01041294 -0.19162300
v -0.00123497 -0.00676597 -0.17681000
v 0.00328598 0.00000903 -0.16418600
v 0.00330195 0.00000903 -0.16414700
v 0.00457594 0.00516598 -0.16481300
v 0.00328598 0.00000903 -0.16418600
v 0.00330195 0.00000903 -0.16414700
v 0.00073900 0.00000903 -0.16971201
v 0.00072000 0.00000903 -0.16975000
v 0.00106200 0.00288098 -0.16992000
v 0.00202194 0.00557898 -0.17039999
v 0.00359098 0.00808601 -0.17119600
v 0.00806895 0.00934999 -0.16655600
v 0.00675199 0.00487600 -0.15906601
v 0.01008097 0.00882797 -0.16067991
v 0.01491794 0.01110600 -0.16309699
v 0.01323399 0.01158397 -0.16923399
v 0.00832096 0.01156001 -0.17369300
v 0.00567499 0.01010798 -0.17228100
v 0.00072200 0.00885402 -0.17665399
v 0.00292597 0.01106303 -0.17783899
v 0.00218300 0.01095401 -0.17842699
v 0.00576500 0.01258497 -0.17940099
v 0.00462899 0.01245098 -0.17980499
v 0.00251195 0.01121102 -0.17860700
v 0.00450495 0.01241897 -0.18004100
v 0.00251195 0.01121102 -0.17860700
v 0.00462899 0.01245098 -0.17980499
v 0.00536100 0.01275198 -0.18023300
v 0.00536100 0.01275198 -0.18023300
v 0.00727395 0.01331799 -0.18137300
v 0.00713996 0.01328700 -0.18160699
v 0.00727395 0.01331799 -0.18137300
v 0.00843499 0.01353698 -0.18207800
v 0.00885299 0.01335101 -0.18111300
v 0.00843499 0.01353698 -0.18207800
v 0.01119897 0.01234900 -0.17524300
v 0.01441899 0.01263200 -0.17698499
v 0.01230100 0.01359098 -0.18302999
v 0.00994996 0.01371400 -0.18300900
v 0.00980899 0.01368402 -0.18323990
v 0.00994996 0.01371400 -0.18300900
v 0.01185897 0.01380103 -0.18419400
v 0.01185897 0.01380103 -0.18419400
v 0.01264295 0.01379501 -0.18468399
v 0.01249799 0.01376699 -0.18491390
v 0.01264295 0.01379501 -0.18468399
v 0.01532099 0.01358502 -0.18637100
v 0.01516900 0.01356201 -0.18660190
v 0.01582298 0.01333599 -0.18495890
v 0.01532099 0.01358502 -0.18637100
v 0.01772699 0.01238500 -0.17874799
v 0.02084795 0.01162301 -0.18039390
v 0.01916799 0.01257698 -0.18677300
v 0.01795295 0.01307200 -0.18805299
v 0.01534698 0.01358102 -0.18638800
v 0.01779696 0.01305698 -0.18828700
v 0.01534698 0.01358102 -0.18638800
v 0.01795295 0.01307200 -0.18805299
v 0.01866797 0.01287101 -0.18851499
v 0.01866797 0.01287101 -0.18851499
v 0.02051094 0.01218198 -0.18971900
v 0.02043995 0.01219897 -0.18983699
v 0.02051094 0.01218198 -0.18971900
v 0.02034995 0.01217602 -0.18995699
v 0.02172199 0.01155500 -0.19052399
v 0.02172199 0.01155500 -0.19052399
v 0.02165195 0.01157497 -0.19064399
v 0.02182099 0.01149599 -0.19058999
v 0.02280399 0.01080601 -0.19142701
v 0.02155796 0.01155602 -0.19076399
v 0.02270696 0.01079099 -0.19154800
v 0.02260098 0.01073902 -0.19164289
v 0.02145896 0.01149897 -0.19086000
v 0.02136097 0.01140802 -0.19092600
v 0.02025798 0.01211499 -0.19005389
v 0.02249196 0.01065402 -0.19170500
v 0.02016899 0.01202099 -0.19012300
v 0.02238795 0.01054000 -0.19172999
v 0.02126900 0.01128797 -0.19095699
v 0.02120200 0.01116501 -0.19095000
v 0.02008894 0.01189701 -0.19015899
v 0.02230898 0.01042299 -0.19171500
v 0.02134296 0.00849199 -0.19129300
v 0.02120200 0.01116501 -0.19095000
v 0.02230898 0.01042299 -0.19171500
v 0.02003196 0.01177101 -0.19015899
v 0.02003196 0.01177101 -0.19015899
v 0.01753900 0.01263701 -0.18851299
v 0.01753900 0.01263701 -0.18851299
v 0.01559594 0.00849199 -0.18768790
v 0.01495800 0.01313798 -0.18684600
v 0.01495800 0.01313798 -0.18684600
v 0.01503399 0.01339601 -0.18677900
v 0.01764199 0.01289402 -0.18845899
v 0.01237998 0.01359903 -0.18509599
v 0.00967298 0.01326297 -0.18351900
v 0.01232395 0.01334302 -0.18517500
v 0.00970695 0.01351701 -0.18342900
v 0.00704799 0.01287298 -0.18190999
v 0.00705597 0.01312302 -0.18180500
v 0.00448296 0.01202999 -0.18038100
v 0.00445095 0.01226501 -0.18025300
v 0.00213800 0.01059102 -0.17904700
v 0.00205795 0.01079302 -0.17889400
v 0.00448296 0.01202999 -0.18038100
v 0.00410096 0.00849198 -0.18047801
v 0.00213800 0.01059102 -0.17904700
v 0.00004200 0.00864398 -0.17783800
v 0.00016400 0.00849198 -0.17800900
v 0.00016400 0.00849198 -0.17800900
v 0.00406698 0.00774103 -0.18053199
v 0.00016400 0.00849198 -0.17800900
v 0.00410096 0.00849198 -0.18047801
v -0.00035600 0.00774103 -0.17775901
v -0.00025400 0.00789403 -0.17780501
v 0.00004200 0.00864398 -0.17783800
v -0.00025400 0.00789403 -0.17780501
v -0.00038400 0.00803202 -0.17763200
v -0.00035600 0.00774103 -0.17775901
v -0.00078800 0.00740003 -0.17745700
v -0.00040900 0.00812297 -0.17739090
v -0.00065394 0.00727998 -0.17763300
v -0.00081994 0.00747298 -0.17721590
v -0.00083699 0.00699400 -0.17756900
v -0.00118496 0.00675600 -0.17732900
v -0.00105598 0.00666099 -0.17751500
v -0.00122198 0.00679999 -0.17708900
v -0.00133397 0.00626903 -0.17749099
v -0.00160798 0.00613402 -0.17732200
v -0.00148096 0.00608300 -0.17750500
v -0.00165995 0.00612401 -0.17710200
v -0.00189098 0.00566702 -0.17766100
v -0.00208100 0.00561499 -0.17753699
v -0.00133397 0.00626903 -0.17749099
v -0.00189098 0.00566702 -0.17766100
v -0.00148096 0.00608300 -0.17750500
v 0.00367800 0.00566702 -0.18115289
v 0.00330899 0.00539499 -0.18174089
v -0.00240298 0.00539600 -0.17815800
v -0.00194600 0.00562399 -0.17769600
v -0.00194600 0.00562399 -0.17769600
v 0.00290999 0.00535302 -0.18237699
v 0.00865696 0.00535303 -0.18598200
v 0.00905696 0.00539499 -0.18534601
v 0.00942496 0.00566702 -0.18475799
v 0.01517299 0.00566702 -0.18836300
v 0.01540598 0.00626903 -0.18799099
v 0.00965795 0.00626903 -0.18438600
v 0.01480398 0.00539499 -0.18895100
v 0.02115294 0.00626903 -0.19159600
v 0.02091995 0.00566702 -0.19196799
v 0.01440498 0.00535303 -0.18958689
v 0.02015194 0.00535303 -0.19319200
v 0.02055100 0.00539499 -0.19255499
v 0.02601299 0.00539600 -0.19598199
v 0.02594099 0.00566601 -0.19511691
v 0.02589998 0.00535303 -0.19679700
v 0.02601299 0.00539600 -0.19598199
v 0.02609399 0.00531297 -0.19683400
v 0.02589998 0.00535303 -0.19679700
v 0.02601800 0.00541603 -0.19585200
v 0.02623096 0.00538998 -0.19587091
v 0.02601800 0.00541603 -0.19585200
v 0.02625498 0.00519901 -0.19686501
v 0.02640799 0.00528198 -0.19587091
v 0.02637997 0.00570499 -0.19493399
v 0.02615598 0.00576603 -0.19500489
v 0.02594099 0.00566601 -0.19511691
v 0.02609596 0.00531101 -0.19683500
v 0.02609596 0.00531101 -0.19683500
v 0.02582500 0.00530201 -0.19820700
v 0.02609399 0.00531297 -0.19683400
v 0.02625498 0.00519901 -0.19686501
v 0.02562896 0.00534301 -0.19816799
v 0.02534697 0.00533300 -0.19953699
v 0.02554497 0.00529098 -0.19957900
v 0.02598795 0.00518500 -0.19824000
v 0.02616397 0.00501501 -0.19789800
v 0.02609196 0.00501102 -0.19825999
v 0.02625695 0.00519800 -0.19686501
v 0.02570895 0.00517201 -0.19961201
v 0.02657995 0.00353801 -0.19811200
v 0.02609196 0.00501102 -0.19825999
v 0.02616397 0.00501501 -0.19789800
v 0.02581200 0.00499498 -0.19963300
v 0.02581200 0.00499498 -0.19963300
v 0.02552000 0.00498002 -0.20100400
v 0.02552000 0.00498002 -0.20100400
v 0.02541796 0.00515901 -0.20098300
v 0.02494899 0.00527000 -0.20231400
v 0.02511397 0.00514698 -0.20235000
v 0.02525297 0.00528103 -0.20094700
v 0.02463195 0.00525999 -0.20367600
v 0.02479699 0.00513398 -0.20371500
v 0.02521596 0.00496500 -0.20237200
v 0.02521596 0.00496500 -0.20237200
v 0.02494499 0.00383001 -0.20477191
v 0.02489796 0.00494998 -0.20373700
v 0.02489796 0.00494998 -0.20373700
v 0.02468196 0.00494003 -0.20463000
v 0.02468196 0.00494003 -0.20463000
v 0.02456495 0.00493502 -0.20509900
v 0.02446595 0.00512099 -0.20507599
v 0.02456495 0.00493502 -0.20509900
v 0.02429995 0.00524902 -0.20503500
v 0.02411798 0.00510901 -0.20643289
v 0.02395198 0.00523799 -0.20638999
v 0.02421698 0.00492000 -0.20645800
v 0.02375397 0.00509601 -0.20778701
v 0.02375195 0.00509798 -0.20778599
v 0.02345798 0.00506502 -0.20885000
v 0.02375397 0.00509601 -0.20778701
v 0.02356199 0.00486898 -0.20886300
v 0.02375195 0.00509798 -0.20778599
v 0.02385095 0.00490498 -0.20781200
v 0.02385095 0.00490498 -0.20781200
v 0.02315799 0.00409799 -0.21079500
v 0.02385095 0.00490498 -0.20781200
v 0.02421698 0.00492000 -0.20645800
v 0.02356199 0.00486898 -0.20886300
v 0.02534595 0.00000903 -0.20498499
v 0.02315799 0.00409799 -0.21079500
v 0.02299598 0.00351703 -0.21138100
v 0.02301297 0.00440001 -0.21080300
v 0.02316895 0.00423801 -0.21066600
v 0.02316895 0.00344103 -0.21116599
v 0.02333096 0.00136703 -0.21147700
v 0.02324698 0.00245702 -0.21139900
v 0.02331296 0.00469702 -0.20985100
v 0.02316895 0.00423801 -0.21066600
v 0.02316895 0.00344103 -0.21116599
v 0.02321300 0.00136798 -0.21166700
v 0.02324698 0.00245702 -0.21139900
v 0.02333096 0.00136703 -0.21147700
v 0.02307299 0.00246799 -0.21163800
v 0.02287600 0.00135302 -0.21181489
v 0.02279100 0.00245398 -0.21174000
v 0.02272299 0.00353998 -0.21147600
v 0.02302495 0.00136101 -0.21178700
v 0.02315799 0.00136602 -0.21171500
v 0.02302495 0.00136101 -0.21178700
v 0.02284500 0.00000903 -0.21183901
v 0.02287600 0.00135302 -0.21181489
v 0.02306596 0.00000903 -0.21181300
v 0.02315799 0.00136602 -0.21171500
v 0.02302399 -0.00134297 -0.21178700
v 0.02306596 0.00000903 -0.21181300
v 0.02302495 -0.00134297 -0.21178700
v 0.02284500 0.00000903 -0.21183901
v 0.02315799 -0.00134797 -0.21171591
v 0.02325496 0.00000903 -0.21169300
v 0.02325496 0.00000903 -0.21169300
v 0.02321300 -0.00134997 -0.21166700
v 0.02337298 0.00000903 -0.21150400
v 0.02321300 0.00136798 -0.21166700
v 0.02337298 0.00000903 -0.21150400
v 0.02324298 -0.00243295 -0.21139400
v 0.02321300 -0.00134997 -0.21166700
v 0.02333096 -0.00134997 -0.21147700
v 0.02333096 -0.00134997 -0.21147700
v 0.02306900 -0.00245095 -0.21163000
v 0.02315799 -0.00134797 -0.21171591
v 0.02270696 -0.00352592 -0.21146891
v 0.02297995 -0.00350696 -0.21137400
v 0.02293596 -0.00244892 -0.21170101
v 0.02315298 -0.00343395 -0.21115801
v 0.02302495 -0.00134297 -0.21178700
v 0.02324298 -0.00243295 -0.21139400
v 0.02313098 -0.00405693 -0.21080799
v 0.02315298 -0.00343395 -0.21115801
v 0.02313098 -0.00405693 -0.21080799
v 0.02535799 0.00000903 -0.20493790
v 0.02327100 -0.00469095 -0.20983490
v 0.02313998 -0.00423092 -0.21064900
v 0.02298197 -0.00438792 -0.21078600
v 0.02313998 -0.00423092 -0.21064900
v 0.02351698 -0.00486595 -0.20883600
v 0.02380696 -0.00490094 -0.20778100
v 0.02494100 -0.00378997 -0.20471600
v 0.02535799 0.00000903 -0.20493790
v 0.02699295 0.00000903 -0.19832399
v 0.02699295 0.00000903 -0.19832399
v 0.02333096 -0.00134997 -0.21147700
v 0.02534595 0.00000903 -0.20498499
v 0.02700296 0.00000903 -0.19827691
v 0.02700296 0.00000903 -0.19827691
v 0.02657798 -0.00350196 -0.19805799
v 0.02840296 0.00000903 -0.19160800
v 0.02840296 0.00000903 -0.19160800
v 0.02798399 0.00326400 -0.19140001
v 0.02841196 0.00000903 -0.19156100
v 0.02841196 0.00000903 -0.19156100
v 0.02682898 0.00630098 -0.19082101
v 0.02918598 0.00302201 -0.18464801
v 0.02620497 0.00655400 -0.19390900
v 0.02960697 0.00000903 -0.18485300
v 0.02628997 0.00635200 -0.19404390
v 0.02653495 0.00556099 -0.19480900
v 0.02653197 0.00510603 -0.19585100
v 0.02905098 0.00541001 -0.17731000
v 0.02961496 0.00000903 -0.18480700
v 0.02961496 0.00000903 -0.18480700
v 0.02960697 0.00000903 -0.18485300
v 0.02502600 0.00955700 -0.17531399
v 0.02984795 0.00513201 -0.17050300
v 0.03138998 0.00000903 -0.17124000
v 0.02619699 0.00833600 -0.18316400
v 0.02804098 0.00580697 -0.18408699
v 0.03060499 0.00000903 -0.17805900
v 0.03061196 0.00000903 -0.17801300
v 0.03061196 0.00000903 -0.17801300
v 0.02903000 -0.00537092 -0.17724700
v 0.03060499 0.00000903 -0.17805900
v 0.03138998 0.00000903 -0.17124000
v 0.02918598 -0.00299294 -0.18459800
v 0.02800599 -0.00575692 -0.18401501
v 0.03139398 0.00000903 -0.17119400
v 0.02983800 -0.00510092 -0.17044801
v 0.02501097 -0.00952596 -0.17525600
v 0.02614197 -0.00826395 -0.18308000
v 0.03139398 0.00000903 -0.17119400
v 0.03195498 0.00000903 -0.16442700
v 0.03195498 0.00000903 -0.16442700
v 0.03042296 0.00497799 -0.16370000
v 0.03195897 0.00000903 -0.16438100
v 0.03195897 0.00000903 -0.16438100
v 0.02675495 0.00882398 -0.16194589
v 0.03077898 0.00493799 -0.15678100
v 0.03230396 0.00000903 -0.15748601
v 0.02601895 0.00907098 -0.16864200
v 0.03230396 0.00000903 -0.15748601
v 0.03042194 -0.00495494 -0.16365200
v 0.03230497 0.00000903 -0.15743890
v 0.03230497 0.00000903 -0.15743890
v 0.03078500 -0.00492097 -0.15673600
v 0.03243497 0.00000902 -0.15039900
v 0.03093299 -0.00497795 -0.14969300
v 0.02724394 -0.00878293 -0.15510900
v 0.02675596 -0.00880391 -0.16189800
v 0.03243497 0.00000902 -0.15039900
v 0.03092197 0.00498997 -0.14973400
v 0.03243598 0.00000902 -0.15035000
v 0.03243598 0.00000902 -0.15035000
v 0.03235099 0.00000902 -0.14332800
v 0.03235099 0.00000902 -0.14332800
v 0.03085497 0.00510202 -0.14271100
v 0.03086999 -0.00509293 -0.14267200
v 0.03234998 0.00000902 -0.14327900
v 0.03234998 0.00000902 -0.14327900
v 0.02750299 0.00922797 -0.14140300
v 0.03060100 0.00524698 -0.13572000
v 0.03206799 0.00000902 -0.13628390
v 0.02748099 0.00895397 -0.14826889
v 0.03206495 0.00000902 -0.13623400
v 0.03206495 0.00000902 -0.13623400
v 0.03061798 -0.00523992 -0.13568200
v 0.03206799 0.00000902 -0.13628390
v 0.03160998 0.00000902 -0.12923799
v 0.03020296 -0.00539394 -0.12869389
v 0.02734897 -0.00955494 -0.13452700
v 0.02751497 -0.00921596 -0.14136300
v 0.03160998 0.00000902 -0.12923799
v 0.03018394 0.00539998 -0.12873199
v 0.03160599 0.00000902 -0.12918700
v 0.03160599 0.00000902 -0.12918700
v 0.03099898 0.00000902 -0.12220000
v 0.03099898 0.00000902 -0.12220000
v 0.02962497 0.00554899 -0.12175600
v 0.03099397 0.00000902 -0.12214800
v 0.02964297 -0.00554295 -0.12171700
v 0.03099397 0.00000902 -0.12214800
v 0.03025100 0.00000902 -0.11517700
v 0.03025100 0.00000902 -0.11517700
v 0.02893999 0.00568597 -0.11479600
v 0.03024498 0.00000902 -0.11512500
v 0.03024498 0.00000902 -0.11512500
v 0.02938196 0.00000902 -0.10816900
v 0.02595797 0.01060698 -0.11411200
v 0.02654597 0.01027600 -0.12091899
v 0.02166096 0.01423398 -0.11345600
v 0.02222899 0.01372097 -0.12002500
v 0.01965597 0.01421896 -0.11954700
v 0.02009496 0.01362602 -0.12597389
v 0.02265099 0.01317099 -0.12659999
v 0.01766196 0.01298801 -0.12541100
v 0.01793197 0.01240901 -0.13169999
v 0.02035299 0.01301400 -0.13240500
v 0.01796195 0.01184998 -0.13799889
v 0.02291295 0.01260100 -0.13317700
v 0.02040497 0.01241497 -0.13884690
v 0.02299199 0.01204399 -0.13976399
v 0.02021298 0.01188800 -0.14529700
v 0.01771596 0.01136897 -0.14429600
v 0.01365796 0.00867002 -0.14262099
v 0.01287899 0.00851701 -0.14863300
v 0.01715198 0.01103798 -0.15057801
v 0.01085594 0.00473396 -0.14138500
v 0.00990496 0.00467502 -0.14725600
v 0.01407197 0.00895397 -0.13656500
v 0.01143000 0.00486098 -0.13545300
v 0.01415095 0.00931398 -0.13048200
v 0.00972495 0.00000902 -0.14087000
v 0.01035598 0.00000902 -0.13497300
v 0.01164195 0.00502501 -0.12947599
v 0.00973097 0.00000902 -0.14083000
v 0.01391897 0.00970397 -0.12440200
v 0.01035896 0.00000902 -0.13493200
v 0.01062098 0.00000902 -0.12902901
v 0.01062098 0.00000902 -0.12902901
v 0.01035896 0.00000902 -0.13493200
v 0.01035598 0.00000902 -0.13497300
v 0.01144996 -0.00484093 -0.13542201
v 0.01415000 -0.00930895 -0.13043991
v 0.00973097 0.00000902 -0.14083000
v 0.01407299 -0.00894596 -0.13652299
v 0.01087299 -0.00471492 -0.14135189
v 0.01765499 -0.01298894 -0.12536501
v 0.00872794 0.00000902 -0.14666399
v 0.00972495 0.00000902 -0.14087000
v 0.00871996 0.00000902 -0.14670300
v 0.00872794 0.00000902 -0.14666399
v 0.00871996 0.00000902 -0.14670300
v 0.00731698 0.00000902 -0.15254299
v 0.00731698 0.00000902 -0.15254299
v 0.00730596 0.00000902 -0.15258300
v 0.00853798 0.00471501 -0.15316591
v 0.00730596 0.00000902 -0.15258300
v 0.00549797 0.00000903 -0.15842190
v 0.00549797 0.00000903 -0.15842190
v 0.00548396 0.00000903 -0.15846100
v 0.00548396 0.00000903 -0.15846100
v 0.01169095 0.00855599 -0.15466800
v 0.01622698 0.01093100 -0.15685700
v 0.01973298 0.01150797 -0.15174399
v 0.02244398 0.01121197 -0.15297290
v 0.02173999 0.01108198 -0.15952800
v 0.02723798 0.00880002 -0.15515400
v 0.02284995 0.01155702 -0.14636700
v 0.02071700 0.01122497 -0.16601200
v 0.01937094 0.01166497 -0.17242899
v 0.01717696 0.01355497 -0.11912700
v 0.01649800 0.01408897 -0.11284890
v 0.01904997 0.01477198 -0.11312499
v 0.02095398 0.01469902 -0.10690000
v 0.01828799 0.01527599 -0.10671600
v 0.01563999 0.01457999 -0.10658600
v 0.02733496 0.00956599 -0.13456599
v 0.02700898 0.00992397 -0.12773789
v 0.02749095 -0.00893993 -0.14822701
v 0.02285096 -0.01153596 -0.14632090
v 0.01973096 -0.01149095 -0.15169791
v 0.02244595 -0.01119293 -0.15292791
v 0.02174398 -0.01106692 -0.15948300
v 0.02601299 -0.00904496 -0.16859000
v 0.02376500 -0.01023395 -0.18186399
v 0.02230099 -0.01112896 -0.18840189
v 0.02273294 -0.01076794 -0.19121601
v 0.02176896 -0.01145393 -0.19055700
v 0.02160099 -0.01155997 -0.19044390
v 0.02160099 -0.01155997 -0.19044390
v 0.02491096 0.00907802 -0.18983389
v 0.02233699 0.01117300 -0.18847389
v 0.02287296 0.01078300 -0.19130400
v 0.02393499 0.00985597 -0.19204400
v 0.02437297 0.00939100 -0.19235700
v 0.02541199 0.00801598 -0.19313100
v 0.02488199 0.00876998 -0.19272891
v 0.02378896 0.01027100 -0.18192799
v 0.02182099 0.01149599 -0.19058999
v 0.02481899 0.00879502 -0.19285799
v 0.02437297 0.00939100 -0.19235700
v 0.02488199 0.00876998 -0.19272891
v 0.02541199 0.00801598 -0.19313100
v 0.02534899 0.00804203 -0.19326000
v 0.02488199 0.00876998 -0.19272891
v 0.02481899 0.00879502 -0.19285799
v 0.02524695 0.00804000 -0.19338299
v 0.02471796 0.00878900 -0.19298200
v 0.02471796 0.00878900 -0.19298200
v 0.02386895 0.00988101 -0.19216999
v 0.02571997 0.00724899 -0.19378699
v 0.02559599 0.00722801 -0.19387200
v 0.02512399 0.00800698 -0.19347299
v 0.02599695 0.00644200 -0.19433001
v 0.02586195 0.00642102 -0.19437601
v 0.02545896 0.00718098 -0.19392100
v 0.02522496 0.00699400 -0.19391599
v 0.02531800 0.00711101 -0.19392700
v 0.02498999 0.00794702 -0.19352400
v 0.02485398 0.00786298 -0.19353101
v 0.02446899 0.00868201 -0.19312700
v 0.02459797 0.00875001 -0.19307300
v 0.02446899 0.00868201 -0.19312700
v 0.02365700 0.00982402 -0.19238600
v 0.02459797 0.00875001 -0.19307300
v 0.02353695 0.00974702 -0.19244399
v 0.02433899 0.00858902 -0.19313700
v 0.02433899 0.00858902 -0.19313700
v 0.02474299 0.00777399 -0.19349700
v 0.02423498 0.00849199 -0.19310590
v 0.02423498 0.00849199 -0.19310590
v 0.02341995 0.00964199 -0.19246100
v 0.02332798 0.00953399 -0.19243800
v 0.02332798 0.00953399 -0.19243800
v 0.02423498 0.00849199 -0.19310590
v 0.02476600 0.00774103 -0.19351500
v 0.02476600 0.00774103 -0.19351500
v 0.02130899 0.00774103 -0.19134700
v 0.02474299 0.00777399 -0.19349700
v 0.02423498 0.00849199 -0.19310590
v 0.02134296 0.00849199 -0.19129300
v 0.01556197 0.00774103 -0.18774190
v 0.01551095 0.00699400 -0.18782289
v 0.02125797 0.00699400 -0.19142800
v 0.00976298 0.00699400 -0.18421900
v 0.00391100 0.00626903 -0.18078101
v 0.00401596 0.00699400 -0.18061390
v 0.00981400 0.00774103 -0.18413700
v 0.01559594 0.00849199 -0.18768790
v 0.00984798 0.00849199 -0.18408300
v 0.00984798 0.00849199 -0.18408300
v 0.00967298 0.01326297 -0.18351900
v -0.00083699 0.00699400 -0.17756900
v 0.02522496 0.00699400 -0.19391599
v 0.02520195 0.00703400 -0.19389400
v 0.02520195 0.00703400 -0.19389400
v 0.02376995 0.00986998 -0.19229300
v 0.02560195 0.00630801 -0.19436800
v 0.02562300 0.00626903 -0.19440000
v 0.02560195 0.00630801 -0.19436800
v 0.02562300 0.00626903 -0.19440000
v 0.02590898 0.00573098 -0.19500489
v 0.02590898 0.00573098 -0.19500489
v 0.02611897 0.00643700 -0.19425399
v 0.02628997 0.00635200 -0.19404390
v 0.02620497 0.00655400 -0.19390900
v 0.02582297 0.00724100 -0.19366799
v 0.02588496 0.00721001 -0.19354400
v 0.02588496 0.00721001 -0.19354400
v 0.02287296 0.01078300 -0.19130400
v 0.02393499 0.00985597 -0.19204400
v 0.02653197 0.00510603 -0.19585100
v 0.02653495 0.00556099 -0.19480900
v 0.02625695 0.00519800 -0.19686501
v 0.02636197 0.00502598 -0.19688401
v 0.02636197 0.00502598 -0.19688401
v 0.02636197 0.00502598 -0.19688401
v 0.02631095 -0.00501895 -0.19685499
v 0.02612296 -0.00500894 -0.19782201
v 0.02604196 -0.00500393 -0.19823000
v 0.02647999 -0.00510294 -0.19580700
v 0.02576295 -0.00498891 -0.19960301
v 0.02547196 -0.00497395 -0.20097400
v 0.02516797 -0.00495995 -0.20234200
v 0.02647999 -0.00510294 -0.19580700
v 0.02620497 -0.00518495 -0.19683500
v 0.02631095 -0.00501895 -0.19685499
v 0.02620295 -0.00518692 -0.19683500
v 0.02593699 -0.00517291 -0.19820900
v 0.02620497 -0.00518495 -0.19683500
v 0.02612296 -0.00500894 -0.19782201
v 0.02631095 -0.00501895 -0.19685499
v 0.02549598 -0.00527496 -0.19954901
v 0.02604196 -0.00500393 -0.19823000
v 0.02565798 -0.00515992 -0.19958200
v 0.02520499 -0.00526494 -0.20091701
v 0.02536795 -0.00514794 -0.20095190
v 0.02576295 -0.00498891 -0.19960301
v 0.02547196 -0.00497395 -0.20097400
v 0.02506498 -0.00513494 -0.20232000
v 0.02490196 -0.00525391 -0.20228300
v 0.02516797 -0.00495995 -0.20234200
v 0.02458498 -0.00524396 -0.20364501
v 0.02474895 -0.00512296 -0.20368300
v 0.02464596 -0.00493592 -0.20455501
v 0.02485100 -0.00494492 -0.20370700
v 0.02441797 -0.00511092 -0.20504400
v 0.02425400 -0.00523395 -0.20500401
v 0.02451900 -0.00492996 -0.20506801
v 0.02407095 -0.00509894 -0.20640101
v 0.02390698 -0.00522292 -0.20635900
v 0.02417097 -0.00491596 -0.20642699
v 0.02370694 -0.00508595 -0.20775500
v 0.02370599 -0.00508792 -0.20775400
v 0.02370599 -0.00508792 -0.20775400
v 0.02341196 -0.00505591 -0.20882200
v 0.02370694 -0.00508595 -0.20775500
v 0.02354399 -0.00521195 -0.20771100
v 0.02354399 -0.00521195 -0.20771100
v 0.02351698 -0.00486595 -0.20883600
v 0.02327100 -0.00469095 -0.20983490
v 0.02324298 -0.00518096 -0.20878600
v 0.02314696 -0.00488591 -0.20986700
v 0.02295396 -0.00500793 -0.20986191
v 0.02302799 -0.00521994 -0.20875999
v 0.02272895 -0.00503695 -0.20982100
v 0.02274099 -0.00446993 -0.21084400
v 0.01770196 -0.00502795 -0.20670000
v 0.02302799 -0.00521994 -0.20875999
v 0.01827797 -0.00522393 -0.20578100
v 0.02272895 -0.00503695 -0.20982100
v 0.02303597 -0.00522197 -0.20873500
v 0.02303597 -0.00522197 -0.20873500
v 0.02354297 -0.00521297 -0.20771000
v 0.02334300 -0.00525695 -0.20765500
v 0.02334300 -0.00525695 -0.20765500
v 0.02370796 -0.00526691 -0.20630691
v 0.01886395 -0.00525695 -0.20484600
v 0.02334300 -0.00525695 -0.20765500
v 0.02334300 -0.00525695 -0.20765500
v 0.02370796 -0.00526691 -0.20630691
v 0.02354297 -0.00521297 -0.20771000
v 0.01886395 -0.00525695 -0.20484600
v 0.02470598 -0.00529594 -0.20223901
v 0.01308498 -0.00525696 -0.20122100
v 0.01308498 -0.00525696 -0.20122100
v 0.02438799 -0.00528592 -0.20359901
v 0.02405498 -0.00527692 -0.20495500
v 0.02405498 -0.00527692 -0.20495500
v 0.02438799 -0.00528592 -0.20359901
v 0.02470598 -0.00529594 -0.20223901
v 0.02500996 -0.00530595 -0.20087500
v 0.00730596 -0.00525696 -0.19759600
v 0.01249895 -0.00522393 -0.20215601
v 0.00671998 -0.00522393 -0.19853200
v 0.01192197 -0.00502795 -0.20307501
v 0.01720396 -0.00446195 -0.20749301
v 0.01142499 -0.00446195 -0.20386800
v 0.00614295 -0.00502795 -0.19945000
v 0.00564597 -0.00446195 -0.20024291
v 0.00036400 -0.00502796 -0.19582591
v 0.00094000 -0.00522394 -0.19490700
v 0.00152699 -0.00525696 -0.19397201
v -0.00425198 -0.00525696 -0.19034700
v -0.00483897 -0.00522394 -0.19128200
v -0.00541499 -0.00502796 -0.19220100
v -0.00995995 -0.00522394 -0.18806900
v -0.00925096 -0.00525696 -0.18721101
v -0.00995095 -0.00522495 -0.18805800
v -0.00425198 -0.00525696 -0.19034700
v -0.00759497 -0.00527591 -0.18514401
v -0.00925096 -0.00525696 -0.18721101
v -0.00759497 -0.00527591 -0.18514401
v -0.00776198 -0.00522894 -0.18501291
v -0.00925096 -0.00525696 -0.18721101
v -0.00941797 -0.00520892 -0.18707401
v -0.00995095 -0.00522495 -0.18805800
v -0.00925096 -0.00525696 -0.18721101
v -0.00941797 -0.00520892 -0.18707401
v -0.00941899 -0.00520796 -0.18707401
v -0.00941899 -0.00520796 -0.18707401
v -0.01011499 -0.00517697 -0.18791300
v -0.01024099 -0.00503994 -0.18779200
v -0.00955095 -0.00507296 -0.18696401
v -0.00789698 -0.00509597 -0.18490490
v -0.00955095 -0.00507296 -0.18696401
v -0.00628295 -0.00512094 -0.18281500
v -0.00955196 -0.00507093 -0.18696401
v -0.00852098 -0.00489194 -0.18553400
v -0.00797399 -0.00490195 -0.18484300
v -0.00636300 -0.00493193 -0.18275300
v -0.00797399 -0.00490195 -0.18484300
v -0.00874796 -0.00372995 -0.18540999
v -0.00852098 -0.00489194 -0.18553400
v -0.00636300 -0.00493193 -0.18275300
v -0.00548496 0.00000903 -0.18031199
v -0.00905099 0.00000903 -0.18524601
v -0.00546094 0.00000903 -0.18027700
v -0.01167299 -0.00397492 -0.18908700
v -0.00962694 -0.00487292 -0.18690100
v -0.01030697 -0.00483794 -0.18771601
v -0.01047095 -0.00481296 -0.18790600
v -0.01041098 -0.00501592 -0.18798800
v -0.01030697 -0.00483794 -0.18771601
v -0.01063694 -0.00477792 -0.18809301
v -0.01047095 -0.00481296 -0.18790600
v -0.01096894 -0.00466091 -0.18845201
v -0.01153495 -0.00418992 -0.18898200
v -0.00955196 -0.00507093 -0.18696401
v -0.00962694 -0.00487292 -0.18690100
v -0.01028897 -0.00515193 -0.18811600
v -0.01045396 -0.00500894 -0.18803699
v -0.01033296 -0.00514591 -0.18816601
v -0.01049699 -0.00499994 -0.18808700
v -0.01055397 -0.00479693 -0.18799999
v -0.01055397 -0.00479693 -0.18799999
v -0.01063694 -0.00477792 -0.18809301
v -0.01058396 -0.00498093 -0.18818399
v -0.01093795 -0.00486291 -0.18856999
v -0.01046600 -0.00511695 -0.18832000
v -0.01096894 -0.00466091 -0.18845201
v -0.01037695 -0.00513691 -0.18821700
v -0.01019295 -0.00518394 -0.18834400
v -0.01035597 -0.00513793 -0.18819200
v -0.01021494 -0.00518293 -0.18836901
v -0.01021494 -0.00518293 -0.18836901
v -0.01016994 -0.00519294 -0.18831700
v -0.01019295 -0.00518394 -0.18834400
v -0.01016994 -0.00519294 -0.18831700
v -0.01012595 -0.00519896 -0.18826500
v -0.01067998 -0.00503493 -0.18890101
v -0.01012595 -0.00519896 -0.18826500
v -0.01133497 -0.00446094 -0.18959101
v -0.00591197 -0.00446195 -0.19299389
v -0.01067998 -0.00503493 -0.18890101
v -0.01151099 -0.00443292 -0.18940900
v -0.01133497 -0.00446094 -0.18959101
v -0.01030495 -0.00516195 -0.18847390
v -0.01067497 -0.00503696 -0.18889500
v -0.01067497 -0.00503696 -0.18889500
v -0.01177694 -0.00350697 -0.18994591
v -0.01135297 -0.00443596 -0.18960799
v -0.01201095 -0.00345594 -0.18947600
v -0.01157697 -0.00434292 -0.18918000
v -0.01196398 -0.00348193 -0.18974601
v -0.01083298 -0.00499696 -0.18872801
v -0.01199200 -0.00241793 -0.19001600
v -0.01179095 -0.00345791 -0.18995400
v -0.01217898 -0.00240994 -0.18980899
v -0.01199200 -0.00241793 -0.19001600
v -0.01177694 -0.00350697 -0.18994591
v -0.01179095 -0.00345791 -0.18995400
v -0.01199599 -0.00238497 -0.19001600
v -0.01226600 -0.00132897 -0.18978401
v -0.01226695 -0.00132897 -0.18978199
v -0.01222296 -0.00241692 -0.18953100
v -0.01231100 -0.00133897 -0.18950500
v -0.01231100 -0.00133897 -0.18950590
v -0.01222898 0.00000903 -0.18923201
v -0.01231100 -0.00133897 -0.18950590
v -0.01231100 -0.00133897 -0.18950500
v -0.01233997 0.00000903 -0.18948790
v -0.01226695 -0.00132897 -0.18978199
v -0.00907799 0.00000903 -0.18528000
v -0.01218696 0.00136601 -0.18925799
v -0.01222898 0.00000903 -0.18923201
v -0.01220097 -0.00134197 -0.18924899
v -0.00907799 0.00000903 -0.18528000
v -0.01222898 0.00000903 -0.18923201
v -0.01229795 0.00136297 -0.18951400
v -0.01222898 0.00000903 -0.18923201
v -0.01218696 0.00136601 -0.18925799
v -0.01229795 0.00136297 -0.18951400
v -0.01233997 0.00000903 -0.18948790
v -0.01220097 -0.00134197 -0.18924899
v -0.01211496 -0.00240392 -0.18927690
v -0.01220097 -0.00134197 -0.18924899
v -0.01211496 -0.00240392 -0.18927690
v -0.01191499 -0.00338895 -0.18923000
v -0.01191499 -0.00338895 -0.18923000
v -0.01167299 -0.00397492 -0.18908700
v -0.01219799 0.00243901 -0.18954900
v -0.01229795 0.00136297 -0.18951400
v -0.01229795 0.00136297 -0.18951400
v -0.01208897 0.00242602 -0.18929300
v -0.01218696 0.00136601 -0.18925799
v -0.01208897 0.00242602 -0.18929300
v -0.01163198 0.00398701 -0.18912400
v -0.01187696 0.00341099 -0.18925489
v -0.01187696 0.00341099 -0.18925489
v -0.01197096 0.00347703 -0.18950300
v -0.01163198 0.00398701 -0.18912400
v -0.01192399 0.00349902 -0.18977199
v -0.01215299 0.00243001 -0.18982600
v -0.01145800 0.00444602 -0.18944400
v -0.01152398 0.00436198 -0.18921600
v -0.01148399 0.00421303 -0.18901689
v -0.01087697 0.00488102 -0.18861200
v -0.01077296 0.00500899 -0.18876991
v -0.01005300 0.00519299 -0.18795700
v -0.01017698 0.00506102 -0.18783700
v -0.01090898 0.00468498 -0.18849300
v -0.00935598 0.00522601 -0.18711790
v -0.01024498 0.00486403 -0.18775991
v -0.00948896 0.00509398 -0.18700901
v -0.00948700 0.00509500 -0.18701000
v -0.01024498 0.00486403 -0.18775991
v -0.00873395 0.00374501 -0.18547000
v -0.00956495 0.00490003 -0.18694501
v -0.01148399 0.00421303 -0.18901689
v -0.01090898 0.00468498 -0.18849300
v -0.00956495 0.00490003 -0.18694501
v -0.00848397 0.00491898 -0.18560700
v -0.00848397 0.00491898 -0.18560700
v -0.00948896 0.00509398 -0.18700901
v -0.00956495 0.00490003 -0.18694501
v -0.00791194 0.00492900 -0.18488499
v -0.00783398 0.00511800 -0.18494899
v -0.00791194 0.00492900 -0.18488499
v -0.00710198 0.00494402 -0.18384400
v -0.00710198 0.00494402 -0.18384400
v -0.00514295 0.00343101 -0.18049399
v -0.00630298 0.00495898 -0.18279400
v -0.00630298 0.00495898 -0.18279400
v -0.00702199 0.00513100 -0.18390700
v -0.00622096 0.00514298 -0.18285701
v -0.00688698 0.00525802 -0.18401191
v -0.00769999 0.00524800 -0.18505500
v -0.00935598 0.00522601 -0.18711790
v -0.00753494 0.00529300 -0.18518500
v -0.00672295 0.00530302 -0.18413900
v -0.00935497 0.00522702 -0.18711901
v -0.00919100 0.00527399 -0.18725289
v -0.00989099 0.00523799 -0.18810090
v -0.00935497 0.00522702 -0.18711901
v -0.00919100 0.00527399 -0.18725289
v -0.00482895 0.00524002 -0.19129100
v -0.00989099 0.00523799 -0.18810090
v -0.00919100 0.00527399 -0.18725289
v -0.00989898 0.00523698 -0.18811101
v -0.00989898 0.00523698 -0.18811101
v -0.00540497 0.00504398 -0.19220900
v -0.01061799 0.00504499 -0.18893590
v -0.01061799 0.00504499 -0.18893590
v -0.01061996 0.00504398 -0.18893801
v -0.01061996 0.00504398 -0.18893801
v -0.00590196 0.00447803 -0.19300100
v -0.01128199 0.00447499 -0.18962289
v -0.01128199 0.00447499 -0.18962289
v -0.01130398 0.00444501 -0.18964299
v -0.01130398 0.00444501 -0.18964299
v -0.01173695 0.00352298 -0.18997000
v -0.00618395 0.00352299 -0.19345200
v -0.01173695 0.00352298 -0.18997000
v -0.00012500 0.00447803 -0.19662400
v -0.00040700 0.00352299 -0.19707499
v -0.00627895 0.00243598 -0.19360200
v 0.00614897 0.00504398 -0.19945601
v 0.00565199 0.00447803 -0.20024800
v 0.00037200 0.00504398 -0.19583300
v 0.00094800 0.00524002 -0.19491491
v 0.00672499 0.00524002 -0.19853800
v 0.00731096 0.00527399 -0.19760400
v 0.00153396 0.00527399 -0.19397999
v 0.00153396 0.00527399 -0.19397999
v 0.00865696 0.00535303 -0.18598200
v 0.00731096 0.00527399 -0.19760400
v 0.01440498 0.00535303 -0.18958689
v 0.02505496 0.00532299 -0.20090400
v 0.01308796 0.00527399 -0.20122699
v 0.01308796 0.00527399 -0.20122699
v 0.01886496 0.00527399 -0.20485100
v 0.01250199 0.00524002 -0.20216200
v 0.02474895 0.00531399 -0.20226800
v 0.01886496 0.00527399 -0.20485100
v 0.02443096 0.00530397 -0.20362800
v 0.02474895 0.00531399 -0.20226800
v 0.02443096 0.00530397 -0.20362800
v 0.02505496 0.00532299 -0.20090400
v 0.02409795 0.00529402 -0.20498499
v 0.02409795 0.00529402 -0.20498499
v 0.02374897 0.00528401 -0.20633700
v 0.02374897 0.00528401 -0.20633700
v 0.02338395 0.00527399 -0.20768490
v 0.02338395 0.00527399 -0.20768490
v 0.02338395 0.00527399 -0.20768490
v 0.01827797 0.00524002 -0.20578501
v 0.02307597 0.00523698 -0.20876200
v 0.02358797 0.00522798 -0.20774101
v 0.02307597 0.00523698 -0.20876200
v 0.02338395 0.00527399 -0.20768490
v 0.02358797 0.00522798 -0.20774101
v 0.02328798 0.00519400 -0.20881399
v 0.02358899 0.00522702 -0.20774200
v 0.02358899 0.00522702 -0.20774200
v 0.02318999 0.00489401 -0.20988800
v 0.02306798 0.00523602 -0.20878900
v 0.02299395 0.00502002 -0.20988500
v 0.02331296 0.00469702 -0.20985100
v 0.02277097 0.00448703 -0.21086100
v 0.02276299 0.00504899 -0.20984501
v 0.02275595 0.00503999 -0.20987090
v 0.02244696 0.00352203 -0.21140900
v 0.02251098 0.00447601 -0.21082289
v 0.02251098 0.00447702 -0.21082100
v 0.02251098 0.00447702 -0.21082100
v 0.01720598 0.00447803 -0.20749500
v 0.02275595 0.00503999 -0.20987090
v 0.01692298 0.00352299 -0.20794500
v 0.02244696 0.00352203 -0.21140900
v 0.02251098 0.00447601 -0.21082289
v 0.01114598 0.00352299 -0.20432199
v 0.01682899 0.00243598 -0.20809600
v 0.01105198 0.00243598 -0.20447200
v 0.01142898 0.00447803 -0.20387100
v 0.00537000 0.00352299 -0.20069900
v 0.00527499 0.00243598 -0.20084891
v -0.00050195 0.00243598 -0.19722500
v -0.00051399 0.00133299 -0.19724600
v 0.00526199 0.00133299 -0.20086899
v 0.00525597 -0.00131397 -0.20086500
v -0.00051399 0.00133299 -0.19724600
v -0.00052299 -0.00131397 -0.19724099
v -0.00629100 0.00133299 -0.19362190
v -0.00629100 0.00133299 -0.19362190
v -0.01196696 0.00243597 -0.19003300
v -0.01206799 0.00133299 -0.18999900
v -0.01210900 0.00000603 -0.18997291
v -0.01206799 0.00133299 -0.18999900
v -0.00630196 -0.00131397 -0.19361600
v -0.00052299 -0.00131397 -0.19724099
v -0.00628998 -0.00241793 -0.19359601
v -0.00630196 -0.00131397 -0.19361600
v -0.01208200 -0.00131397 -0.18999089
v -0.01208200 -0.00131397 -0.18999089
v -0.01208200 -0.00131397 -0.18999089
v -0.01226600 -0.00132897 -0.18978401
v -0.01210900 0.00000603 -0.18997291
v -0.01208200 -0.00131397 -0.18999089
v -0.01199599 -0.00238497 -0.19001600
v -0.00051095 -0.00241793 -0.19722000
v -0.00619497 -0.00350595 -0.19344500
v -0.00041600 -0.00350595 -0.19707000
v -0.01135297 -0.00443596 -0.18960799
v -0.00013300 -0.00446195 -0.19661900
v 0.00526897 -0.00241793 -0.20084500
v 0.00536296 -0.00350595 -0.20069499
v 0.00526199 -0.00131397 -0.20086899
v 0.01104799 -0.00241793 -0.20446999
v 0.00525597 -0.00131397 -0.20086500
v 0.01103500 -0.00131397 -0.20449001
v 0.00526199 -0.00131397 -0.20086899
v 0.01103500 -0.00131397 -0.20449001
v 0.01681397 -0.00131397 -0.20811500
v 0.01103899 0.00133299 -0.20449300
v 0.01681397 -0.00131397 -0.20811500
v 0.00526295 0.00133299 -0.20086899
v 0.01103899 0.00133299 -0.20449300
v 0.01681599 0.00133299 -0.20811591
v 0.01681599 0.00133299 -0.20811591
v 0.02250800 0.00243598 -0.21166500
v 0.02259299 0.00133299 -0.21173900
v 0.02263400 0.00000903 -0.21176501
v 0.02259299 0.00133299 -0.21173900
v 0.02280399 0.00134801 -0.21181300
v 0.02263400 0.00000903 -0.21176501
v 0.02250895 0.00242203 -0.21166700
v 0.02250895 0.00242203 -0.21166700
v 0.02280399 0.00134801 -0.21181300
v 0.02259299 0.00133299 -0.21173900
v 0.02250800 0.00243598 -0.21166500
v 0.02259299 -0.00131397 -0.21174000
v 0.02259299 -0.00131397 -0.21174000
v 0.02263400 0.00000903 -0.21176501
v 0.02250698 -0.00241792 -0.21165600
v 0.02250895 -0.00240296 -0.21165800
v 0.02280399 -0.00132997 -0.21181300
v 0.02250895 -0.00240296 -0.21165800
v 0.02259299 -0.00131397 -0.21174000
v 0.02280399 -0.00132997 -0.21181300
v 0.02278897 -0.00243897 -0.21173000
v 0.02250698 -0.00241792 -0.21165600
v 0.02287498 -0.00133497 -0.21181600
v 0.02302399 -0.00134297 -0.21178700
v 0.02287498 -0.00133497 -0.21181600
v 0.01682696 -0.00241793 -0.20809500
v 0.02243099 -0.00350696 -0.21140190
v 0.02243200 -0.00348395 -0.21141000
v 0.02243200 -0.00348395 -0.21141000
v 0.01692096 -0.00350595 -0.20794401
v 0.01114199 -0.00350595 -0.20432000
v 0.02248398 -0.00446093 -0.21080300
v 0.02248296 -0.00445396 -0.21081001
v 0.02248398 -0.00446093 -0.21080300
v 0.02248296 -0.00445396 -0.21081001
v 0.02272096 -0.00502795 -0.20984890
v 0.02272096 -0.00502795 -0.20984890
v 0.02243099 -0.00350696 -0.21140190
v 0.02244696 0.00350099 -0.21141700
v 0.02244696 0.00350099 -0.21141700
v -0.01210900 0.00000603 -0.18997291
v -0.01225295 0.00135099 -0.18979301
v -0.01206799 0.00133299 -0.18999900
v -0.01229497 0.00000803 -0.18976399
v -0.01229497 0.00000803 -0.18976399
v -0.01225396 0.00135099 -0.18979000
v -0.01225396 0.00135099 -0.18979000
v -0.01225295 0.00135099 -0.18979301
v -0.01197197 0.00240099 -0.19003300
v -0.01206799 0.00133299 -0.18999900
v -0.01197197 0.00240099 -0.19003300
v -0.01196696 0.00243597 -0.19003300
v -0.01175298 0.00347000 -0.18997900
v -0.01175298 0.00347000 -0.18997900
v 0.01192597 0.00504398 -0.20307900
v 0.01770297 0.00504398 -0.20670301
v 0.02306798 0.00523602 -0.20878900
v 0.02276299 0.00504899 -0.20984501
v 0.02562896 0.00534301 -0.19816799
v 0.02534697 0.00533300 -0.19953699
v 0.02015194 0.00535303 -0.19319200
v -0.00424298 0.00527399 -0.19035700
v -0.00672295 0.00530302 -0.18413900
v -0.00424298 0.00527399 -0.19035700
v -0.00435396 0.00533300 -0.18094601
v -0.00513198 0.00532298 -0.18201999
v -0.00592198 0.00531297 -0.18308400
v -0.00513198 0.00532298 -0.18201999
v -0.00608596 0.00526898 -0.18295900
v -0.00529596 0.00527900 -0.18189789
v -0.00451799 0.00529002 -0.18082800
v -0.00592198 0.00531297 -0.18308400
v -0.00435396 0.00533300 -0.18094601
v -0.00375398 0.00530099 -0.17974900
v -0.00388994 0.00518202 -0.17965300
v -0.00465395 0.00516903 -0.18073000
v -0.00475999 0.00498997 -0.18069699
v -0.00473895 0.00498997 -0.18066791
v -0.00543197 0.00515597 -0.18179800
v -0.00397500 0.00500601 -0.17959200
v -0.00397500 0.00500601 -0.17959200
v -0.00186595 0.00313800 -0.17530800
v -0.00322499 0.00502299 -0.17850600
v -0.00322499 0.00502299 -0.17850600
v -0.00473895 0.00498997 -0.18066791
v -0.00546094 0.00000903 -0.18027700
v -0.00220796 0.00000903 -0.17513300
v -0.00275298 0.00507700 -0.17783500
v -0.00218698 0.00539999 -0.17721000
v -0.00162598 0.00605499 -0.17688700
v -0.00152096 0.00620698 -0.17686000
v -0.00218698 0.00000903 -0.17509700
v -0.00089797 0.00609498 -0.17580689
v -0.00475999 0.00498997 -0.18069699
v -0.00162598 0.00605499 -0.17688700
v -0.00216600 0.00553601 -0.17736600
v -0.00218698 0.00539999 -0.17721000
v -0.00268098 0.00524597 -0.17792199
v -0.00275298 0.00507700 -0.17783500
v -0.00255998 0.00535702 -0.17803500
v -0.00313797 0.00519603 -0.17856701
v -0.00313797 0.00519603 -0.17856701
v -0.00313797 0.00519501 -0.17856701
v -0.00300296 0.00531100 -0.17866000
v -0.00313797 0.00519501 -0.17856701
v -0.00300296 0.00531100 -0.17866000
v -0.00300195 0.00531202 -0.17866000
v -0.00300195 0.00531202 -0.17866000
v -0.00358900 0.00534301 -0.17986400
v -0.00240298 0.00539600 -0.17815889
v -0.00283798 0.00535302 -0.17877200
v -0.00283798 0.00535302 -0.17877200
v 0.00290999 0.00535302 -0.18237699
v -0.00358900 0.00534301 -0.17986400
v -0.00283798 0.00535302 -0.17877200
v -0.00283798 0.00535302 -0.17877200
v -0.00240298 0.00539600 -0.17815889
v -0.00240298 0.00539600 -0.17815800
v -0.00322499 0.00502299 -0.17850600
v -0.00152096 0.00620698 -0.17686000
v -0.00115695 0.00678002 -0.17685300
v -0.00115695 0.00678002 -0.17685300
v -0.00074198 0.00747900 -0.17697699
v -0.00074198 0.00747900 -0.17697699
v -0.00032200 0.00813900 -0.17714999
v -0.00032200 0.00813900 -0.17714999
v 0.00011500 0.00876497 -0.17735600
v 0.00002400 0.00874500 -0.17759700
v 0.00011500 0.00876497 -0.17735600
v 0.00002300 0.00874399 -0.17759900
v 0.00027500 0.00897699 -0.17743400
v 0.00002400 0.00874500 -0.17759700
v 0.00011500 0.00876497 -0.17735600
v 0.00002300 0.00874399 -0.17759900
v 0.00004100 0.00864499 -0.17783700
v 0.00207398 0.01092600 -0.17866699
v 0.00004100 0.00864499 -0.17783700
v 0.00218300 0.01095401 -0.17842699
v 0.00027500 0.00897699 -0.17743400
v -0.00220796 0.00000903 -0.17513300
v -0.00551494 0.00497501 -0.18173499
v -0.00551494 0.00497501 -0.18173499
v -0.00753494 0.00529300 -0.18518500
v -0.00919100 0.00527399 -0.18725289
v -0.00905099 0.00000903 -0.18524601
v -0.00548496 0.00000903 -0.18031199
v -0.00948700 0.00509500 -0.18701000
v -0.01030495 -0.00516195 -0.18847390
v -0.01153495 -0.00418992 -0.18898200
v -0.00995995 -0.00522394 -0.18806900
v -0.00962694 -0.00487292 -0.18690100
v -0.00614699 -0.00524993 -0.18291900
v -0.00549295 -0.00513393 -0.18175700
v -0.00557496 -0.00494797 -0.18169500
v -0.00597998 -0.00529594 -0.18304500
v -0.00535598 -0.00525994 -0.18185800
v -0.00471499 -0.00514592 -0.18069001
v -0.00479796 -0.00496293 -0.18062900
v -0.00479498 -0.00496293 -0.18062501
v -0.00479498 -0.00496293 -0.18062501
v -0.00479796 -0.00496293 -0.18062900
v -0.00557496 -0.00494797 -0.18169500
v 0.02380696 -0.00490094 -0.20778100
v 0.02380696 -0.00490094 -0.20778100
v 0.02417097 -0.00491596 -0.20642699
v 0.02451900 -0.00492996 -0.20506801
v 0.02464596 -0.00493592 -0.20455501
v 0.02485100 -0.00494492 -0.20370700
v 0.02530196 -0.00531495 -0.19950800
v 0.02530196 -0.00531495 -0.19950800
v 0.02337298 0.00000903 -0.21150400
v 0.02333096 0.00136703 -0.21147700
v 0.02589998 0.00535303 -0.19679700
v -0.00105598 0.00666099 -0.17751500
v -0.00065394 0.00727998 -0.17763300
v 0.00704799 0.01287298 -0.18190999
v 0.01232395 0.01334302 -0.18517500
v -0.00289299 -0.00533397 -0.17873789
v 0.02597097 -0.00539893 -0.19580901
v 0.02377895 -0.00983191 -0.19194900
v 0.02443800 -0.01116498 -0.10050700
v 0.02349195 -0.01139398 -0.09375000
v 0.02242598 -0.01157495 -0.08700495
v 0.02386096 -0.00606796 -0.08020895
v 0.02125099 -0.01169994 -0.08030498
v 0.01798299 -0.01572593 -0.08728200
v 0.01672295 -0.01593395 -0.08081001
v 0.01997999 -0.01176294 -0.07365298
v 0.01534096 -0.01605596 -0.07437598
v 0.01372197 -0.01663997 -0.08121997
v 0.01223698 -0.01678094 -0.07492095
v 0.01058296 -0.01594397 -0.08168698
v 0.00896797 -0.01608899 -0.07552200
v 0.00585798 -0.01185396 -0.08227796
v 0.00405595 -0.01196399 -0.07633496
v 0.00334898 -0.00612994 -0.08237296
v 0.00245998 0.00000901 -0.08239299
v 0.00415698 0.00000901 -0.08805799
v 0.00150595 -0.00616398 -0.07658696
v 0.00244597 0.00000901 -0.08234798
v 0.00335298 0.00614796 -0.08241295
v 0.00244597 0.00000901 -0.08234798
v 0.00151399 0.00618199 -0.07662796
v 0.00245998 0.00000901 -0.08239299
v 0.00062900 0.00000901 -0.07667601
v 0.00062900 0.00000901 -0.07667601
v 0.00061400 0.00000901 -0.07663196
v -0.00034700 0.00617996 -0.07105499
v 0.00221697 0.01202199 -0.07058495
v 0.00061400 0.00000901 -0.07663196
v -0.00035800 -0.00616195 -0.07101595
v -0.00121196 0.00000901 -0.07119196
v -0.00121196 0.00000901 -0.07119196
v -0.00122597 0.00000901 -0.07115095
v -0.00122597 0.00000901 -0.07115095
v -0.00233098 -0.00612494 -0.06533896
v -0.00316497 0.00000901 -0.06559699
v -0.00231596 0.00614301 -0.06538397
v -0.00316497 0.00000901 -0.06559699
v -0.00468197 0.00607601 -0.05872297
v -0.00197794 0.01190701 -0.05816698
v -0.00317999 0.00000901 -0.06555300
v 0.00026100 0.01199498 -0.06472295
v -0.00431397 0.01177498 -0.05136495
v -0.00718900 0.00598797 -0.05171495
v -0.00557896 0.00000901 -0.05885595
v -0.00811800 0.00000901 -0.05182999
v -0.00813498 0.00000901 -0.05178195
v -0.00962295 0.00588795 -0.04483097
v -0.01061495 0.00000901 -0.04484897
v -0.01059999 0.00000901 -0.04489296
v -0.01198598 0.00578800 -0.03787195
v -0.01059999 0.00000901 -0.04489296
v -0.00964298 -0.00587097 -0.04478394
v -0.01061495 0.00000901 -0.04484897
v -0.00813498 0.00000901 -0.05178195
v -0.00720897 -0.00596997 -0.05166494
v -0.00660797 -0.01159295 -0.04459398
v -0.00880399 -0.01142999 -0.03780597
v -0.01200499 -0.00577095 -0.03782796
v -0.01083996 -0.01127794 -0.03096795
v -0.00751599 -0.01368698 -0.03227800
v -0.00593498 -0.01382699 -0.03771400
v -0.00749197 -0.01369598 -0.03231799
v -0.00540396 -0.01440694 -0.03577399
v -0.00449695 -0.01461097 -0.03521698
v -0.00749197 -0.01369598 -0.03231799
v -0.00540396 -0.01440694 -0.03577399
v -0.00661495 -0.01396795 -0.03172796
v -0.00751599 -0.01368698 -0.03227800
v -0.00423696 -0.01476195 -0.03764396
v -0.00423696 -0.01476195 -0.03764396
v -0.00322296 -0.01504793 -0.03923797
v -0.00231894 -0.01517596 -0.03867995
v -0.00322296 -0.01504793 -0.03923797
v -0.00098100 -0.01560798 -0.04266899
v -0.00098100 -0.01560798 -0.04266899
v -0.00083598 -0.01564094 -0.04288798
v -0.00009000 -0.01565494 -0.04211896
v -0.00387295 -0.01400294 -0.04436194
v -0.00083598 -0.01564094 -0.04288798
v -0.00008800 -0.01580199 -0.04400295
v 0.00219098 -0.01603796 -0.04554498
v 0.00074500 -0.01515295 -0.04167497
v -0.00143000 -0.01472398 -0.03822195
v -0.00293197 -0.01336595 -0.03453397
v -0.00356498 -0.01421895 -0.03474998
v 0.00056200 -0.01413199 -0.04034399
v -0.00085595 -0.01384499 -0.03801596
v -0.00293197 -0.01336595 -0.03453397
v -0.00223394 -0.01089897 -0.03306496
v -0.00336000 -0.01325794 -0.03380399
v -0.00336000 -0.01325794 -0.03380399
v -0.00085595 -0.01384499 -0.03801596
v 0.00194500 -0.01089897 -0.03943794
v 0.00070100 -0.00802097 -0.03114098
v -0.00347694 -0.00802097 -0.02476799
v -0.00641199 -0.01089898 -0.02669197
v -0.00495597 -0.01282898 -0.03103297
v -0.00691196 -0.01223395 -0.02750897
v -0.00691196 -0.01223395 -0.02750897
v -0.00564798 -0.01364394 -0.03125697
v -0.00495597 -0.01282898 -0.03103297
v -0.00766399 -0.01299897 -0.02774000
v -0.00710698 -0.01216999 -0.02714794
v -0.00866195 -0.01324496 -0.02820700
v -0.00959094 -0.01228097 -0.02419495
v -0.00877699 -0.01158199 -0.02396196
v -0.00710698 -0.01216999 -0.02714794
v -0.00877699 -0.01158199 -0.02396196
v -0.01046796 -0.01089898 -0.02050596
v -0.01046796 -0.01089898 -0.02050596
v -0.00765499 -0.00802097 -0.01839494
v -0.01056297 -0.01085696 -0.02030199
v -0.01052900 -0.01087198 -0.02037596
v -0.01052900 -0.01087198 -0.02037596
v -0.01140096 -0.01148996 -0.02060496
v -0.01183297 -0.00802097 -0.01202195
v -0.01214196 -0.00858096 -0.01335597
v -0.01206299 -0.01011596 -0.01685500
v -0.01213195 -0.01011596 -0.01674896
v -0.01305499 -0.01063297 -0.01696497
v -0.01056297 -0.01085696 -0.02030199
v -0.01213195 -0.01011596 -0.01674896
v -0.00395795 -0.00699094 -0.01597100
v -0.00813695 -0.00699095 -0.00959796
v -0.01224198 -0.00827799 -0.01229000
v -0.01225700 -0.00823299 -0.01211899
v -0.01232197 -0.00801996 -0.01127696
v -0.01234998 -0.00792495 -0.01087099
v -0.00813695 -0.00699095 -0.00959796
v 0.00966099 -0.00699095 -0.00136900
v -0.01199200 -0.00699095 -0.00007300
v 0.00980995 -0.00699095 -0.00874698
v -0.00395795 -0.00699094 -0.01597100
v -0.01231499 -0.00699095 -0.00322497
v -0.01246299 -0.00742898 -0.00834197
v -0.01245995 -0.00710896 -0.00579697
v -0.01231499 -0.00699095 -0.00322497
v -0.01231499 -0.00699095 -0.00322497
v -0.01256396 -0.00705794 -0.00320995
v -0.01256295 -0.00705699 -0.00320995
v -0.01199200 -0.00699095 -0.00007300
v -0.01256295 -0.00705699 -0.00320995
v -0.01245995 -0.00710896 -0.00579697
v -0.01256396 -0.00705794 -0.00320995
v -0.01268097 -0.00719295 -0.00578898
v -0.01274695 -0.00724099 -0.00319898
v -0.01283898 -0.00737295 -0.00577295
v -0.01265695 -0.00752798 -0.00833500
v -0.01246299 -0.00742898 -0.00834197
v -0.01223900 -0.00705794 -0.00003700
v -0.01274695 -0.00724099 -0.00319898
v -0.01241996 -0.00724099 -0.00001000
v -0.01281394 -0.00749097 -0.00319499
v -0.01274796 -0.00724194 -0.00319898
v -0.01274796 -0.00724194 -0.00319898
v -0.01281394 -0.00749097 -0.00319499
v -0.01233299 -0.00749097 0.00096500
v -0.01248600 -0.00749097 -0.00000100
v -0.01182194 -0.00724099 0.00311899
v -0.01164396 -0.00705794 0.00307697
v -0.01140096 -0.00699095 0.00301796
v -0.01052399 -0.00699095 0.00603396
v -0.01140096 -0.00699095 0.00301796
v -0.01052399 -0.00699095 0.00603396
v -0.00935199 -0.00699095 0.00897795
v -0.01188697 -0.00749097 0.00313496
v -0.01279100 -0.00769798 -0.00831497
v -0.01251699 -0.00802997 -0.01086199
v -0.01234998 -0.00792495 -0.01087099
v -0.01262899 -0.00818894 -0.01083695
v -0.01240994 -0.00833998 -0.01210796
v -0.01232197 -0.00801996 -0.01127696
v -0.01267197 -0.00837795 -0.01079899
v -0.01283999 -0.00790695 -0.00828397
v -0.01251294 -0.00849197 -0.01207995
v -0.01278796 -0.00899098 -0.00924295
v -0.01267197 -0.00837795 -0.01079899
v -0.01283999 -0.00790695 -0.00828397
v -0.01255198 -0.00867096 -0.01203894
v -0.01265295 -0.00899098 -0.01100397
v -0.01255198 -0.00867096 -0.01203894
v -0.01247199 -0.00899098 -0.01276695
v -0.01265295 -0.00899098 -0.01100397
v -0.01253696 -0.00923899 -0.01277500
v -0.01247199 -0.00899098 -0.01276695
v -0.01241298 -0.00900099 -0.01326799
v -0.01253696 -0.00923899 -0.01277500
v -0.01241298 -0.00900099 -0.01326799
v -0.01247199 -0.00899098 -0.01276695
v -0.01223995 -0.00937197 -0.01488000
v -0.01223298 -0.00935600 -0.01488095
v -0.01223298 -0.00935600 -0.01488095
v -0.01237496 -0.00883297 -0.01331198
v -0.01241298 -0.00900099 -0.01326799
v -0.01237496 -0.00883297 -0.01331198
v -0.01241298 -0.00900099 -0.01326799
v -0.01233496 -0.00875697 -0.01332795
v -0.01221998 -0.00939295 -0.01500999
v -0.01221998 -0.00939295 -0.01500999
v -0.01206299 -0.01011596 -0.01685500
v -0.01211699 -0.00978098 -0.01612800
v -0.01235898 -0.00953594 -0.01486796
v -0.01211699 -0.00978098 -0.01612800
v -0.01251097 -0.00965396 -0.01496297
v -0.01253094 -0.00963995 -0.01487398
v -0.01271995 -0.00942395 -0.01279598
v -0.01272197 -0.00942496 -0.01279598
v -0.01372095 -0.00965396 -0.01311796
v -0.01253094 -0.00963995 -0.01487398
v -0.01296898 -0.00949094 -0.01282399
v -0.01296898 -0.00949094 -0.01282399
v -0.01251097 -0.00965396 -0.01496297
v -0.01305999 -0.00949094 -0.01268500
v -0.01403995 -0.00965396 -0.01263195
v -0.01385196 -0.00969294 -0.01307499
v -0.01380898 -0.00970296 -0.01317596
v -0.01213195 -0.01011596 -0.01674896
v -0.01206299 -0.01011596 -0.01685500
v -0.01403995 -0.00965396 -0.01263195
v -0.01472195 -0.00986895 -0.01325899
v -0.01385196 -0.00969294 -0.01307499
v -0.01380898 -0.00970296 -0.01317596
v -0.01527198 -0.00949094 -0.00931198
v -0.01591595 -0.00938395 -0.00935197
v -0.01305499 -0.01063297 -0.01696497
v -0.01408799 -0.01058898 -0.01736199
v -0.01556398 -0.00963894 -0.01350295
v -0.01326795 -0.01103196 -0.02152395
v -0.01243694 -0.01154998 -0.02103894
v -0.01408799 -0.01058898 -0.01736199
v -0.01487799 -0.01000098 -0.01780396
v -0.01521500 -0.00976298 -0.01692795
v -0.01487799 -0.01000098 -0.01780396
v -0.01521500 -0.00976298 -0.01692795
v -0.01614996 -0.00559697 -0.02374500
v -0.01487799 -0.01000098 -0.01780396
v -0.01313396 -0.01111099 -0.02181196
v -0.01326795 -0.01103196 -0.02152395
v -0.01262798 -0.01114598 -0.02406400
v -0.01201798 -0.01172397 -0.02410399
v -0.01313396 -0.01111099 -0.02181196
v -0.01201798 -0.01172397 -0.02410399
v -0.01147600 -0.01200000 -0.02516597
v -0.01061197 -0.01244000 -0.02465099
v -0.01147600 -0.01200000 -0.02516597
v -0.00954797 -0.01288596 -0.02874398
v -0.00954797 -0.01288596 -0.02874398
v -0.00825497 -0.01340899 -0.03101396
v -0.00825497 -0.01340899 -0.03101396
v -0.01420696 -0.00567797 -0.03081995
v -0.01302995 0.00000901 -0.03783798
v -0.01527800 0.00000901 -0.03081095
v -0.01528998 0.00000901 -0.03077399
v -0.01419099 0.00569495 -0.03086096
v -0.01302995 0.00000901 -0.03783798
v -0.01527800 0.00000901 -0.03081095
v -0.01301594 0.00000901 -0.03787899
v -0.01301594 0.00000901 -0.03787899
v -0.01528998 0.00000901 -0.03077399
v -0.01613595 0.00561496 -0.02378195
v -0.01261498 0.01117094 -0.02409899
v -0.01082500 0.01130296 -0.03100597
v -0.01199796 0.01175495 -0.02415394
v -0.01017698 0.01263400 -0.02761298
v -0.00823899 0.01343897 -0.03104799
v -0.01312496 0.01113297 -0.02183896
v -0.01200398 0.01175095 -0.02414000
v -0.01367797 0.01080294 -0.02063494
v -0.01312496 0.01113297 -0.02183896
v -0.01367797 0.01080294 -0.02063494
v -0.01517697 0.00980194 -0.01703995
v -0.01517697 0.00980194 -0.01703995
v -0.01768096 0.00554898 -0.01660400
v -0.01520796 0.00977899 -0.01695895
v -0.01520796 0.00977899 -0.01695895
v -0.01728799 0.00000900 -0.02363997
v -0.01887299 0.00000900 -0.01640498
v -0.01860495 0.00549498 -0.00932199
v -0.01886799 0.00000900 -0.01643496
v -0.01645597 0.00877800 -0.01333498
v -0.01571896 0.00943198 -0.01296097
v -0.01645597 0.00877800 -0.01333498
v -0.01677294 0.00846096 -0.00921696
v -0.01744397 0.00778797 -0.00955695
v -0.01744397 0.00778797 -0.00955695
v -0.01745297 0.00777700 -0.00951296
v -0.01745297 0.00777700 -0.00951296
v -0.01808496 0.00686296 -0.00557595
v -0.01808496 0.00686296 -0.00557595
v -0.01746895 0.00755795 -0.00538099
v -0.01824595 0.00621500 -0.00207799
v -0.01769396 0.00681200 -0.00140899
v -0.01857700 0.00544896 -0.00198895
v -0.01822998 0.00612500 -0.00147396
v -0.01824595 0.00621500 -0.00207799
v -0.01822998 0.00612500 -0.00147396
v -0.01771899 0.00577798 0.00266397
v -0.01729395 0.00642695 0.00257099
v -0.01771899 0.00577798 0.00266397
v -0.01728900 0.00643094 0.00256997
v -0.01708497 0.00574495 0.00516397
v -0.01729395 0.00642695 0.00257099
v -0.01771899 0.00577798 0.00266397
v -0.01623895 0.00639798 0.00641096
v -0.01666995 0.00685396 0.00243294
v -0.01728900 0.00643094 0.00256997
v -0.01720699 0.00540896 0.00520694
v -0.01708497 0.00574495 0.00516397
v -0.01664497 0.00572099 0.00655299
v -0.01664497 0.00572099 0.00655299
v -0.01971396 0.00000900 -0.00166500
v -0.01508595 0.00000900 0.01225996
v -0.01435496 0.00537195 0.01193594
v -0.01512500 0.00563898 0.01026999
v -0.01818200 0.00000900 0.00554997
v -0.01817699 0.00000900 0.00556695
v -0.01429297 0.00559594 0.01190799
v -0.01512500 0.00563898 0.01026999
v -0.01474800 0.00635495 0.01008695
v -0.01429297 0.00559594 0.01190799
v -0.01319899 0.00554498 0.01381194
v -0.01285495 0.00630697 0.01359796
v -0.01319899 0.00554498 0.01381194
v -0.01097198 0.00545998 0.01711297
v -0.01097198 0.00545998 0.01711297
v -0.01720496 -0.00538997 0.00522596
v -0.01508595 0.00000900 0.01225996
v -0.01817699 0.00000900 0.00556695
v -0.01818200 0.00000900 0.00554997
v -0.01971396 0.00000900 -0.00166500
v -0.01857896 -0.00542996 -0.00196397
v -0.01507898 0.00000900 0.01227200
v -0.01688697 -0.00861195 -0.00217599
v -0.01568099 -0.00853900 0.00499099
v -0.01575096 -0.00854395 0.00472295
v -0.01568099 -0.00853900 0.00499099
v -0.01326897 -0.00838099 0.01148200
v -0.01575096 -0.00854395 0.00472295
v -0.01690497 -0.00861297 -0.00240797
v -0.01688697 -0.00861195 -0.00217599
v -0.01690497 -0.00861297 -0.00240797
v -0.01861097 -0.00547597 -0.00929296
v -0.01692595 -0.00860897 -0.00941599
v -0.01647695 -0.00908498 -0.00938797
v -0.01692595 -0.00860897 -0.00941599
v -0.01691194 -0.00860999 -0.00963396
v -0.01691194 -0.00860999 -0.00963396
v -0.01647695 -0.00908498 -0.00938797
v -0.01692595 -0.00860897 -0.00941599
v -0.01620497 -0.00905094 -0.01375895
v -0.01620497 -0.00905094 -0.01375895
v -0.01769097 -0.00553099 -0.01657098
v -0.01886799 0.00000900 -0.01643496
v -0.01887299 0.00000900 -0.01640498
v -0.01728799 0.00000900 -0.02363997
v -0.01620897 -0.00925699 -0.00937098
v -0.01980295 0.00000900 -0.00908595
v -0.01980396 0.00000900 -0.00905895
v -0.01980396 0.00000900 -0.00905895
v -0.01980295 0.00000900 -0.00908595
v -0.01971700 0.00000900 -0.00168699
v -0.01971700 0.00000900 -0.00168699
v -0.01507898 0.00000900 0.01227200
v -0.01080795 0.00000900 0.01830697
v -0.01080795 0.00000900 0.01830697
v -0.01080294 0.00000900 0.01831400
v -0.01666995 0.00685396 0.00243294
v -0.01727899 0.00000900 -0.02367395
v -0.01727899 0.00000900 -0.02367395
v -0.01213195 -0.01011596 -0.01674896
v -0.01527198 -0.00949094 -0.00931198
v -0.01206299 -0.01011596 -0.01685500
v -0.01228299 -0.00868896 -0.01334196
v -0.01206299 -0.01011596 -0.01685500
v -0.01228299 -0.00868896 -0.01334196
v -0.01224198 -0.00827799 -0.01229000
v -0.01214196 -0.00858096 -0.01335597
v -0.01214196 -0.00858096 -0.01335597
v -0.01253797 -0.00924096 -0.01277500
v -0.01253797 -0.00924096 -0.01277500
v -0.01287099 -0.00899098 -0.00748700
v -0.01289495 -0.00763795 -0.00614596
v -0.01289495 -0.00763795 -0.00614596
v -0.01289495 -0.00899098 -0.00614596
v -0.01289596 -0.00760297 -0.00575298
v -0.01289596 -0.00899098 -0.00573498
v -0.01289596 -0.00760297 -0.00575298
v -0.01225700 -0.00823299 -0.01211899
v 0.01039699 -0.00699094 -0.01608896
v 0.00022000 -0.00699094 -0.02234399
v 0.00022000 -0.00699094 -0.02234399
v 0.01039699 -0.00699094 -0.01608896
v 0.01131895 -0.00699094 -0.02338194
v 0.01131895 -0.00699094 -0.02338194
v 0.00439796 -0.00699094 -0.02871698
v 0.01246396 -0.00699094 -0.03062695
v 0.01246396 -0.00699094 -0.03062695
v 0.00857595 -0.00699094 -0.03508996
v 0.01373896 -0.00699094 -0.03783994
v 0.01431295 -0.00690398 -0.03773397
v 0.01373896 -0.00699094 -0.03783994
v 0.01275495 -0.00699094 -0.04146295
v 0.01509497 -0.00699094 -0.04503297
v 0.01509497 -0.00699094 -0.04503297
v 0.00905798 -0.00802097 -0.04388695
v 0.01509497 -0.00699094 -0.04503297
v 0.01275495 -0.00699094 -0.04146295
v 0.00487999 -0.00802097 -0.03751397
v 0.00857595 -0.00699094 -0.03508996
v 0.00612298 -0.01089897 -0.04581099
v 0.01030097 -0.01089897 -0.05218398
v 0.00559399 -0.01486393 -0.04836297
v 0.00341598 -0.01460799 -0.04493194
v 0.00460199 -0.01476093 -0.04680800
v 0.00296096 -0.01549693 -0.04512095
v 0.00460199 -0.01476093 -0.04680800
v 0.00341598 -0.01460799 -0.04493194
v 0.00126100 -0.01426198 -0.04147899
v 0.00126100 -0.01426198 -0.04147899
v 0.00056200 -0.01413199 -0.04034399
v 0.00520597 -0.01572796 -0.04854899
v 0.00452099 -0.01629498 -0.04894596
v 0.00689397 -0.01638999 -0.05232995
v 0.00416098 -0.01647093 -0.05007594
v 0.00370995 -0.01642295 -0.04945397
v 0.00370995 -0.01642295 -0.04945397
v 0.00148400 -0.01585295 -0.05048298
v 0.00416098 -0.01647093 -0.05007594
v 0.00132800 -0.01607498 -0.04607999
v 0.00132800 -0.01607498 -0.04607999
v -0.00008800 -0.01580199 -0.04400295
v -0.00048900 -0.01567396 -0.04404395
v -0.00173297 -0.01417597 -0.05095696
v 0.00348697 -0.01600596 -0.05693495
v 0.00616298 -0.01660397 -0.05280095
v 0.00627199 -0.01660695 -0.05294698
v 0.00627199 -0.01660695 -0.05294698
v 0.00616298 -0.01660397 -0.05280095
v 0.00717995 -0.01668193 -0.05612295
v 0.00848798 -0.01657095 -0.05583596
v 0.00848798 -0.01657095 -0.05583596
v 0.00869194 -0.01655599 -0.05609399
v 0.01131997 -0.01616194 -0.05935800
v 0.00893799 -0.01679095 -0.06236898
v 0.00543997 -0.01610997 -0.06330096
v 0.00024400 -0.01197394 -0.06467796
v 0.00725297 -0.01614197 -0.06941896
v 0.00220100 -0.01200398 -0.07054197
v -0.00199797 -0.01188394 -0.05811798
v -0.00433400 -0.01175096 -0.05131798
v -0.00470098 -0.00605795 -0.05867195
v -0.00556096 0.00000901 -0.05890697
v -0.00317999 0.00000901 -0.06555300
v -0.00557896 0.00000901 -0.05885595
v -0.00556096 0.00000901 -0.05890697
v 0.01063398 -0.01682898 -0.06863398
v 0.01224896 -0.01604398 -0.06148898
v 0.01383397 -0.01609095 -0.06790399
v 0.01401195 -0.01526894 -0.06248897
v 0.01295695 -0.01569196 -0.06130194
v 0.01188299 -0.01602294 -0.06003797
v 0.01685700 -0.01345398 -0.06519800
v 0.01685700 -0.01345398 -0.06519800
v 0.01428297 -0.01497193 -0.06218397
v 0.01401195 -0.01526894 -0.06248897
v 0.01295695 -0.01569196 -0.06130194
v 0.01692298 -0.01329496 -0.06495499
v 0.01446495 -0.01460394 -0.06192499
v 0.01209900 -0.01535394 -0.05870097
v 0.01177594 -0.01583698 -0.05899494
v 0.01131997 -0.01616194 -0.05935800
v 0.00930599 -0.01626798 -0.05567395
v 0.01188299 -0.01602294 -0.06003797
v 0.00976697 -0.01571997 -0.05534499
v 0.00869194 -0.01655599 -0.05609399
v 0.00747899 -0.01581796 -0.05196499
v 0.00559399 -0.01486393 -0.04836297
v 0.00873396 -0.01501795 -0.05321097
v 0.00779799 -0.01500198 -0.05177795
v 0.00779799 -0.01500198 -0.05177795
v 0.00873396 -0.01501795 -0.05321097
v 0.01001296 -0.01498696 -0.05515098
v 0.01001296 -0.01498696 -0.05515098
v 0.01447895 -0.01089897 -0.05855697
v 0.01226995 -0.01474198 -0.05849599
v 0.01226995 -0.01474198 -0.05849599
v 0.01801095 -0.00802097 -0.05754297
v 0.01741395 -0.00802097 -0.05663299
v 0.01323596 -0.00802097 -0.05025994
v 0.01298997 -0.01460197 -0.05953299
v 0.01455996 -0.01415797 -0.06170797
v 0.01859996 -0.01089897 -0.06484299
v 0.01876000 -0.01035896 -0.06427395
v 0.01857296 -0.00878897 -0.06077098
v 0.01876000 -0.01035896 -0.06427395
v 0.01892999 -0.00854495 -0.06082999
v 0.01857296 -0.00878897 -0.06077098
v 0.01894894 -0.01024297 -0.06441795
v 0.01859996 -0.01089897 -0.06484299
v 0.01921395 -0.00824895 -0.06091195
v 0.01870600 -0.01092496 -0.06506896
v 0.01910499 -0.01011398 -0.06456595
v 0.01924297 -0.00995895 -0.06472998
v 0.01891896 -0.01078596 -0.06541997
v 0.01881895 -0.01086398 -0.06523698
v 0.01836196 -0.01175895 -0.06576699
v 0.01831296 -0.01174798 -0.06556200
v 0.01836398 -0.01175698 -0.06576597
v 0.01859495 -0.01176294 -0.06686699
v 0.01836196 -0.01175895 -0.06576699
v 0.01762995 -0.01269194 -0.06564396
v 0.01763800 -0.01259794 -0.06541895
v 0.01762995 -0.01269194 -0.06564396
v 0.01836398 -0.01175698 -0.06576597
v 0.01824895 -0.01172598 -0.06537301
v 0.01762399 -0.01249196 -0.06521296
v 0.01758799 -0.01236596 -0.06500697
v 0.01816598 -0.01169094 -0.06518298
v 0.01695499 -0.01311698 -0.06473398
v 0.01856896 -0.01097497 -0.06490099
v 0.01758799 -0.01236596 -0.06500697
v 0.01816598 -0.01169094 -0.06518298
v 0.01856896 -0.01097497 -0.06490099
v 0.01695499 -0.01290896 -0.06452000
v 0.01695499 -0.01290896 -0.06452000
v 0.01455996 -0.01415797 -0.06170797
v 0.02118495 -0.00603196 -0.06638497
v 0.01891896 -0.01078596 -0.06541997
v 0.01924297 -0.00995895 -0.06472998
v 0.01943496 -0.00788894 -0.06102097
v 0.02069697 0.00000901 -0.05928099
v 0.01980797 -0.00596896 -0.05950695
v 0.02256999 -0.00606498 -0.07339900
v 0.02070597 0.00000901 -0.05932998
v 0.02208498 0.00000901 -0.06624400
v 0.02070597 0.00000901 -0.05932998
v 0.01981595 0.00599000 -0.05955398
v 0.02069697 0.00000901 -0.05928099
v 0.01865599 0.00590697 -0.05369299
v 0.01956394 0.00000901 -0.05348497
v 0.01864699 -0.00588497 -0.05365198
v 0.01956394 0.00000901 -0.05348497
v 0.01838794 0.00604400 -0.05258297
v 0.01856795 0.00618896 -0.05371195
v 0.01807597 0.00585696 -0.05071097
v 0.01856795 0.00618896 -0.05371195
v 0.01838794 0.00604400 -0.05258297
v 0.01897696 0.00666496 -0.05652397
v 0.01897696 0.00666496 -0.05652397
v 0.01933494 0.00745496 -0.05967795
v 0.01933494 0.00745496 -0.05967795
v 0.01939497 0.00769600 -0.06042295
v 0.01916298 0.00808099 -0.06032097
v 0.01939497 0.00769600 -0.06042295
v 0.01936898 0.00947097 -0.06410396
v 0.01920995 0.00967499 -0.06395000
v 0.01882300 0.01098999 -0.06551700
v 0.01873198 0.01105097 -0.06532895
v 0.01835999 0.01177498 -0.06576097
v 0.01936898 0.00947097 -0.06410396
v 0.02119199 0.00605098 -0.06643700
v 0.01882300 0.01098999 -0.06551700
v 0.01998499 0.01178100 -0.07370299
v 0.02257297 0.00608298 -0.07344996
v 0.02209595 0.00000901 -0.06629896
v 0.02208498 0.00000901 -0.06624400
v 0.02209595 0.00000901 -0.06629896
v 0.02349898 0.00000901 -0.07335400
v 0.02349898 0.00000901 -0.07335400
v 0.02350995 0.00000901 -0.07340800
v 0.02350995 0.00000901 -0.07340800
v 0.02483300 0.00000901 -0.08023595
v 0.02483300 0.00000901 -0.08023595
v 0.02484295 0.00000901 -0.08028900
v 0.02125296 0.01171598 -0.08035296
v 0.01673696 0.01595601 -0.08085900
v 0.01807597 0.00585696 -0.05071097
v 0.01770994 0.00571796 -0.04863399
v 0.01770994 0.00571796 -0.04863399
v 0.01955596 0.00000901 -0.05344599
v 0.01773098 -0.00570998 -0.04877799
v 0.01955596 0.00000901 -0.05344599
v 0.01805499 -0.00583294 -0.05061697
v 0.01736698 -0.00637296 -0.04880797
v 0.01805499 -0.00583294 -0.05061697
v 0.01773098 -0.00570998 -0.04877799
v 0.01763496 -0.00709894 -0.05289196
v 0.01811496 -0.00665298 -0.05286598
v 0.01679799 -0.00684795 -0.04888397
v 0.01654700 -0.00633696 -0.04475200
v 0.01624200 -0.00661394 -0.04481095
v 0.01589099 -0.00681898 -0.04487895
v 0.01595900 -0.00705895 -0.04847496
v 0.01608697 -0.00708196 -0.04899895
v 0.01702598 -0.00737098 -0.05295896
v 0.01589099 -0.00681898 -0.04487895
v 0.01624200 -0.00661394 -0.04481095
v 0.01568195 -0.00689897 -0.04491895
v 0.01568195 -0.00689897 -0.04491895
v 0.01509497 -0.00699094 -0.04503297
v 0.01595900 -0.00705895 -0.04847496
v 0.01702598 -0.00737098 -0.05295896
v 0.01608697 -0.00708196 -0.04899895
v 0.01777896 -0.00781897 -0.05639398
v 0.01777896 -0.00781897 -0.05639398
v 0.01788297 -0.00790396 -0.05689996
v 0.01837495 -0.00762394 -0.05688995
v 0.01788297 -0.00790396 -0.05689996
v 0.01876095 -0.00723496 -0.05691599
v 0.01801095 -0.00802097 -0.05754297
v 0.01855895 -0.00616595 -0.05367100
v 0.01933095 -0.00742194 -0.05962896
v 0.01903495 -0.00674197 -0.05697798
v 0.01843396 -0.00606295 -0.05288296
v 0.01855895 -0.00616595 -0.05367100
v 0.01903495 -0.00674197 -0.05697798
v 0.01843396 -0.00606295 -0.05288296
v 0.01933095 -0.00742194 -0.05962896
v 0.01943496 -0.00788894 -0.06102097
v 0.01654700 -0.00633696 -0.04475200
v 0.01298997 -0.01460197 -0.05953299
v 0.00439796 -0.00699094 -0.02871698
v -0.00811800 0.00000901 -0.05182999
v 0.00415698 0.00000901 -0.08805799
v 0.00416896 0.00000901 -0.08810096
v 0.00416896 0.00000901 -0.08810096
v 0.00714896 0.00000902 -0.09959095
v 0.00714896 0.00000902 -0.09959095
v 0.01569095 0.00691697 -0.04493099
v 0.01510194 0.00700900 -0.04504400
v 0.01510194 0.00700900 -0.04504400
v 0.01351497 0.00577798 -0.02550899
v 0.01430598 0.00574997 -0.03032797
v 0.01363894 0.00547799 -0.02551299
v 0.01430598 0.00574997 -0.03032797
v 0.01351497 0.00577798 -0.02550899
v 0.01453695 0.00553700 -0.03118997
v 0.01445499 0.00574496 -0.03119200
v 0.01474700 0.00000900 -0.02552497
v 0.01474294 0.00000900 -0.02549797
v 0.01397500 0.00000900 -0.01987600
v 0.01315394 0.00578799 -0.02312600
v 0.01315394 0.00578799 -0.02312600
v 0.01547399 0.00570199 -0.03685599
v 0.01550594 0.00561598 -0.03685295
v 0.01561394 0.00000901 -0.03115695
v 0.01560900 0.00000901 -0.03112697
v 0.01653597 0.00000901 -0.03674495
v 0.01559594 0.00569698 -0.03751200
v 0.01612094 0.00567397 -0.04030299
v 0.01654098 0.00000901 -0.03677695
v 0.01559594 0.00569698 -0.03751200
v 0.01560900 0.00000901 -0.03112697
v 0.01750699 0.00000901 -0.04234796
v 0.01397196 0.00000900 -0.01985299
v 0.01397196 0.00000900 -0.01985299
v 0.01335696 0.00000900 -0.01421099
v 0.01335499 0.00000900 -0.01419097
v 0.01293895 -0.00106900 -0.00914997
v 0.01279095 -0.00198797 -0.00849295
v 0.01294097 0.00108596 -0.00915795
v 0.01293895 -0.00106900 -0.00914997
v 0.01300696 0.00000900 -0.00949395
v 0.01300696 0.00000900 -0.00949395
v 0.01335499 0.00000900 -0.01419097
v 0.01294097 0.00108596 -0.00915795
v 0.01300696 0.00000900 -0.00949395
v 0.01243898 -0.00304399 -0.00274700
v 0.01253095 -0.00304399 -0.00742400
v 0.01191095 -0.00576399 0.00583398
v 0.01161799 -0.00625495 0.00586396
v 0.01191095 -0.00576399 0.00583398
v 0.01231799 -0.00570295 0.00891697
v 0.01231799 -0.00570295 0.00891697
v 0.01234999 -0.00660000 0.01311999
v 0.01279494 -0.00613300 0.01303195
v 0.01379696 -0.00676696 0.02030098
v 0.01417700 -0.00649796 0.02019596
v 0.01379696 -0.00676696 0.02030098
v 0.01460996 -0.00604997 0.02454596
v 0.01390794 -0.00673996 0.02435898
v 0.01417700 -0.00649796 0.02019596
v 0.01356498 -0.00687198 0.02036595
v 0.01356498 -0.00687198 0.02036595
v 0.01291099 -0.00699095 0.02055096
v 0.01231799 -0.00606297 0.02835500
v 0.01252994 -0.00511895 0.02857798
v 0.00854096 -0.00519196 0.03082597
v 0.00852296 -0.00519298 0.03083097
v 0.00390998 -0.00522695 0.03090697
v 0.00854096 -0.00519196 0.03082597
v 0.00849197 -0.00304399 0.03102600
v 0.01252994 -0.00511895 0.02857798
v 0.00852296 -0.00519298 0.03083097
v 0.00379399 -0.00304399 0.03108596
v -0.00014500 -0.00525896 0.02871596
v 0.00008400 -0.00614099 0.02846300
v 0.00390998 -0.00522695 0.03090697
v -0.00014500 -0.00525896 0.02871596
v 0.00391100 -0.00522695 0.03090697
v 0.00391100 -0.00522695 0.03090697
v 0.00008600 -0.00614600 0.02846097
v 0.00008400 -0.00614099 0.02846300
v 0.00008600 -0.00614600 0.02846097
v 0.01257196 -0.00304399 0.02868396
v 0.00379399 -0.00304399 0.03108596
v -0.00014600 -0.00525395 0.02871698
v -0.00035700 -0.00304399 0.02884000
v 0.00849197 -0.00304399 0.03102600
v 0.01499400 -0.00304399 0.02462798
v 0.01490095 -0.00509600 0.02462297
v 0.01499400 -0.00304399 0.02462798
v 0.01257196 -0.00304399 0.02868396
v 0.01256797 -0.00511799 0.02854096
v 0.01448497 -0.00614397 0.02010995
v 0.01490095 -0.00509600 0.02462297
v 0.01490995 -0.00509695 0.02458995
v 0.01256797 -0.00511799 0.02854096
v 0.01490995 -0.00509695 0.02458995
v 0.01481900 -0.00526295 0.02001196
v 0.01461700 -0.00591896 0.02007395
v 0.01481900 -0.00526295 0.02001196
v 0.01466897 -0.00304697 0.01830399
v 0.01481900 -0.00526295 0.02001196
v 0.01376197 -0.00544999 0.01606196
v 0.01461700 -0.00591896 0.02007395
v 0.01376197 -0.00544999 0.01606196
v 0.01481900 -0.00526295 0.02001196
v 0.01502898 -0.00304399 0.01988899
v 0.01502898 -0.00304399 0.01988899
v 0.01502898 -0.00304399 0.01988899
v 0.01502898 -0.00304399 0.01988899
v 0.01502898 -0.00304399 0.01988899
v 0.01502898 -0.00304399 0.01988798
v 0.01502898 -0.00304399 0.01988595
v 0.01498398 -0.00304596 0.01969099
v 0.01484600 -0.00304697 0.01909798
v 0.01502898 -0.00304399 0.01988899
v 0.01502898 -0.00304399 0.01988899
v 0.01502898 -0.00304399 0.01988798
v 0.01502898 -0.00304399 0.01988595
v 0.01502696 -0.00304494 0.01987600
v 0.01501796 -0.00304494 0.01983898
v 0.01502696 -0.00304494 0.01987600
v 0.01501796 -0.00304494 0.01983898
v 0.01449898 -0.00304697 0.01750898
v 0.01433697 -0.00304697 0.01671195
v 0.01418099 -0.00304596 0.01591396
v 0.01339695 -0.00551597 0.01452100
v 0.01339695 -0.00551597 0.01452100
v 0.01305995 -0.00557695 0.01297897
v 0.01305995 -0.00557695 0.01297897
v 0.01448497 -0.00614397 0.02010995
v -0.00319596 -0.00528495 0.02585399
v -0.00014500 -0.00525896 0.02871596
v -0.00014500 -0.00525896 0.02871596
v -0.00511696 -0.00617198 0.02341198
v -0.00475397 -0.00639997 0.02350699
v -0.00475397 -0.00639997 0.02350699
v -0.00511696 -0.00617198 0.02341198
v -0.00544699 -0.00531296 0.02358800
v -0.00550195 -0.00589095 0.02325999
v -0.00553598 -0.00595496 0.02319395
v -0.00550195 -0.00589095 0.02325999
v -0.00613197 -0.00532399 0.02286595
v -0.00613197 -0.00532399 0.02286595
v -0.00557997 -0.00602500 0.02314198
v -0.00613197 -0.00532399 0.02286595
v -0.00568595 -0.00805400 0.02243900
v -0.00557997 -0.00602500 0.02314198
v -0.00613197 -0.00532399 0.02286595
v -0.00512197 -0.00648097 0.02324998
v -0.00568595 -0.00805400 0.02243900
v -0.00568595 -0.00805400 0.02243900
v -0.00568595 -0.00805400 0.02243900
v -0.00265398 -0.00699095 0.02306300
v -0.00297298 -0.00699095 0.02329397
v -0.00259896 -0.00699095 0.02301698
v -0.00265398 -0.00699095 0.02306300
v -0.00411298 -0.00718997 0.02321499
v -0.00224497 -0.00899098 0.02072495
v -0.00495895 -0.00899098 0.01706898
v -0.00601395 -0.00899098 0.01565897
v -0.00701096 -0.00899098 0.01421099
v -0.00701096 -0.00899098 0.01421099
v -0.00903996 -0.00942395 0.01129800
v -0.00966896 -0.00924096 0.00964296
v -0.00983496 -0.00942395 0.00972098
v -0.00925996 -0.00949095 0.01141595
v -0.00960894 -0.00899098 0.00961399
v -0.01031496 -0.00899098 0.00800997
v -0.01037695 -0.00924096 0.00803596
v -0.01031496 -0.00899098 0.00800997
v -0.00960894 -0.00899098 0.00961399
v -0.01039096 -0.00899098 0.00782394
v -0.01054694 -0.00942395 0.00810498
v -0.01099797 -0.00924096 0.00639796
v -0.01006098 -0.00949095 0.00982797
v -0.01019796 0.00000900 0.01904195
v -0.01019796 0.00000900 0.01904195
v -0.01006295 0.00300898 0.01893800
v 0.01418898 0.00301196 0.01590800
v 0.01418898 0.00301196 0.01590800
v 0.01434395 0.00301196 0.01670700
v 0.01376596 0.00546797 0.01606595
v 0.01434395 0.00301196 0.01670700
v 0.01339898 0.00553395 0.01451599
v 0.01376596 0.00546797 0.01606595
v 0.01279900 0.00615098 0.01302999
v 0.01461795 0.00593897 0.02006697
v 0.01481900 0.00528194 0.02001196
v 0.01339898 0.00553395 0.01451599
v 0.01481900 0.00528194 0.02001196
v 0.01467398 0.00301196 0.01829999
v 0.01450494 0.00301196 0.01750397
v 0.01485095 0.00301196 0.01909500
v 0.01467398 0.00301196 0.01829999
v 0.01450494 0.00301196 0.01750397
v 0.01485095 0.00301196 0.01909500
v 0.01498696 0.00301095 0.01968896
v 0.01498696 0.00301095 0.01968896
v 0.01503298 0.00300999 0.01988399
v 0.01503298 0.00300898 0.01988697
v 0.01502195 0.00300999 0.01983696
v 0.01502195 0.00300999 0.01983696
v -0.00036100 0.00300898 0.02884197
v 0.01257196 0.00300898 0.02868598
v 0.01499495 0.00300898 0.02462798
v 0.01481900 0.00528194 0.02001196
v 0.01499495 0.00300898 0.02462798
v 0.01503298 0.00300898 0.01988697
v 0.01503095 0.00300999 0.01987397
v 0.01503298 0.00300999 0.01988399
v 0.01503298 0.00300898 0.01988595
v 0.01503298 0.00300898 0.01988697
v 0.01503298 0.00300898 0.01988697
v 0.01503298 0.00300898 0.01988697
v 0.01503298 0.00300898 0.01988697
v 0.01503298 0.00300898 0.01988595
v 0.01503095 0.00300999 0.01987397
v 0.00379196 0.00300898 0.03108894
v 0.01489994 0.00511499 0.02462095
v 0.01257196 0.00300898 0.02868598
v 0.01256696 0.00513597 0.02854096
v 0.01252994 0.00513698 0.02857697
v 0.00849096 0.00300898 0.03102999
v 0.00849096 0.00300898 0.03102999
v 0.00854096 0.00521095 0.03082597
v 0.01231799 0.00608094 0.02835500
v 0.00854096 0.00521095 0.03082597
v 0.01252994 0.00513698 0.02857697
v 0.01460996 0.00606795 0.02454400
v 0.01256696 0.00513597 0.02854096
v 0.01390597 0.00675895 0.02435696
v 0.01489994 0.00511499 0.02462095
v 0.01448497 0.00616499 0.02010500
v 0.01379797 0.00678595 0.02029895
v 0.01481900 0.00528194 0.02001196
v 0.01461795 0.00593897 0.02006697
v 0.01490894 0.00511499 0.02458900
v 0.01417795 0.00651695 0.02019196
v 0.01448497 0.00616499 0.02010500
v 0.01417795 0.00651695 0.02019196
v 0.01490894 0.00511499 0.02458900
v 0.00852195 0.00521095 0.03083097
v 0.00852195 0.00521095 0.03083097
v 0.00390998 0.00524499 0.03090697
v 0.00379196 0.00300898 0.03108894
v -0.00014600 0.00527294 0.02871596
v -0.00036100 0.00300898 0.02884197
v -0.00014500 0.00527699 0.02871596
v -0.00014500 0.00527699 0.02871596
v -0.00014500 0.00527699 0.02871596
v -0.00014500 0.00527699 0.02871596
v 0.01306400 0.00559499 0.01297795
v 0.01306400 0.00559499 0.01297795
v 0.01232299 0.00572099 0.00890696
v 0.01232299 0.00572099 0.00890696
v 0.01162496 0.00627299 0.00585997
v 0.01191798 0.00578197 0.00582999
v 0.01191798 0.00578197 0.00582999
v 0.01168296 0.00581100 0.00318998
v 0.01168296 0.00581100 0.00318998
v 0.01149395 0.00582900 -0.00139999
v 0.01149395 0.00582900 -0.00139999
v 0.01148400 0.00582995 -0.00258100
v -0.00571599 0.00300898 0.02372997
v -0.01006295 0.00300898 0.01893800
v -0.00083997 0.00151002 -0.18257500
v -0.00176295 0.00533300 -0.18274300
v -0.00176295 0.00151002 -0.18274300
v -0.00176295 0.00151002 -0.18274300
v -0.00051399 0.00151002 -0.18326689
v -0.00083997 0.00151002 -0.18257500
v -0.00051399 0.00151002 -0.18326689
v -0.00051399 0.00533401 -0.18326689
v -0.00083997 0.00151002 -0.18257500
v -0.00083997 0.00533699 -0.18257500
v -0.00083997 0.00533699 -0.18257500
v 0.00005600 0.00533300 -0.18385200
v 0.00310794 0.00535302 -0.18250200
v -0.00051399 0.00533401 -0.18326689
v 0.00005600 0.00533300 -0.18385200
v -0.00083997 0.00533699 -0.18257500
v 0.00310794 0.00535302 -0.18250200
v 0.00911299 0.00539499 -0.18538090
v 0.00350795 0.00539499 -0.18186501
v -0.00205895 0.00539201 -0.17837299
v 0.00136900 0.00533300 -0.18475300
v 0.00270895 0.00533300 -0.18559401
v 0.00405399 0.00533300 -0.18643799
v 0.00539896 0.00533300 -0.18728100
v 0.00871400 0.00535303 -0.18601800
v 0.00871400 0.00535303 -0.18601800
v -0.00249698 0.00535302 -0.17898600
v -0.00249698 0.00535302 -0.17898600
v 0.01471797 0.00539499 -0.18889700
v 0.01508698 0.00566702 -0.18830900
v 0.00948099 0.00566702 -0.18479290
v 0.01531997 0.00626903 -0.18793701
v 0.00971500 0.00626903 -0.18442100
v 0.00387595 0.00566702 -0.18127701
v 0.02092496 0.00626903 -0.19145299
v 0.02102998 0.00699400 -0.19128500
v 0.01542500 0.00699400 -0.18776999
v 0.02108094 0.00774103 -0.19120400
v 0.02508095 0.00774103 -0.19371399
v 0.02548894 0.00699299 -0.19407990
v 0.02576897 0.00626599 -0.19448390
v 0.02528998 0.00738298 -0.19388799
v 0.02548894 0.00699299 -0.19407990
v 0.02571997 0.00691699 -0.19430500
v 0.02541497 0.00751399 -0.19400300
v 0.02528998 0.00738298 -0.19388799
v 0.02558097 0.00678402 -0.19419400
v 0.02558097 0.00678402 -0.19419400
v 0.02508095 0.00774103 -0.19371399
v 0.02069196 0.00566702 -0.19182500
v 0.02581200 0.00567501 -0.19504300
v 0.02596095 0.00630402 -0.19465400
v 0.02576897 0.00626599 -0.19448390
v 0.02579597 0.00615799 -0.19455500
v 0.02579597 0.00615799 -0.19455500
v 0.02581200 0.00567501 -0.19504300
v 0.02580097 0.00561600 -0.19513100
v 0.02592495 0.00567000 -0.19515000
v 0.02580097 0.00561600 -0.19513100
v 0.02603796 0.00576102 -0.19518800
v 0.02595899 0.00549799 -0.19589099
v 0.02611700 0.00587600 -0.19524100
v 0.02606598 0.00562500 -0.19591901
v 0.02603194 0.00646799 -0.19482100
v 0.02615395 0.00600498 -0.19530401
v 0.02612397 0.00578200 -0.19594499
v 0.02612695 0.00594800 -0.19596600
v 0.02614799 0.00613802 -0.19537289
v 0.02609298 0.00629800 -0.19535699
v 0.02599099 0.00661098 -0.19501500
v 0.02609298 0.00629800 -0.19535699
v 0.02575097 0.00714099 -0.19467300
v 0.02599099 0.00661098 -0.19501500
v 0.02469096 0.00884699 -0.19378699
v 0.02254996 0.01099502 -0.19226700
v 0.02610198 0.00625103 -0.19543500
v 0.02608296 0.00609201 -0.19597800
v 0.02610198 0.00625103 -0.19543500
v 0.02117697 0.01184403 -0.19767991
v 0.02508995 0.00666403 -0.19980501
v 0.02597496 0.00605899 -0.19665100
v 0.02372995 0.00997000 -0.19309000
v 0.02155498 0.01160102 -0.19135600
v 0.02254996 0.01099502 -0.19226700
v 0.02148494 0.01170300 -0.19154499
v 0.02148494 0.01170300 -0.19154499
v 0.02265296 0.01091700 -0.19233800
v 0.02271095 0.01081901 -0.19214800
v 0.02265296 0.01091700 -0.19233800
v 0.02372995 0.00997000 -0.19309000
v 0.02377495 0.00987803 -0.19289701
v 0.02469096 0.00884699 -0.19378699
v 0.02269796 0.01066302 -0.19199399
v 0.02374700 0.00973599 -0.19273791
v 0.02472499 0.00876200 -0.19359299
v 0.02365098 0.00956802 -0.19263799
v 0.02261797 0.01047801 -0.19190399
v 0.02468196 0.00863700 -0.19342699
v 0.02468196 0.00863700 -0.19342799
v 0.02457097 0.00849199 -0.19331691
v 0.02468196 0.00863700 -0.19342699
v 0.02511296 0.00820898 -0.19388690
v 0.02468196 0.00863700 -0.19342799
v 0.02506498 0.00808900 -0.19371900
v 0.02457097 0.00849199 -0.19331691
v 0.02546898 0.00763201 -0.19417401
v 0.02543995 0.00771599 -0.19437100
v 0.02508399 0.00828999 -0.19408300
v 0.02472499 0.00876200 -0.19359299
v 0.02508399 0.00828999 -0.19408300
v 0.02469096 0.00884699 -0.19378699
v 0.02543995 0.00771599 -0.19437100
v 0.02575097 0.00714099 -0.19467300
v 0.02578095 0.00704401 -0.19447599
v 0.02365098 0.00956802 -0.19263799
v 0.02111498 0.00849199 -0.19114999
v 0.02457097 0.00849199 -0.19331691
v 0.02111498 0.00849199 -0.19114999
v 0.02494696 0.00795298 -0.19360500
v 0.02494696 0.00795298 -0.19360500
v 0.02261797 0.01047801 -0.19190399
v 0.02149299 0.01123397 -0.19112600
v 0.01550999 0.00849199 -0.18763400
v 0.01776299 0.01273202 -0.18864400
v 0.01550999 0.00849199 -0.18763400
v 0.01904497 0.01234798 -0.18948500
v 0.02029899 0.01185201 -0.19031900
v 0.02149299 0.01123397 -0.19112600
v 0.02034697 0.01206403 -0.19039100
v 0.02029899 0.01185201 -0.19031900
v 0.02155796 0.01143401 -0.19120800
v 0.02032897 0.01223903 -0.19053499
v 0.01907799 0.01257001 -0.18954800
v 0.01904497 0.01234798 -0.18948500
v 0.01904699 0.01275103 -0.18968899
v 0.02024898 0.01234298 -0.19072300
v 0.01895794 0.01285498 -0.18987800
v 0.01556996 0.01434998 -0.19454500
v 0.01895794 0.01285498 -0.18987800
v 0.02024898 0.01234298 -0.19072300
v 0.01631698 0.01354300 -0.18817499
v 0.01742098 0.01330601 -0.18888300
v 0.01764599 0.01324903 -0.18902799
v 0.00956598 0.01510100 -0.19114700
v 0.00687996 0.01635199 -0.19713999
v 0.01497600 0.01375602 -0.18732100
v 0.01327798 0.01558499 -0.20087100
v 0.00365398 0.01633202 -0.19523599
v 0.00054100 0.01758997 -0.20094999
v 0.00398395 0.01756798 -0.20304100
v 0.00735799 0.01732503 -0.20507700
v 0.00376699 0.01843702 -0.21058200
v 0.00219694 0.01855801 -0.20959700
v -0.00272294 0.01869999 -0.20650500
v 0.00088300 0.01863103 -0.20877200
v 0.00376699 0.01843702 -0.21058200
v 0.00361595 0.01839797 -0.21081699
v 0.00219694 0.01855801 -0.20959700
v 0.00204596 0.01851903 -0.20983199
v 0.00088300 0.01863103 -0.20877200
v 0.00348995 0.01821397 -0.21098999
v 0.00192395 0.01833402 -0.21000799
v 0.00035800 0.01841901 -0.20902499
v 0.00047700 0.01860301 -0.20884700
v 0.00062700 0.01864200 -0.20861099
v -0.00109299 0.01865302 -0.20786100
v -0.00121000 0.01846902 -0.20804099
v -0.00282099 0.01820801 -0.20712390
v -0.00125595 0.01819800 -0.20810599
v -0.00277998 0.01847999 -0.20705500
v -0.00437095 0.01816403 -0.20615200
v -0.00433799 0.01843600 -0.20607699
v -0.00266697 0.01866399 -0.20687200
v -0.00125595 0.01819800 -0.20810599
v -0.00745496 0.01781599 -0.20421700
v -0.00437095 0.01816403 -0.20615200
v -0.00282099 0.01820801 -0.20712390
v -0.00591799 0.01804398 -0.20518200
v -0.00591799 0.01804398 -0.20518200
v -0.00745496 0.01781599 -0.20421700
v -0.00589600 0.01831602 -0.20509900
v -0.01807298 0.00421202 -0.19755600
v -0.01605197 0.01104699 -0.19882400
v -0.01181294 0.01613198 -0.20148299
v -0.00897595 0.01744198 -0.20326300
v -0.00897595 0.01744198 -0.20326300
v -0.00744899 0.01808600 -0.20412400
v -0.00422999 0.01862101 -0.20588989
v -0.00579395 0.01850002 -0.20490600
v -0.00408097 0.01865702 -0.20565000
v -0.00272294 0.01869999 -0.20650500
v -0.00564697 0.01853501 -0.20466400
v -0.00564697 0.01853501 -0.20466400
v -0.00408097 0.01865702 -0.20565000
v -0.00631895 0.01845102 -0.20424099
v -0.00631895 0.01845102 -0.20424099
v -0.00286695 0.01728200 -0.19887900
v -0.00721099 0.01830201 -0.20367899
v -0.00621500 0.01633899 -0.19684490
v 0.00047800 0.01597701 -0.19336100
v -0.01302995 0.01553701 -0.20001900
v -0.01170095 0.01656001 -0.20085300
v -0.01307895 0.01549302 -0.19998799
v -0.00922396 0.01440899 -0.19502100
v -0.00876798 0.01791798 -0.20269800
v -0.01026596 0.01735197 -0.20175400
v -0.00987395 0.01752298 -0.20200100
v -0.00262698 0.01503800 -0.19152900
v -0.00182995 0.01204603 -0.18461700
v -0.00541999 0.01323001 -0.18988999
v 0.00362298 0.01465200 -0.18773199
v 0.00413100 0.01261197 -0.18065800
v 0.00546399 0.01312398 -0.18144099
v 0.00648198 0.01341199 -0.18205000
v 0.00681398 0.01349001 -0.18224999
v 0.00817100 0.01373600 -0.18307499
v 0.00952998 0.01388900 -0.18391099
v 0.00952998 0.01388900 -0.18391099
v 0.00965396 0.01379101 -0.18372400
v 0.01089499 0.01396601 -0.18475690
v 0.00829998 0.01363801 -0.18288989
v 0.00817100 0.01373600 -0.18307499
v 0.01089499 0.01396601 -0.18475690
v 0.00839899 0.01344602 -0.18277400
v 0.00705597 0.01320301 -0.18195499
v 0.00694696 0.01339297 -0.18206599
v 0.00572494 0.01284199 -0.18115499
v 0.00560198 0.01302998 -0.18125900
v 0.00648198 0.01341199 -0.18205000
v 0.00681398 0.01349001 -0.18224999
v 0.00580195 0.01260798 -0.18115289
v 0.00451294 0.01211201 -0.18039199
v 0.00441597 0.01233898 -0.18038200
v 0.00328896 0.01146297 -0.17968599
v 0.00316796 0.01167999 -0.17966300
v 0.00427697 0.01252102 -0.18047900
v 0.00301096 0.01185303 -0.17975201
v 0.00413100 0.01261197 -0.18065800
v 0.00546399 0.01312398 -0.18144099
v 0.00285695 0.01193898 -0.17992900
v 0.00181595 0.01100002 -0.17908791
v 0.00199298 0.01083897 -0.17900801
v 0.00091500 0.00981997 -0.17843000
v 0.00071900 0.00996600 -0.17850300
v 0.00147200 0.01092498 -0.17916500
v 0.00165395 0.01107900 -0.17926399
v 0.00108600 0.00963901 -0.17847800
v 0.00015100 0.00849198 -0.17800100
v -0.00004000 0.00865000 -0.17794300
v -0.00004200 0.00865101 -0.17794300
v 0.00429997 0.00849198 -0.18060300
v 0.00108600 0.00963901 -0.17847800
v 0.00213895 0.01063799 -0.17904290
v 0.00213895 0.01063799 -0.17904290
v 0.00328896 0.01146297 -0.17968599
v 0.00451294 0.01211201 -0.18039199
v 0.00580195 0.01260798 -0.18115289
v 0.00711600 0.01296400 -0.18194400
v 0.00990496 0.00849199 -0.18411800
v 0.00429997 0.00849198 -0.18060300
v 0.00987098 0.00774103 -0.18417300
v 0.00990496 0.00849199 -0.18411800
v 0.00015100 0.00849198 -0.17800100
v 0.00426499 0.00774103 -0.18065700
v -0.00035100 0.00774103 -0.17776300
v 0.00421498 0.00699400 -0.18073800
v -0.00078895 0.00699299 -0.17759600
v 0.00981996 0.00699400 -0.18425400
v 0.00410894 0.00626903 -0.18090589
v 0.01547596 0.00774103 -0.18768790
v -0.00119200 0.00626903 -0.17758299
v -0.00057098 0.00737601 -0.17767100
v -0.00078895 0.00699299 -0.17759600
v -0.00077900 0.00751900 -0.17760099
v -0.00112399 0.00691800 -0.17748991
v -0.00057098 0.00737601 -0.17767100
v -0.00090899 0.00677799 -0.17757299
v -0.00090899 0.00677799 -0.17757299
v -0.00119200 0.00626903 -0.17758299
v -0.00035100 0.00774103 -0.17776300
v -0.00160798 0.00567298 -0.17784300
v -0.00125697 0.00615399 -0.17759900
v -0.00135597 0.00621598 -0.17752500
v -0.00125697 0.00615399 -0.17759900
v -0.00147595 0.00629698 -0.17748400
v -0.00188800 0.00575202 -0.17772899
v -0.00176396 0.00566702 -0.17779900
v -0.00160798 0.00567298 -0.17784300
v -0.00165596 0.00562500 -0.17789200
v -0.00205895 0.00539201 -0.17837299
v -0.00220796 0.00541299 -0.17832000
v -0.00233497 0.00549399 -0.17823490
v -0.00165596 0.00562500 -0.17789200
v -0.00274696 0.00545602 -0.17881200
v -0.00243398 0.00561803 -0.17817899
v -0.00284197 0.00558101 -0.17874800
v -0.00437596 0.00555401 -0.18089999
v -0.00274696 0.00545602 -0.17881200
v -0.00284197 0.00558101 -0.17874800
v -0.00422999 0.00539201 -0.18100500
v -0.00269195 0.00541299 -0.17884990
v -0.00269195 0.00541299 -0.17884990
v -0.00289699 0.00573598 -0.17871000
v -0.00595900 0.00552898 -0.18301700
v -0.00444397 0.00578301 -0.18085299
v -0.00602796 0.00575202 -0.18296701
v -0.00765594 0.00572198 -0.18504700
v -0.00758698 0.00550400 -0.18510000
v -0.00581696 0.00537001 -0.18312500
v -0.00404098 0.00533300 -0.18114389
v -0.00744697 0.00534897 -0.18521000
v -0.00563195 0.00531297 -0.18326600
v -0.00467195 0.00529002 -0.18777600
v -0.00404098 0.00533300 -0.18114389
v -0.00563195 0.00531297 -0.18326600
v -0.00176295 0.00533300 -0.18274300
v -0.00262096 0.00537597 -0.17889900
v -0.00249698 0.00535302 -0.17898600
v -0.00208696 0.00538700 -0.17840990
v -0.00262096 0.00537597 -0.17889900
v -0.00249698 0.00535302 -0.17898600
v -0.00208696 0.00538700 -0.17840990
v -0.00726797 0.00529402 -0.18535299
v -0.00894299 0.00527399 -0.18740800
v -0.00568595 0.00527602 -0.18944700
v -0.00467195 0.00529002 -0.18777600
v -0.00176295 0.00151002 -0.18274300
v -0.00176295 0.00533300 -0.18274300
v -0.00568595 0.00527602 -0.18944700
v -0.00467195 0.00151002 -0.18777600
v -0.00626697 0.00524401 -0.19038589
v -0.00894299 0.00527399 -0.18740800
v -0.00626697 0.00524401 -0.19038589
v -0.00568595 0.00527602 -0.18944700
v -0.00772699 0.00243699 -0.19269501
v -0.00762995 0.00352400 -0.19254400
v -0.00684299 0.00504398 -0.19130400
v -0.00966497 0.00524002 -0.18825389
v -0.00684299 0.00504398 -0.19130400
v -0.00905498 0.00529598 -0.18731600
v -0.00981398 0.00525802 -0.18820500
v -0.00966497 0.00524002 -0.18825389
v -0.00894299 0.00527399 -0.18740800
v -0.00970598 0.00523602 -0.18830000
v -0.00970598 0.00523602 -0.18830000
v -0.01044299 0.00504398 -0.18904599
v -0.01044299 0.00504398 -0.18904599
v -0.01060094 0.00504898 -0.18900400
v -0.01049699 0.00501900 -0.18909500
v -0.00734397 0.00448000 -0.19209500
v -0.01049699 0.00501900 -0.18909500
v -0.01123597 0.00448101 -0.18965600
v -0.00762995 0.00352400 -0.19254400
v -0.00734397 0.00448000 -0.19209500
v -0.01180394 0.00352400 -0.18992500
v -0.01125600 0.00445800 -0.18966789
v -0.01123597 0.00448101 -0.18965600
v -0.01125600 0.00445800 -0.18966789
v -0.01146998 0.00455701 -0.18954000
v -0.01179399 0.00354897 -0.18992200
v -0.01179399 0.00354897 -0.18992200
v -0.01071199 0.00512098 -0.18892600
v -0.00992497 0.00533097 -0.18811400
v -0.01001396 0.00544202 -0.18804599
v -0.01080896 0.00522500 -0.18887900
v -0.01167800 0.00472598 -0.18953800
v -0.01088597 0.00535201 -0.18886299
v -0.01007499 0.00558101 -0.18800799
v -0.00933000 0.00578200 -0.18709201
v -0.01010199 0.00573998 -0.18800200
v -0.00932398 0.00569402 -0.18709589
v -0.00931098 0.00562101 -0.18710600
v -0.00962200 0.00591802 -0.18747800
v -0.01009395 0.00588398 -0.18802699
v -0.01093699 0.00549500 -0.18888190
v -0.01095499 0.00562500 -0.18892901
v -0.00918897 0.00727802 -0.18772299
v -0.01009395 0.00588398 -0.18802699
v -0.00962200 0.00591802 -0.18747800
v -0.01095499 0.00562500 -0.18892901
v -0.01182099 0.00491600 -0.18966290
v -0.01319297 0.00790500 -0.19264100
v -0.01182099 0.00491600 -0.18966290
v -0.01739599 0.00790703 -0.19729701
v -0.01722099 0.00847798 -0.19740499
v -0.01413896 0.00402802 -0.19208100
v -0.01681795 0.00963299 -0.19765600
v -0.00763699 0.01053702 -0.18860701
v -0.01157995 0.01147001 -0.19360199
v -0.01610197 0.01129298 -0.19810000
v -0.01622899 0.01127599 -0.19835700
v -0.01681795 0.00963299 -0.19765600
v -0.01694097 0.00961898 -0.19791199
v -0.01722099 0.00847798 -0.19740499
v -0.01610197 0.01129298 -0.19810000
v -0.01555600 0.01232498 -0.19844000
v -0.01555600 0.01232498 -0.19844000
v -0.01536598 0.01284097 -0.19889501
v -0.01523699 0.01285999 -0.19863900
v -0.01523699 0.01285999 -0.19863900
v -0.01434495 0.01427298 -0.19953300
v -0.01421197 0.01429503 -0.19927899
v -0.01421197 0.01429503 -0.19927899
v -0.01435097 0.01414500 -0.19979299
v -0.01316597 0.01551400 -0.20027199
v -0.01307895 0.01549302 -0.19998799
v -0.01318898 0.01536797 -0.20052100
v -0.01183994 0.01653503 -0.20110400
v -0.01170095 0.01656001 -0.20085300
v -0.01302995 0.01553701 -0.20001900
v -0.01188298 0.01637398 -0.20134100
v -0.01040896 0.01732402 -0.20200300
v -0.01026596 0.01735197 -0.20175400
v -0.01047095 0.01715200 -0.20222690
v -0.00891199 0.01788698 -0.20294399
v -0.00987395 0.01752298 -0.20200100
v -0.00898995 0.01770900 -0.20315590
v -0.00735798 0.01826798 -0.20392200
v -0.00721099 0.01830201 -0.20367899
v -0.00876798 0.01791798 -0.20269800
v -0.01043000 0.01689403 -0.20235000
v -0.01043000 0.01689403 -0.20235000
v -0.01181294 0.01613198 -0.20148299
v -0.01308997 0.01514803 -0.20068100
v -0.01422699 0.01395302 -0.19996799
v -0.01308997 0.01514803 -0.20068100
v -0.01422699 0.01395302 -0.19996799
v -0.01521398 0.01256697 -0.19934900
v -0.01521398 0.01256697 -0.19934900
v -0.01535799 0.01273100 -0.19916090
v -0.01620998 0.01118402 -0.19862799
v -0.01605197 0.01104699 -0.19882400
v -0.01691397 0.00954400 -0.19818599
v -0.01674594 0.00943201 -0.19838799
v -0.01748295 0.00783502 -0.19783001
v -0.01751598 0.00789499 -0.19755401
v -0.01739599 0.00790703 -0.19729701
v -0.01784899 0.00611901 -0.19701600
v -0.01796694 0.00610899 -0.19727300
v -0.01792999 0.00606399 -0.19754989
v -0.01829698 0.00428998 -0.19706800
v -0.01817896 0.00431102 -0.19681200
v -0.01839395 0.00245100 -0.19667891
v -0.01817896 0.00431102 -0.19681200
v -0.01818098 0.00429600 -0.19681100
v -0.01818098 0.00429600 -0.19681100
v -0.01850196 0.00000903 -0.19661200
v -0.01784899 0.00611901 -0.19701600
v -0.01839395 0.00245100 -0.19667891
v -0.01850899 0.00244802 -0.19693699
v -0.01849296 0.00059503 -0.19661801
v -0.01849296 0.00059503 -0.19661801
v -0.01860799 0.00059401 -0.19687501
v -0.01860799 0.00059401 -0.19687501
v -0.01850196 0.00000903 -0.19661200
v -0.01849296 0.00059503 -0.19661801
v -0.01855494 -0.00128497 -0.19716001
v -0.01859798 -0.00129297 -0.19688091
v -0.01856496 0.00058799 -0.19715400
v -0.01846697 0.00242900 -0.19721501
v -0.01856496 0.00058799 -0.19715400
v -0.01825698 0.00425803 -0.19734600
v -0.01807298 0.00421202 -0.19755600
v -0.01828100 0.00240302 -0.19742499
v -0.01837798 0.00058102 -0.19736400
v -0.01828100 0.00240302 -0.19742499
v -0.01837798 0.00058102 -0.19736400
v -0.01825096 -0.00312394 -0.19744501
v -0.01836796 -0.00127397 -0.19737101
v -0.01836796 -0.00127397 -0.19737101
v -0.01837798 0.00058102 -0.19736400
v -0.01825096 -0.00312394 -0.19744501
v -0.01843597 -0.00315392 -0.19723401
v -0.01802595 -0.00495995 -0.19758590
v -0.01722397 -0.00852496 -0.19809000
v -0.01802595 -0.00495995 -0.19758590
v -0.01583995 -0.01180494 -0.19895800
v -0.00656899 -0.01777596 -0.20477601
v -0.00026000 -0.01814896 -0.20873401
v -0.00343295 -0.01809997 -0.20674300
v -0.00184699 -0.01814896 -0.20773800
v -0.00026000 -0.01814896 -0.20873401
v -0.00180795 -0.01841992 -0.20766901
v -0.00184699 -0.01814896 -0.20773800
v 0.00186900 0.01806401 -0.21006700
v 0.00291196 -0.01803196 -0.21072500
v -0.00021500 -0.01841992 -0.20866791
v 0.00132700 -0.01811093 -0.20973000
v 0.00132700 -0.01811093 -0.20973000
v -0.00500395 -0.01798195 -0.20575701
v -0.00343295 -0.01809997 -0.20674300
v -0.00340094 -0.01837093 -0.20666901
v -0.00500395 -0.01798195 -0.20575701
v -0.00329294 -0.01855594 -0.20648191
v -0.00498095 -0.01825291 -0.20567701
v -0.00169494 -0.01860392 -0.20748601
v -0.00656899 -0.01777596 -0.20477601
v -0.00655796 -0.01804692 -0.20468690
v -0.00487896 -0.01843697 -0.20548500
v -0.00646397 -0.01822895 -0.20448891
v -0.00811895 -0.01745796 -0.20380301
v -0.00812396 -0.01772595 -0.20370300
v -0.00964399 -0.01699794 -0.20284601
v -0.00811895 -0.01745796 -0.20380301
v -0.00964399 -0.01699794 -0.20284601
v -0.01248600 -0.01554895 -0.20106301
v -0.01110097 -0.01637394 -0.20193090
v -0.00966795 -0.01726097 -0.20273391
v -0.01110097 -0.01637394 -0.20193090
v -0.00959696 -0.01743692 -0.20251800
v -0.01114895 -0.01662696 -0.20180400
v -0.00803997 -0.01790595 -0.20349801
v -0.01109197 -0.01679695 -0.20157700
v -0.00990697 -0.01729691 -0.20198600
v -0.00789496 -0.01793993 -0.20325300
v -0.00945296 -0.01746893 -0.20227100
v -0.00290497 -0.01711291 -0.19885300
v -0.00945296 -0.01746893 -0.20227100
v -0.00789496 -0.01793993 -0.20325300
v -0.00624200 -0.01614195 -0.19682500
v -0.00990697 -0.01729691 -0.20198600
v 0.00044500 -0.01583195 -0.19333300
v 0.00360999 -0.01625991 -0.19520191
v 0.00049000 -0.01750893 -0.20091601
v -0.00636198 -0.01825697 -0.20421900
v -0.00154694 -0.01864296 -0.20724801
v -0.00277897 -0.01860994 -0.20647401
v 0.00004900 -0.01864392 -0.20825090
v 0.00392798 -0.01756293 -0.20300401
v 0.00682900 -0.01634395 -0.19710090
v 0.01552096 -0.01440496 -0.19450191
v 0.00951997 -0.01508993 -0.19110701
v 0.01322195 -0.01565695 -0.20082900
v 0.00729696 -0.01738096 -0.20503800
v 0.02107194 -0.01177293 -0.19760101
v 0.02013698 -0.01237697 -0.19064591
v 0.01488599 -0.01379293 -0.18726000
v 0.01737496 -0.01334793 -0.18884701
v 0.01755199 -0.01330293 -0.18896100
v 0.01622400 -0.01359594 -0.18810991
v 0.01885900 -0.01289994 -0.18980800
v 0.01737496 -0.01334793 -0.18884701
v 0.01632598 -0.01349294 -0.18792100
v 0.01622400 -0.01359594 -0.18810991
v 0.01488599 -0.01379293 -0.18726000
v 0.01499400 -0.01369196 -0.18707200
v 0.01505599 -0.01350093 -0.18694000
v 0.01637897 -0.01330495 -0.18778691
v 0.01764700 -0.01319891 -0.18877199
v 0.01505700 -0.01326496 -0.18689390
v 0.01636997 -0.01307196 -0.18773601
v 0.01768896 -0.01301396 -0.18863501
v 0.01766798 -0.01278591 -0.18857800
v 0.01897696 -0.01261592 -0.18947891
v 0.01894799 -0.01279694 -0.18962001
v 0.01885900 -0.01289994 -0.18980800
v 0.02013698 -0.01237697 -0.19064591
v 0.02021596 -0.01227296 -0.19045790
v 0.02135798 -0.01171792 -0.19146100
v 0.02142498 -0.01161593 -0.19127101
v 0.02023098 -0.01209992 -0.19031300
v 0.02142498 -0.01145095 -0.19112100
v 0.02135900 -0.01125294 -0.19103800
v 0.02017996 -0.01188892 -0.19023900
v 0.02103999 -0.00847293 -0.19110300
v 0.02017996 -0.01188892 -0.19023900
v 0.02135900 -0.01125294 -0.19103800
v 0.01894197 -0.01239592 -0.18941400
v 0.01894197 -0.01239592 -0.18941400
v 0.02440998 -0.00847293 -0.19321600
v 0.02100596 -0.00772197 -0.19115700
v 0.02103999 -0.00847293 -0.19110300
v 0.02348897 -0.00953496 -0.19253799
v 0.02440998 -0.00847293 -0.19321600
v 0.01543597 -0.00847293 -0.18758699
v 0.02246699 -0.01046795 -0.19180800
v 0.01543597 -0.00847293 -0.18758699
v 0.01540199 -0.00772197 -0.18764199
v 0.01766798 -0.01278591 -0.18857800
v 0.01636997 -0.01307196 -0.18773601
v 0.01505700 -0.01326496 -0.18689390
v 0.01372895 -0.01337695 -0.18605100
v 0.01239297 -0.01341993 -0.18520901
v 0.00983099 -0.00847293 -0.18407200
v 0.00983099 -0.00847293 -0.18407200
v 0.02095500 -0.00697494 -0.19123800
v 0.01535097 -0.00697494 -0.18772300
v 0.00979695 -0.00772197 -0.18412601
v 0.00974599 -0.00697494 -0.18420801
v 0.01524499 -0.00624991 -0.18789101
v 0.02084997 -0.00624991 -0.19140600
v 0.02061698 -0.00564892 -0.19177800
v 0.01501200 -0.00564892 -0.18826200
v 0.00964097 -0.00624991 -0.18437500
v 0.00940797 -0.00564892 -0.18474700
v 0.00403599 -0.00624991 -0.18086000
v 0.00414095 -0.00697494 -0.18069200
v -0.00043800 -0.00772197 -0.17770700
v 0.00419197 -0.00772197 -0.18061100
v -0.00087097 -0.00697494 -0.17754801
v 0.00007000 -0.00847293 -0.17795000
v -0.00065299 -0.00736392 -0.17761800
v -0.00030300 -0.00793196 -0.17776901
v -0.00086095 -0.00750596 -0.17754801
v -0.00043800 -0.00772197 -0.17770700
v -0.00065299 -0.00736392 -0.17761800
v -0.00050297 -0.00808395 -0.17770600
v -0.00030300 -0.00793196 -0.17776901
v -0.00108197 -0.00762595 -0.17761201
v -0.00071796 -0.00820596 -0.17777200
v -0.00012000 -0.00863392 -0.17789300
v -0.00012100 -0.00863392 -0.17789300
v -0.00032900 -0.00876296 -0.17795999
v -0.00032900 -0.00876296 -0.17795999
v 0.00085400 -0.00979496 -0.17839100
v -0.00012100 -0.00863392 -0.17789300
v -0.00012000 -0.00863392 -0.17789300
v 0.00102000 -0.00960893 -0.17843799
v 0.00177095 -0.01093096 -0.17906401
v 0.00194398 -0.01076693 -0.17898201
v 0.00066200 -0.00994397 -0.17846601
v 0.00208697 -0.01056296 -0.17901591
v 0.00208697 -0.01056296 -0.17901591
v 0.00422595 -0.00847293 -0.18055700
v 0.00102000 -0.00960893 -0.17843799
v 0.00007000 -0.00847293 -0.17795000
v 0.00007000 -0.00847293 -0.17795000
v 0.00422595 -0.00847293 -0.18055700
v 0.00706295 -0.01286894 -0.18191800
v 0.00575600 -0.01248896 -0.18113400
v 0.00447098 -0.01198495 -0.18037591
v 0.00324497 -0.01134897 -0.17966800
v 0.00312594 -0.01156795 -0.17964700
v 0.00324497 -0.01134897 -0.17966800
v 0.00437394 -0.01221293 -0.18036691
v 0.00447098 -0.01198495 -0.18037591
v 0.00555298 -0.01291096 -0.18124001
v 0.00567797 -0.01272393 -0.18113600
v 0.00575600 -0.01248896 -0.18113400
v 0.00423495 -0.01239497 -0.18046400
v 0.00699995 -0.01310796 -0.18192800
v 0.00644699 -0.01331497 -0.18203800
v 0.00688699 -0.01329792 -0.18203800
v 0.00541398 -0.01300395 -0.18142191
v 0.00541398 -0.01300395 -0.18142191
v 0.00359497 -0.01452792 -0.18770200
v 0.00644699 -0.01331497 -0.18203800
v 0.00408796 -0.01248491 -0.18064401
v 0.00408796 -0.01248491 -0.18064401
v -0.00187596 -0.01197094 -0.18457501
v 0.00281797 -0.01182795 -0.17991390
v 0.00297097 -0.01174194 -0.17973601
v 0.00281797 -0.01182795 -0.17991390
v -0.00264897 -0.01486892 -0.19150791
v -0.00050398 -0.00882692 -0.17813601
v -0.00548597 -0.00663693 -0.18257400
v -0.00775596 -0.01053096 -0.18852291
v 0.00142600 -0.01086396 -0.17913900
v 0.00161097 -0.01101095 -0.17924100
v 0.00049500 -0.01001591 -0.17864201
v -0.00547799 -0.01314491 -0.18984600
v 0.00049500 -0.01001591 -0.17864201
v -0.00033100 -0.00876392 -0.17796101
v -0.00050398 -0.00882692 -0.17813601
v 0.00142600 -0.01086396 -0.17913900
v -0.00033100 -0.00876392 -0.17796101
v -0.00089499 -0.00826795 -0.17794900
v -0.00050398 -0.00882692 -0.17813601
v -0.00160595 -0.00711597 -0.17768701
v -0.00089499 -0.00826795 -0.17794900
v -0.00125995 -0.00769193 -0.17779200
v -0.00125995 -0.00769193 -0.17779200
v -0.00160595 -0.00711597 -0.17768701
v -0.00244000 -0.00610794 -0.17800400
v -0.00193896 -0.00658793 -0.17767499
v -0.00187495 -0.00652797 -0.17756800
v -0.00193896 -0.00658793 -0.17767499
v -0.00143095 -0.00703294 -0.17750000
v -0.00449398 -0.00599594 -0.18082400
v -0.00294896 -0.00602991 -0.17868100
v -0.00257095 -0.00606496 -0.17816100
v -0.00224897 -0.00622893 -0.17782100
v -0.00222399 -0.00611294 -0.17773400
v -0.00244000 -0.00610794 -0.17800400
v -0.00224897 -0.00622893 -0.17782100
v -0.00259098 -0.00591792 -0.17812100
v -0.00257095 -0.00606496 -0.17816100
v -0.00216099 -0.00597496 -0.17767300
v -0.00178000 -0.00644893 -0.17748301
v -0.00166997 -0.00636596 -0.17743801
v -0.00120296 -0.00690294 -0.17744000
v -0.00155195 -0.00628192 -0.17743500
v -0.00206997 -0.00584591 -0.17765591
v -0.00127300 -0.00625093 -0.17753100
v -0.00143196 -0.00620193 -0.17747501
v -0.00195798 -0.00573392 -0.17768200
v -0.00183495 -0.00564993 -0.17775101
v -0.00240495 -0.00546891 -0.17818990
v -0.00250497 -0.00559295 -0.17813300
v -0.00213095 -0.00537092 -0.17832799
v -0.00172695 -0.00560797 -0.17784400
v -0.00227895 -0.00538994 -0.17827401
v -0.00168099 -0.00565291 -0.17779601
v -0.00168099 -0.00565291 -0.17779601
v -0.00213095 -0.00537092 -0.17832799
v -0.00172695 -0.00560797 -0.17784400
v -0.00269296 -0.00535793 -0.17885400
v -0.00215795 -0.00536496 -0.17836399
v -0.00276300 -0.00539292 -0.17880601
v -0.00281700 -0.00543595 -0.17876799
v -0.00269296 -0.00535793 -0.17885400
v -0.00430396 -0.00537295 -0.18095800
v -0.00276300 -0.00539292 -0.17880601
v -0.00281700 -0.00543595 -0.17876799
v -0.00411596 -0.00531495 -0.18109600
v -0.00589194 -0.00535197 -0.18307599
v -0.00603398 -0.00550694 -0.18296801
v -0.00444897 -0.00553293 -0.18085300
v -0.00411596 -0.00531495 -0.18109600
v -0.00176295 -0.00531394 -0.18274300
v -0.00467195 -0.00527192 -0.18777600
v -0.00083997 -0.00531895 -0.18257500
v -0.00570997 -0.00529594 -0.18321601
v -0.00570997 -0.00529594 -0.18321601
v -0.00256898 -0.00533397 -0.17894100
v -0.00256898 -0.00533397 -0.17894100
v -0.00176295 -0.00149097 -0.18274300
v -0.00467195 -0.00527192 -0.18777600
v -0.00176295 -0.00531394 -0.18274300
v -0.00467195 -0.00149097 -0.18777600
v -0.00568595 -0.00525696 -0.18944700
v -0.00734695 -0.00527591 -0.18530101
v -0.00902399 -0.00525696 -0.18735400
v -0.00568595 -0.00525696 -0.18944700
v -0.00626697 -0.00522495 -0.19038589
v -0.00974997 -0.00522394 -0.18820100
v -0.00902399 -0.00525696 -0.18735400
v -0.00568595 -0.00525696 -0.18944700
v -0.00974997 -0.00522394 -0.18820100
v -0.00913396 -0.00527794 -0.18726190
v -0.00902399 -0.00525696 -0.18735400
v -0.00913396 -0.00527794 -0.18726190
v -0.00734695 -0.00527591 -0.18530101
v -0.00902399 -0.00525696 -0.18735400
v -0.00989296 -0.00524194 -0.18814801
v -0.00919696 -0.00531096 -0.18720999
v -0.00752398 -0.00533093 -0.18515900
v -0.00919696 -0.00531096 -0.18720999
v -0.00924595 -0.00534893 -0.18717000
v -0.00766298 -0.00548292 -0.18504889
v -0.00924595 -0.00534893 -0.18717000
v -0.01000299 -0.00531191 -0.18805800
v -0.00933298 -0.00545794 -0.18709900
v -0.00933298 -0.00545794 -0.18709900
v -0.01009198 -0.00542093 -0.18799201
v -0.00938895 -0.00559694 -0.18705300
v -0.00938895 -0.00559694 -0.18705300
v -0.01078494 -0.00510395 -0.18887600
v -0.01088097 -0.00520492 -0.18882801
v -0.01015295 -0.00555695 -0.18795291
v -0.01173999 -0.00470395 -0.18949500
v -0.01095797 -0.00532991 -0.18881100
v -0.01188298 -0.00489194 -0.18961500
v -0.01102998 -0.00560195 -0.18887200
v -0.01331796 -0.00790597 -0.19255801
v -0.01102998 -0.00560195 -0.18887200
v -0.01188298 -0.00489194 -0.18961500
v -0.01018198 -0.00571293 -0.18794499
v -0.01017495 -0.00585491 -0.18796600
v -0.00928899 -0.00727297 -0.18765099
v -0.01017495 -0.00585491 -0.18796600
v -0.01172598 -0.01146895 -0.19350800
v -0.01736994 -0.00848395 -0.19731100
v -0.01778294 -0.00689793 -0.19705591
v -0.01418795 -0.00400794 -0.19204500
v -0.01813199 -0.00504894 -0.19684000
v -0.01813199 -0.00504894 -0.19684000
v -0.01790198 -0.00688792 -0.19731300
v -0.01778294 -0.00689793 -0.19705591
v -0.01736994 -0.00848395 -0.19731100
v -0.01786597 -0.00684095 -0.19759101
v -0.01824899 -0.00504196 -0.19709800
v -0.01739796 -0.00861794 -0.19788399
v -0.01742895 -0.00868095 -0.19760791
v -0.01768597 -0.00677091 -0.19780000
v -0.01820995 -0.00500894 -0.19737600
v -0.01722397 -0.00852496 -0.19809000
v -0.01847799 -0.00317395 -0.19695599
v -0.01848300 -0.00129397 -0.19662400
v -0.01836296 -0.00317795 -0.19669800
v -0.01823898 -0.00429196 -0.19677401
v -0.01836296 -0.00317795 -0.19669800
v -0.01823898 -0.00429196 -0.19677401
v -0.01848300 -0.00129397 -0.19662400
v -0.01446100 0.00000903 -0.19189000
v -0.01850196 0.00000903 -0.19661200
v -0.01445796 0.00000903 -0.19188701
v -0.01271899 0.00256299 -0.19007100
v -0.01446100 0.00000903 -0.19189000
v -0.01445796 0.00000903 -0.19188701
v -0.01238396 0.00389498 -0.18999199
v -0.01242395 0.00378799 -0.19000800
v -0.01224198 0.00370102 -0.18986490
v -0.01238396 0.00389498 -0.18999199
v -0.01242395 0.00378799 -0.19000800
v -0.01201494 0.00361603 -0.18983389
v -0.01252695 0.00253897 -0.18992899
v -0.01271899 0.00256299 -0.19007100
v -0.01229699 0.00250601 -0.18989100
v -0.01263894 0.00135999 -0.18989000
v -0.01240798 0.00134801 -0.18985300
v -0.01263894 0.00135999 -0.18989000
v -0.01242097 -0.00132697 -0.18984500
v -0.01240798 0.00134801 -0.18985300
v -0.01263996 0.00135999 -0.18989100
v -0.01265295 -0.00133597 -0.18988200
v -0.01263996 0.00135999 -0.18989100
v -0.01265200 -0.00133597 -0.18988200
v -0.01265200 -0.00133597 -0.18988200
v -0.01232399 -0.00248391 -0.18987390
v -0.01242097 -0.00132697 -0.18984500
v -0.01255395 -0.00251497 -0.18991099
v -0.01274498 -0.00253994 -0.19005200
v -0.01265295 -0.00133597 -0.18988200
v -0.01274498 -0.00253994 -0.19005200
v -0.01284398 -0.00134097 -0.19002301
v -0.01228799 -0.00367994 -0.18983699
v -0.01247098 -0.00376392 -0.18998000
v -0.01247098 -0.00376392 -0.18998000
v -0.01284398 -0.00134097 -0.19002301
v -0.01287200 0.00000903 -0.19000600
v -0.01287200 0.00000903 -0.19000600
v -0.01284398 -0.00134097 -0.19002301
v -0.01282998 0.00136601 -0.19003101
v -0.01287200 0.00000903 -0.19000600
v -0.01282998 0.00136601 -0.19003101
v -0.01282998 0.00136601 -0.19003101
v -0.01206096 -0.00359697 -0.18980600
v -0.01243200 -0.00387496 -0.18996200
v -0.01243200 -0.00387496 -0.18996200
v -0.01153197 -0.00453896 -0.18949801
v -0.01183994 -0.00353492 -0.18989401
v -0.01184996 -0.00350595 -0.18989700
v -0.00772699 -0.00241793 -0.19269501
v -0.01184996 -0.00350595 -0.18989700
v -0.00762995 -0.00350595 -0.19254400
v -0.01130195 -0.00446195 -0.18961389
v -0.01209899 -0.00245393 -0.18994901
v -0.01183994 -0.00353492 -0.18989401
v -0.01209899 -0.00245393 -0.18994901
v -0.01210399 -0.00241793 -0.18994901
v -0.01210399 -0.00241793 -0.18994901
v -0.00773897 -0.00149097 -0.19271301
v -0.01219495 -0.00131397 -0.18991999
v -0.01241996 -0.00132597 -0.18984500
v -0.01219495 -0.00131397 -0.18991999
v -0.01218196 0.00133299 -0.18992791
v -0.01241996 -0.00132597 -0.18984500
v -0.01219495 -0.00131397 -0.18991999
v -0.01240595 0.00134801 -0.18985300
v -0.01207699 0.00243699 -0.18996499
v -0.01240595 0.00134801 -0.18985300
v -0.01218196 0.00133299 -0.18992791
v -0.01207699 0.00243699 -0.18996499
v -0.00773897 0.00151002 -0.19271301
v -0.00772699 0.00243699 -0.19269501
v -0.01207199 0.00247001 -0.18996599
v -0.01218196 0.00133299 -0.18992791
v -0.01207199 0.00247001 -0.18996599
v -0.00635400 0.00133299 -0.19358300
v -0.00635298 0.00151002 -0.19358300
v -0.00635298 0.00151002 -0.19358300
v -0.00467195 0.00151002 -0.18777600
v -0.00773897 0.00151002 -0.19271301
v -0.00773897 0.00151002 -0.19271301
v -0.00052597 0.00133299 -0.19723900
v -0.00052496 0.00151002 -0.19723800
v -0.00052496 0.00151002 -0.19723800
v 0.00529597 -0.00131397 -0.20089000
v -0.00052597 0.00133299 -0.19723900
v -0.00053498 -0.00131397 -0.19723301
v 0.00530097 0.00133299 -0.20089300
v 0.00530097 0.00133299 -0.20089300
v -0.00635400 0.00133299 -0.19358300
v 0.00530294 0.00151002 -0.20089389
v 0.00530294 0.00133299 -0.20089389
v 0.00530097 -0.00131397 -0.20089389
v 0.01112595 -0.00131397 -0.20454700
v 0.00530294 0.00133299 -0.20089389
v 0.01113096 0.00133299 -0.20455000
v 0.01695594 -0.00131397 -0.20820400
v 0.01112595 -0.00149097 -0.20454700
v 0.01695594 -0.00131397 -0.20820400
v 0.01112595 -0.00131397 -0.20454700
v 0.00530097 -0.00131397 -0.20089389
v 0.01695898 0.00133299 -0.20820500
v 0.01113096 0.00151002 -0.20455000
v 0.01113096 0.00133299 -0.20455000
v 0.01695898 0.00133299 -0.20820500
v 0.01695898 0.00151002 -0.20820500
v 0.02282599 0.00000903 -0.21188600
v 0.02278695 0.00133299 -0.21186100
v 0.01855096 0.00151002 -0.20920400
v 0.02278695 0.00133299 -0.21186100
v 0.02270100 0.00243699 -0.21177889
v 0.02294395 0.00134801 -0.21201900
v 0.02270100 0.00243699 -0.21177889
v 0.02278695 0.00133299 -0.21186100
v 0.02282599 0.00000903 -0.21188600
v 0.02294395 0.00134801 -0.21201900
v 0.02298400 0.00000903 -0.21204400
v 0.02283195 0.00277203 -0.21189091
v 0.02294496 0.00134801 -0.21201999
v 0.02294496 0.00134801 -0.21201999
v 0.02301696 0.00136000 -0.21222800
v 0.02301696 0.00136000 -0.21222800
v 0.02290300 0.00281399 -0.21209800
v 0.02301696 0.00136000 -0.21223000
v 0.02305797 0.00000903 -0.21225600
v 0.02301696 0.00136000 -0.21223000
v 0.02298400 0.00000903 -0.21204400
v 0.02301696 -0.00134197 -0.21222800
v 0.02305797 0.00000903 -0.21225600
v 0.02301696 -0.00134197 -0.21223000
v 0.02299097 -0.00134897 -0.21245191
v 0.02299097 0.00136703 -0.21245190
v 0.02303097 0.00000903 -0.21247800
v 0.02303097 0.00000903 -0.21247800
v 0.02299097 -0.00134897 -0.21245191
v 0.02243999 0.00000903 -0.21406791
v 0.02303097 0.00000903 -0.21247800
v 0.02243999 0.00000903 -0.21406791
v 0.02299097 0.00136703 -0.21245190
v 0.02303097 0.00000903 -0.21247800
v 0.01922199 -0.00375891 -0.22033200
v 0.02243897 0.00000903 -0.21407300
v 0.01915994 -0.00419593 -0.22029200
v 0.02209595 -0.00394792 -0.21387000
v 0.02286700 -0.00284195 -0.21231200
v 0.02243897 0.00000903 -0.21407300
v 0.02211198 0.00398200 -0.21388499
v 0.01924500 0.00372201 -0.22034700
v 0.01940695 0.00187099 -0.22045200
v 0.01946297 0.00000904 -0.22048900
v 0.01940498 -0.00187892 -0.22045089
v 0.01946297 0.00000904 -0.22048900
v 0.01946297 0.00000904 -0.22048900
v 0.01921699 -0.00187493 -0.22064200
v 0.01927397 0.00000904 -0.22067900
v 0.01927397 0.00000904 -0.22067900
v 0.01921895 0.00186699 -0.22064300
v 0.01940498 -0.00187892 -0.22045089
v 0.01940695 0.00187099 -0.22045200
v 0.01895997 -0.00186092 -0.22070800
v 0.01877800 -0.00372094 -0.22059301
v 0.01903400 -0.00374991 -0.22052500
v 0.01846400 -0.00555796 -0.22039500
v 0.01871899 -0.00560194 -0.22032300
v 0.01915994 -0.00419593 -0.22029200
v 0.01922199 -0.00375891 -0.22033200
v 0.01800999 -0.00735396 -0.22010900
v 0.01826200 -0.00741494 -0.22003201
v 0.01890496 -0.00561494 -0.22012700
v 0.01890496 -0.00561494 -0.22012700
v 0.01844695 -0.00743294 -0.21983101
v 0.01844695 -0.00743294 -0.21983101
v 0.01818594 -0.00825191 -0.21966401
v 0.02103695 -0.00774092 -0.21325401
v 0.01818594 -0.00825191 -0.21966401
v 0.01766399 -0.00915992 -0.21965100
v 0.01784495 -0.00917995 -0.21944501
v 0.01784495 -0.00917995 -0.21944501
v 0.01741496 -0.00908196 -0.21973400
v 0.01667097 -0.01073092 -0.21926589
v 0.01691398 -0.01082695 -0.21917400
v 0.01717195 -0.00896895 -0.21967100
v 0.01643595 -0.01059294 -0.21921000
v 0.01643595 -0.01059294 -0.21921000
v 0.01776096 -0.00726694 -0.22003999
v 0.01717195 -0.00896895 -0.21967100
v 0.01776096 -0.00726694 -0.22003999
v 0.01451698 -0.01347994 -0.21800600
v 0.00915096 -0.01702093 -0.21463900
v 0.01852295 -0.00368095 -0.22051790
v 0.01821098 -0.00549394 -0.22032300
v 0.01821098 -0.00549394 -0.22032300
v 0.00605295 -0.01771695 -0.21269501
v 0.00761298 -0.01743394 -0.21367400
v 0.00915096 -0.01702093 -0.21463900
v 0.00769899 -0.01770091 -0.21363201
v 0.00761298 -0.01743394 -0.21367400
v 0.01202896 -0.01565695 -0.21644400
v 0.01062396 -0.01644193 -0.21556290
v 0.01062396 -0.01644193 -0.21556290
v 0.00925598 -0.01728392 -0.21460900
v 0.01075199 -0.01669592 -0.21554700
v 0.00784299 -0.01788295 -0.21346700
v 0.00941298 -0.01746195 -0.21445100
v 0.01218298 -0.01589692 -0.21644600
v 0.01237396 -0.01605790 -0.21630900
v 0.01092497 -0.01686793 -0.21539900
v 0.00957195 -0.01749694 -0.21421701
v 0.01109597 -0.01689595 -0.21517191
v 0.01108596 -0.01690096 -0.21516601
v 0.01109597 -0.01689595 -0.21517191
v 0.01391694 -0.01581896 -0.20901901
v 0.01108596 -0.01690096 -0.21516601
v 0.01253894 -0.01608897 -0.21607800
v 0.01253894 -0.01608897 -0.21607800
v 0.01389399 -0.01506293 -0.21693190
v 0.01389399 -0.01506293 -0.21693190
v 0.01686898 -0.01391691 -0.21078600
v 0.01409599 -0.01488291 -0.21706000
v 0.01372597 -0.01503395 -0.21715901
v 0.01409599 -0.01488291 -0.21706000
v 0.01351699 -0.01488596 -0.21728300
v 0.01472095 -0.01367294 -0.21803901
v 0.01494399 -0.01380491 -0.21792700
v 0.01451698 -0.01347994 -0.21800600
v 0.01600799 -0.01238792 -0.21860001
v 0.01577297 -0.01227396 -0.21870101
v 0.01555196 -0.01210891 -0.21865501
v 0.01555196 -0.01210891 -0.21865501
v 0.01618299 -0.01241493 -0.21838300
v 0.01651397 -0.01189094 -0.21859400
v 0.01651397 -0.01189094 -0.21859400
v 0.01929698 -0.01112694 -0.21222900
v 0.01618299 -0.01241493 -0.21838300
v 0.01709196 -0.01085096 -0.21896300
v 0.01709196 -0.01085096 -0.21896300
v 0.02322695 -0.00717897 -0.20655801
v 0.01913598 -0.01285297 -0.20424400
v 0.02501395 -0.00660593 -0.19974300
v 0.02480695 -0.00599194 -0.20212300
v 0.02601394 -0.00625295 -0.19536500
v 0.02537397 -0.00602293 -0.19936700
v 0.02527198 -0.00601691 -0.19988100
v 0.02589294 -0.00605393 -0.19660200
v 0.02600095 -0.00608796 -0.19591901
v 0.02593795 -0.00590694 -0.19660901
v 0.02600095 -0.00608796 -0.19591901
v 0.02589294 -0.00605393 -0.19660200
v 0.02537397 -0.00602293 -0.19936700
v 0.02593795 -0.00590694 -0.19660901
v 0.02589294 -0.00605393 -0.19660200
v 0.02541700 -0.00577993 -0.19937301
v 0.02594295 -0.00580997 -0.19660901
v 0.02604899 -0.00594396 -0.19590899
v 0.02604994 -0.00577492 -0.19588891
v 0.02594295 -0.00580997 -0.19660901
v 0.02593300 -0.00573296 -0.19660691
v 0.02593300 -0.00573296 -0.19660691
v 0.02534196 -0.00554497 -0.19935700
v 0.02599296 -0.00561494 -0.19586401
v 0.02587000 -0.00556994 -0.19659390
v 0.02587000 -0.00556994 -0.19659390
v 0.02516398 -0.00537694 -0.19932000
v 0.02476600 -0.00552094 -0.20211001
v 0.02575395 -0.00543994 -0.19657300
v 0.02484498 -0.00575096 -0.20212901
v 0.02421698 -0.00572193 -0.20487200
v 0.02413699 -0.00549591 -0.20485100
v 0.02459100 -0.00535596 -0.20207100
v 0.02492997 -0.00531495 -0.19927301
v 0.02435997 -0.00529594 -0.20202001
v 0.02396295 -0.00533492 -0.20480791
v 0.02088794 -0.00527096 -0.20387890
v 0.02435997 -0.00529594 -0.20202001
v 0.02373496 -0.00527692 -0.20475300
v 0.02373496 -0.00527692 -0.20475300
v 0.02492997 -0.00531495 -0.19927301
v 0.02088794 -0.00527096 -0.20387890
v 0.02088794 -0.00149097 -0.20387889
v 0.02261600 -0.00149097 -0.19832499
v 0.02018896 -0.00525695 -0.20567700
v 0.02261600 -0.00531191 -0.19832499
v 0.02261600 -0.00531191 -0.19832499
v 0.02304897 -0.00525695 -0.20747100
v 0.02018896 -0.00525695 -0.20567700
v 0.02304897 -0.00525695 -0.20747100
v 0.01974896 -0.00522495 -0.20670401
v 0.02018896 -0.00525695 -0.20567700
v 0.01974896 -0.00522495 -0.20670401
v 0.01856199 -0.00241792 -0.20918299
v 0.01929596 -0.00502593 -0.20769900
v 0.02276197 -0.00522393 -0.20859400
v 0.01929596 -0.00502593 -0.20769900
v 0.02319196 -0.00527996 -0.20750900
v 0.02276197 -0.00522393 -0.20859400
v 0.02304897 -0.00525695 -0.20747100
v 0.02269897 -0.00519795 -0.20886990
v 0.02283797 -0.00522393 -0.20890699
v 0.02269897 -0.00519795 -0.20886990
v 0.02327296 -0.00531495 -0.20753101
v 0.02319196 -0.00527996 -0.20750900
v 0.02304897 -0.00525695 -0.20747100
v 0.02327296 -0.00531495 -0.20753101
v 0.02297500 -0.00529993 -0.20894900
v 0.02333495 -0.00535494 -0.20754801
v 0.02333495 -0.00535494 -0.20754801
v 0.02261600 -0.00488293 -0.21025100
v 0.02272996 -0.00495994 -0.21030600
v 0.02307800 -0.00541497 -0.20898800
v 0.02344498 -0.00547195 -0.20757800
v 0.02313998 -0.00555796 -0.20901901
v 0.02280995 -0.00506091 -0.21036901
v 0.02351198 -0.00561893 -0.20759700
v 0.02351198 -0.00561893 -0.20759700
v 0.02344498 -0.00547195 -0.20757800
v 0.02352700 -0.00569392 -0.20760100
v 0.02352700 -0.00569392 -0.20760100
v 0.02352998 -0.00578493 -0.20760299
v 0.02370200 -0.00593996 -0.20682100
v 0.02352998 -0.00578493 -0.20760299
v 0.02418497 -0.00596095 -0.20486601
v 0.02370200 -0.00593996 -0.20682100
v 0.02350000 -0.00593096 -0.20759600
v 0.02418497 -0.00596095 -0.20486601
v 0.02350000 -0.00593096 -0.20759600
v 0.02312198 -0.00586093 -0.20904900
v 0.02350000 -0.00593096 -0.20759600
v 0.02315298 -0.00571794 -0.20904000
v 0.02312198 -0.00586093 -0.20904900
v 0.02282098 -0.00543291 -0.21055700
v 0.02285597 -0.00531394 -0.21050200
v 0.02282098 -0.00543291 -0.21055700
v 0.02285394 -0.00518096 -0.21043500
v 0.02278695 -0.00419396 -0.21156199
v 0.02286700 -0.00284195 -0.21231200
v 0.02289495 -0.00280392 -0.21208900
v 0.02270594 -0.00406891 -0.21137200
v 0.02275095 -0.00432295 -0.21176800
v 0.02275095 -0.00432295 -0.21176800
v 0.02257696 -0.00350595 -0.21149200
v 0.02252498 -0.00397593 -0.21123700
v 0.02282396 -0.00275892 -0.21188191
v 0.02248398 -0.00446296 -0.21080490
v 0.02294395 -0.00132997 -0.21201900
v 0.02269498 -0.00241792 -0.21177600
v 0.02294496 -0.00132997 -0.21201999
v 0.02266500 -0.00271392 -0.21172699
v 0.02301696 -0.00134197 -0.21222800
v 0.02278695 -0.00131397 -0.21186100
v 0.01855096 -0.00149097 -0.20920400
v 0.02269498 -0.00241792 -0.21177600
v 0.02278695 -0.00131397 -0.21186100
v 0.01856199 -0.00241792 -0.20918299
v 0.02257696 -0.00350595 -0.21149200
v 0.02266500 -0.00271392 -0.21172699
v 0.01695696 -0.00149097 -0.20820400
v 0.01695696 -0.00149097 -0.20820400
v 0.02088794 -0.00149097 -0.20387889
v 0.01855096 -0.00149097 -0.20920400
v 0.01855096 -0.00149097 -0.20920400
v 0.01112595 -0.00149097 -0.20454700
v 0.02278695 -0.00131397 -0.21186100
v 0.02282599 0.00000903 -0.21188600
v 0.02294395 -0.00132997 -0.21201900
v 0.02294496 -0.00132997 -0.21201999
v 0.02248398 -0.00446296 -0.21080490
v 0.02252498 -0.00397593 -0.21123700
v 0.01864395 -0.00350595 -0.20902500
v 0.01888696 -0.00446195 -0.20854800
v 0.02249095 -0.00484395 -0.21021400
v 0.02249095 -0.00484395 -0.21021400
v 0.01864395 -0.00350595 -0.20902500
v 0.01888696 -0.00446195 -0.20854800
v 0.02254197 -0.00502694 -0.20973601
v 0.02254197 -0.00502694 -0.20973601
v 0.02301696 -0.00134197 -0.21223000
v 0.02299097 -0.00134897 -0.21245191
v 0.02480695 -0.00599194 -0.20212300
v 0.02209500 -0.00531692 -0.19723991
v 0.02261600 -0.00531191 -0.19832499
v 0.02209500 -0.00149097 -0.19723991
v 0.02209500 -0.00531692 -0.19723991
v 0.02261600 -0.00149097 -0.19832499
v 0.02261600 -0.00149097 -0.19832499
v 0.02156899 -0.00149097 -0.19724301
v 0.02209500 -0.00149097 -0.19723991
v 0.02156899 -0.00149097 -0.19724301
v 0.02156899 -0.00531495 -0.19724301
v 0.02209500 -0.00149097 -0.19723991
v 0.02209500 -0.00531692 -0.19723991
v 0.02098897 -0.00531394 -0.19702600
v 0.02156899 -0.00531495 -0.19724301
v 0.02098897 -0.00531394 -0.19702600
v 0.01984897 -0.00533397 -0.19300200
v 0.01996997 -0.00531394 -0.19642100
v 0.02098897 -0.00149097 -0.19702600
v 0.01996997 -0.00531394 -0.19642100
v 0.00529597 -0.00149097 -0.20089000
v 0.02098897 -0.00149097 -0.19702600
v 0.01996997 -0.00149097 -0.19642100
v 0.01996997 -0.00149097 -0.19642100
v 0.00529597 -0.00149097 -0.20089000
v 0.00529597 -0.00131397 -0.20089000
v -0.00053396 -0.00149097 -0.19723301
v 0.01798996 -0.00149097 -0.19517900
v 0.00270895 -0.00149097 -0.18559401
v 0.01600996 -0.00149097 -0.19393700
v 0.00136300 -0.00149097 -0.18475001
v 0.00005600 -0.00149097 -0.18385200
v -0.00051399 -0.00149097 -0.18326689
v -0.00053396 -0.00149097 -0.19723301
v -0.00467195 -0.00149097 -0.18777600
v -0.00636395 -0.00149097 -0.19357599
v -0.00053498 -0.00131397 -0.19723301
v -0.00636395 -0.00149097 -0.19357599
v -0.00636496 -0.00131397 -0.19357701
v -0.00773897 -0.00149097 -0.19271301
v -0.00636496 -0.00131397 -0.19357701
v -0.01218196 0.00133299 -0.18992791
v -0.01219495 -0.00131397 -0.18991999
v -0.00051399 -0.00531495 -0.18326689
v -0.00051399 -0.00149097 -0.18326689
v -0.00083997 -0.00149097 -0.18257500
v -0.00176295 -0.00149097 -0.18274300
v -0.00083997 -0.00149097 -0.18257500
v 0.00005600 -0.00531394 -0.18385200
v 0.00005600 -0.00149097 -0.18385200
v 0.00303499 -0.00533397 -0.18245600
v 0.00136900 -0.00531394 -0.18475300
v 0.00005600 -0.00531394 -0.18385200
v 0.00136300 -0.00149097 -0.18475001
v 0.00136900 -0.00531394 -0.18475300
v -0.00051399 -0.00531495 -0.18326689
v 0.00270895 -0.00531394 -0.18559401
v 0.00405399 -0.00531394 -0.18643799
v 0.00303499 -0.00533397 -0.18245600
v 0.00903896 -0.00537593 -0.18533500
v 0.00863997 -0.00533397 -0.18597101
v 0.00863997 -0.00533397 -0.18597101
v 0.00539896 -0.00531394 -0.18728100
v 0.00343398 -0.00537593 -0.18181901
v -0.00256898 -0.00533397 -0.17894100
v 0.01464400 -0.00537593 -0.18885000
v 0.00380299 -0.00564892 -0.18123201
v -0.00127300 -0.00625093 -0.17753100
v 0.01424399 -0.00533397 -0.18948700
v 0.02024797 -0.00537593 -0.19236501
v 0.01424399 -0.00533397 -0.18948700
v 0.01600996 -0.00531394 -0.19393700
v 0.01402995 -0.00531394 -0.19269501
v 0.01798996 -0.00531394 -0.19517900
v 0.01984897 -0.00533397 -0.19300200
v 0.01204994 -0.00531394 -0.19145300
v 0.01402995 -0.00149097 -0.19269501
v 0.01402995 -0.00531394 -0.19269501
v 0.01600996 -0.00149097 -0.19393700
v 0.01600996 -0.00531394 -0.19393700
v 0.01204994 -0.00531394 -0.19145300
v 0.01402995 -0.00149097 -0.19269501
v 0.01204994 -0.00149097 -0.19145300
v 0.01204994 -0.00149097 -0.19145300
v 0.01006994 -0.00149097 -0.19021089
v 0.01006994 -0.00531394 -0.19021089
v 0.00405399 -0.00149097 -0.18643799
v 0.01006994 -0.00149097 -0.19021089
v 0.01006994 -0.00531394 -0.19021089
v 0.00808898 -0.00531394 -0.18896900
v 0.00808898 -0.00531394 -0.18896900
v 0.00808898 -0.00149097 -0.18896900
v 0.00808898 -0.00149097 -0.18896900
v 0.00674394 -0.00531394 -0.18812500
v 0.00808898 -0.00531394 -0.18896900
v 0.00674394 -0.00531394 -0.18812500
v 0.00674394 -0.00149097 -0.18812500
v 0.00539896 -0.00531394 -0.18728100
v 0.00674394 -0.00149097 -0.18812500
v 0.00808898 -0.00149097 -0.18896900
v 0.00539896 -0.00149097 -0.18728100
v 0.00539896 -0.00149097 -0.18728100
v 0.00405399 -0.00149097 -0.18643799
v 0.00405399 -0.00531394 -0.18643799
v 0.00270895 -0.00149097 -0.18559401
v 0.00270895 -0.00531394 -0.18559401
v 0.01798996 -0.00149097 -0.19517900
v 0.01798996 -0.00531394 -0.19517900
v 0.02573100 -0.00565196 -0.19498800
v 0.02559295 -0.00536794 -0.19578700
v 0.02560595 -0.00537593 -0.19572601
v 0.02545294 -0.00533396 -0.19651701
v 0.02559295 -0.00536794 -0.19578700
v 0.02560297 -0.00535894 -0.19654501
v 0.02545294 -0.00533396 -0.19651701
v 0.02560595 -0.00537593 -0.19572601
v 0.02574095 -0.00539792 -0.19580901
v 0.02569094 -0.00539697 -0.19656099
v 0.02560297 -0.00535894 -0.19654501
v 0.02569094 -0.00539697 -0.19656099
v 0.02575395 -0.00543994 -0.19657300
v 0.02584896 -0.00565595 -0.19508500
v 0.02588597 -0.00548393 -0.19583701
v 0.02596197 -0.00574995 -0.19512300
v 0.02573100 -0.00565196 -0.19498800
v 0.02603898 -0.00586796 -0.19517601
v 0.02586398 -0.00630296 -0.19459100
v 0.02567700 -0.00624693 -0.19442400
v 0.02569994 -0.00615192 -0.19449291
v 0.02560499 -0.00690896 -0.19423001
v 0.02593300 -0.00646991 -0.19475789
v 0.02601394 -0.00625295 -0.19536500
v 0.02606395 -0.00613392 -0.19531199
v 0.02607396 -0.00599993 -0.19524101
v 0.02566299 -0.00704194 -0.19440000
v 0.02588800 -0.00661195 -0.19495200
v 0.02528200 -0.00750393 -0.19392000
v 0.02533296 -0.00762594 -0.19409101
v 0.02562896 -0.00714195 -0.19459801
v 0.02530196 -0.00771094 -0.19428800
v 0.02496198 -0.00819791 -0.19379500
v 0.02491596 -0.00807596 -0.19362600
v 0.02492997 -0.00828094 -0.19399001
v 0.02562896 -0.00714195 -0.19459801
v 0.02530196 -0.00771094 -0.19428800
v 0.02492997 -0.00828094 -0.19399001
v 0.02456096 -0.00874895 -0.19349191
v 0.02452496 -0.00883395 -0.19368599
v 0.02452496 -0.00883395 -0.19368599
v 0.02456096 -0.00874895 -0.19349191
v 0.02361497 -0.00984294 -0.19280000
v 0.02452496 -0.00883395 -0.19368599
v 0.02451995 -0.00862194 -0.19332591
v 0.02358595 -0.00970191 -0.19264001
v 0.02451995 -0.00862194 -0.19332591
v 0.02254895 -0.01065094 -0.19190000
v 0.02356997 -0.00993497 -0.19299200
v 0.02256397 -0.01080496 -0.19205600
v 0.02246097 -0.01094091 -0.19221400
v 0.02250895 -0.01090294 -0.19224601
v 0.02135798 -0.01171792 -0.19146100
v 0.02246097 -0.01094091 -0.19221400
v 0.02356997 -0.00993497 -0.19299200
v 0.02250895 -0.01090294 -0.19224601
v 0.02246699 -0.01046795 -0.19180800
v 0.02451995 -0.00862194 -0.19332591
v 0.02451995 -0.00862194 -0.19332591
v 0.02348897 -0.00953496 -0.19253799
v 0.02440998 -0.00847293 -0.19321600
v 0.02440998 -0.00847293 -0.19321600
v 0.02479997 -0.00793493 -0.19351301
v 0.02493999 -0.00772197 -0.19362500
v 0.02536795 -0.00697595 -0.19401001
v 0.02493999 -0.00772197 -0.19362500
v 0.02515796 -0.00736791 -0.19380590
v 0.02515796 -0.00736791 -0.19380590
v 0.02479997 -0.00793493 -0.19351301
v 0.02536795 -0.00697595 -0.19401001
v 0.02567700 -0.00624693 -0.19442400
v 0.02546695 -0.00676996 -0.19412001
v 0.02546695 -0.00676996 -0.19412001
v 0.02588800 -0.00661195 -0.19495200
v 0.02601496 -0.00624693 -0.19537500
v 0.02601496 -0.00624693 -0.19537500
v 0.02569994 -0.00615192 -0.19449291
v 0.02572295 -0.00559897 -0.19506700
v 0.02572295 -0.00559897 -0.19506700
v 0.02545294 -0.00533396 -0.19651701
v -0.00083997 -0.00531895 -0.18257500
v -0.00176295 -0.00531394 -0.18274300
v -0.00083997 -0.00149097 -0.18257500
v -0.00176295 -0.00149097 -0.18274300
v -0.00083997 -0.00531895 -0.18257500
v 0.02527198 -0.00601691 -0.19988100
v 0.01511595 -0.01383292 -0.21770500
v 0.01511595 -0.01383292 -0.21770500
v 0.01333699 -0.01466793 -0.21726500
v 0.01333699 -0.01466793 -0.21726500
v 0.01202896 -0.01565695 -0.21644400
v 0.00957195 -0.01749694 -0.21421701
v 0.00775597 -0.01796997 -0.21308101
v 0.01066098 -0.01688296 -0.20706401
v 0.00482497 -0.01840096 -0.21124700
v 0.00641099 -0.01820696 -0.21224000
v 0.00482497 -0.01840096 -0.21124700
v 0.00625799 -0.01816994 -0.21247500
v 0.00641099 -0.01820696 -0.21224000
v 0.00775597 -0.01796997 -0.21308101
v 0.00612495 -0.01798695 -0.21264491
v 0.00467298 -0.01836193 -0.21148201
v 0.00454698 -0.01817894 -0.21165601
v 0.00308899 -0.01848691 -0.21048901
v 0.00429699 -0.01844894 -0.21091600
v 0.00429699 -0.01844894 -0.21091600
v 0.00323895 -0.01852596 -0.21025300
v 0.00323895 -0.01852596 -0.21025300
v 0.00164399 -0.01860494 -0.20925300
v 0.00164399 -0.01860494 -0.20925300
v 0.00149400 -0.01856596 -0.20948901
v 0.00082000 -0.01862997 -0.20873501
v 0.00082000 -0.01862997 -0.20873501
v 0.00296698 -0.01830292 -0.21066501
v 0.00137600 -0.01838094 -0.20966700
v -0.00010000 -0.01860494 -0.20848801
v 0.00004900 -0.01864392 -0.20825090
v 0.00291196 -0.01803196 -0.21072500
v 0.00448499 -0.01790792 -0.21171201
v 0.00448499 -0.01790792 -0.21171201
v 0.00605295 -0.01771695 -0.21269501
v 0.00799797 -0.01791895 -0.21323200
v 0.00799797 -0.01791895 -0.21323200
v 0.01852295 -0.00368095 -0.22051790
v 0.01876095 0.00000904 -0.22066800
v 0.01870397 -0.00184196 -0.22063200
v 0.01870397 -0.00184196 -0.22063200
v 0.01854494 0.00365400 -0.22053200
v 0.00805596 0.01724099 -0.21394899
v 0.01901797 0.00000904 -0.22074400
v 0.01876095 0.00000904 -0.22066800
v 0.01876095 0.00000904 -0.22066800
v 0.01896200 0.00185400 -0.22070900
v 0.01901797 0.00000904 -0.22074400
v 0.01870600 0.00183600 -0.22063300
v 0.01870600 0.00183600 -0.22063300
v 0.01854494 0.00365400 -0.22053200
v 0.01880095 0.00368899 -0.22060700
v 0.01827899 0.00545400 -0.22036400
v 0.01853296 0.00550800 -0.22043800
v 0.01905695 0.00371402 -0.22053900
v 0.01878896 0.00554603 -0.22036700
v 0.01918098 0.00423300 -0.22030499
v 0.01924500 0.00372201 -0.22034700
v 0.01918098 0.00423300 -0.22030499
v 0.01897594 0.00555801 -0.22017100
v 0.01897594 0.00555801 -0.22017100
v 0.01840398 0.00735301 -0.22012000
v 0.01858899 0.00736803 -0.21991899
v 0.01858899 0.00736803 -0.21991899
v 0.01832196 0.00834399 -0.21974590
v 0.01832196 0.00834399 -0.21974590
v 0.02115199 0.00782102 -0.21332900
v 0.01949498 0.01126699 -0.21235700
v 0.02332196 0.00724703 -0.20662589
v 0.01807496 0.00911802 -0.21958700
v 0.02319500 0.00586503 -0.20909200
v 0.02288196 0.00543701 -0.21058600
v 0.02357599 0.00593203 -0.20764600
v 0.02322200 0.00572299 -0.20908201
v 0.02319500 0.00586503 -0.20909200
v 0.02288196 0.00543701 -0.21058600
v 0.02357599 0.00593203 -0.20764600
v 0.02357599 0.00593203 -0.20764600
v 0.02360097 0.00578701 -0.20765200
v 0.02357599 0.00593203 -0.20764600
v 0.02360097 0.00578701 -0.20765200
v 0.02357599 0.00593203 -0.20764600
v 0.02377597 0.00594103 -0.20687801
v 0.02359596 0.00569897 -0.20764901
v 0.02357599 0.00593203 -0.20764600
v 0.02377597 0.00594103 -0.20687801
v 0.02359596 0.00569897 -0.20764901
v 0.02359495 0.00569802 -0.20764901
v 0.02359495 0.00569897 -0.20765000
v 0.02359495 0.00569802 -0.20764901
v 0.02350995 0.00548201 -0.20762500
v 0.02357897 0.00562500 -0.20764489
v 0.02420399 0.00550699 -0.20489789
v 0.02350995 0.00548201 -0.20762500
v 0.02428797 0.00572699 -0.20491899
v 0.02483598 0.00553202 -0.20215700
v 0.02491698 0.00575703 -0.20217700
v 0.02426300 0.00596302 -0.20491500
v 0.02523598 0.00539302 -0.19936700
v 0.02541295 0.00555699 -0.19940400
v 0.02466098 0.00537198 -0.20211799
v 0.02500495 0.00533300 -0.19932100
v 0.02443394 0.00531399 -0.20206800
v 0.02403197 0.00535100 -0.20485499
v 0.02500495 0.00533300 -0.19932100
v 0.02088794 0.00529003 -0.20387889
v 0.02443394 0.00531399 -0.20206800
v 0.02380797 0.00529402 -0.20480099
v 0.02380797 0.00529402 -0.20480099
v 0.02311996 0.00527399 -0.20751890
v 0.02333895 0.00532901 -0.20757800
v 0.02311996 0.00527399 -0.20751890
v 0.02018896 0.00527602 -0.20567700
v 0.01974896 0.00524401 -0.20670400
v 0.02311996 0.00527399 -0.20751890
v 0.02018896 0.00527602 -0.20567700
v 0.02311996 0.00527399 -0.20751890
v 0.02325997 0.00529599 -0.20755699
v 0.02311996 0.00527399 -0.20751890
v 0.02333895 0.00532901 -0.20757800
v 0.02333895 0.00532901 -0.20757900
v 0.02283195 0.00524002 -0.20863689
v 0.02325997 0.00529599 -0.20755699
v 0.02311996 0.00527399 -0.20751890
v 0.02290395 0.00524002 -0.20894900
v 0.02333895 0.00532901 -0.20757900
v 0.02303895 0.00531399 -0.20898999
v 0.02340099 0.00536799 -0.20759500
v 0.02340099 0.00536799 -0.20759500
v 0.02333996 0.00533002 -0.20757800
v 0.02333996 0.00533002 -0.20757800
v 0.02350995 0.00548201 -0.20762600
v 0.02314195 0.00542598 -0.20902701
v 0.02267197 0.00490403 -0.21028000
v 0.02278397 0.00497800 -0.21033700
v 0.02286396 0.00507503 -0.21040000
v 0.02320495 0.00556498 -0.20905900
v 0.02357897 0.00562500 -0.20764489
v 0.02273294 0.00407898 -0.21138599
v 0.02290794 0.00519102 -0.21046699
v 0.02278200 0.00433200 -0.21177889
v 0.02281597 0.00420099 -0.21157600
v 0.02279797 0.00390499 -0.21200401
v 0.02278200 0.00433200 -0.21177889
v 0.02279797 0.00390499 -0.21200401
v 0.02287498 0.00284803 -0.21232100
v 0.02287498 0.00284803 -0.21232100
v 0.02299097 0.00136703 -0.21245190
v 0.02259496 0.00352400 -0.21150100
v 0.02255097 0.00399202 -0.21125200
v 0.02252498 0.00448101 -0.21083100
v 0.02259496 0.00352400 -0.21150100
v 0.02252498 0.00448101 -0.21083100
v 0.01864496 0.00352400 -0.20902499
v 0.01856199 0.00243699 -0.20918299
v 0.02255097 0.00399202 -0.21125200
v 0.02267400 0.00272899 -0.21173300
v 0.02267400 0.00272899 -0.21173300
v 0.02088794 0.00151002 -0.20387889
v 0.01856199 0.00243699 -0.20918299
v 0.01974896 0.00524401 -0.20670400
v 0.01929596 0.00504499 -0.20769900
v 0.01864496 0.00352400 -0.20902499
v 0.01855096 0.00151002 -0.20920400
v 0.02088794 0.00529003 -0.20387889
v 0.02261600 0.00151002 -0.19832499
v 0.02156899 0.00151002 -0.19724300
v 0.02088794 0.00151002 -0.20387889
v 0.02261600 0.00151002 -0.19832499
v 0.01695898 0.00151002 -0.20820500
v 0.01855096 0.00151002 -0.20920400
v 0.01113096 0.00151002 -0.20455000
v 0.02018896 0.00527602 -0.20567700
v 0.02156899 0.00533401 -0.19724300
v 0.02156899 0.00151002 -0.19724300
v 0.02209500 0.00151002 -0.19723991
v 0.02209500 0.00151002 -0.19723991
v 0.02098897 0.00533300 -0.19702600
v 0.02098897 0.00151002 -0.19702600
v 0.02098897 0.00151002 -0.19702600
v 0.00530294 0.00151002 -0.20089389
v 0.02209500 0.00533598 -0.19723990
v 0.02209500 0.00533598 -0.19723990
v 0.02098897 0.00533300 -0.19702600
v 0.02156899 0.00533401 -0.19724300
v 0.02209500 0.00151002 -0.19723991
v 0.02261600 0.00533097 -0.19832499
v 0.02209500 0.00533598 -0.19723990
v 0.01992396 0.00535303 -0.19304900
v 0.02261600 0.00533097 -0.19832499
v 0.02552900 0.00535303 -0.19656500
v 0.02567098 0.00538497 -0.19584200
v 0.01992396 0.00535303 -0.19304900
v 0.02552900 0.00535303 -0.19656500
v 0.01996997 0.00533300 -0.19642100
v 0.01798996 0.00533300 -0.19517900
v 0.01431897 0.00535303 -0.18953290
v 0.02032295 0.00539499 -0.19241200
v 0.01431897 0.00535303 -0.18953290
v 0.01996997 0.00151002 -0.19642100
v 0.01996997 0.00533300 -0.19642100
v 0.01798996 0.00533300 -0.19517900
v 0.01798996 0.00151002 -0.19517900
v 0.01798996 0.00151002 -0.19517900
v 0.01996997 0.00151002 -0.19642100
v 0.01600996 0.00533300 -0.19393700
v 0.01600996 0.00151002 -0.19393700
v 0.01600996 0.00151002 -0.19393700
v 0.01600996 0.00533300 -0.19393700
v 0.01402995 0.00533300 -0.19269501
v 0.01402995 0.00533300 -0.19269501
v 0.01204994 0.00533300 -0.19145299
v 0.01402995 0.00151002 -0.19269501
v 0.01204994 0.00533300 -0.19145299
v 0.01204994 0.00151002 -0.19145299
v 0.01006994 0.00533300 -0.19021089
v 0.01006994 0.00533300 -0.19021089
v 0.00270895 0.00151002 -0.18559401
v 0.01204994 0.00151002 -0.19145299
v 0.00405399 0.00151002 -0.18643799
v 0.01402995 0.00151002 -0.19269501
v 0.01006994 0.00151002 -0.19021089
v 0.01006994 0.00151002 -0.19021089
v 0.00808898 0.00533300 -0.18896900
v 0.00808898 0.00151002 -0.18896900
v 0.00674394 0.00151002 -0.18812500
v 0.00808898 0.00151002 -0.18896900
v 0.00539896 0.00151002 -0.18728100
v 0.00674394 0.00533300 -0.18812500
v 0.00808898 0.00151002 -0.18896900
v 0.00808898 0.00533300 -0.18896900
v 0.00808898 0.00533300 -0.18896900
v 0.00674394 0.00533300 -0.18812500
v 0.00674394 0.00151002 -0.18812500
v 0.00539896 0.00533300 -0.18728100
v 0.00539896 0.00151002 -0.18728100
v 0.00405399 0.00533300 -0.18643799
v 0.00405399 0.00151002 -0.18643799
v 0.00270895 0.00533300 -0.18559401
v 0.00270895 0.00151002 -0.18559401
v 0.00136900 0.00533300 -0.18475300
v 0.00136300 0.00151002 -0.18475001
v 0.00136300 0.00151002 -0.18475001
v 0.00005600 0.00151002 -0.18385200
v 0.00005600 0.00151002 -0.18385200
v 0.02568498 0.00539201 -0.19577500
v 0.02581599 0.00541502 -0.19586299
v 0.02568498 0.00539201 -0.19577500
v 0.02567098 0.00538497 -0.19584200
v 0.02582595 0.00545501 -0.19661900
v 0.02567700 0.00537598 -0.19659200
v 0.02576295 0.00541400 -0.19660801
v 0.02582595 0.00545501 -0.19661900
v 0.02576295 0.00541400 -0.19660801
v 0.02567700 0.00537598 -0.19659200
v 0.02594099 0.00558203 -0.19664100
v 0.02594099 0.00558203 -0.19664100
v 0.02594200 0.00558298 -0.19664100
v 0.02594200 0.00558298 -0.19664100
v 0.02600697 0.00574099 -0.19665401
v 0.02600697 0.00574099 -0.19665401
v 0.02601800 0.00581800 -0.19665700
v 0.02549198 0.00578701 -0.19942100
v 0.02601800 0.00581800 -0.19665700
v 0.02601597 0.00591200 -0.19665700
v 0.02535096 0.00602102 -0.19994300
v 0.02545497 0.00602698 -0.19941600
v 0.02488700 0.00599503 -0.20217200
v 0.02535096 0.00602102 -0.19994300
v 0.02545497 0.00602698 -0.19941600
v 0.02488700 0.00599503 -0.20217200
v 0.02426300 0.00596302 -0.20491500
v 0.02597496 0.00605899 -0.19665100
v 0.02601597 0.00591200 -0.19665700
v 0.02608296 0.00609201 -0.19597800
v 0.02597496 0.00605899 -0.19665100
v 0.02552900 0.00535303 -0.19656500
v 0.02261600 0.00151002 -0.19832499
v 0.02261600 0.00533097 -0.19832499
v 0.01929596 0.00504499 -0.20769900
v 0.02283195 0.00524002 -0.20863689
v 0.02276597 0.00521498 -0.20891400
v 0.02260396 0.00504398 -0.20977400
v 0.01888696 0.00448000 -0.20854799
v 0.01888696 0.00448000 -0.20854799
v 0.02276597 0.00521498 -0.20891400
v 0.02260396 0.00504398 -0.20977400
v 0.02255097 0.00486600 -0.21023799
v 0.02255097 0.00486600 -0.21023799
v 0.02359495 0.00569897 -0.20765000
v 0.02350995 0.00548201 -0.20762600
v 0.01807496 0.00911802 -0.21958700
v 0.01722399 0.01077902 -0.21936600
v 0.01740399 0.01080101 -0.21915500
v 0.01789197 0.00910002 -0.21979199
v 0.01740399 0.01080101 -0.21915500
v 0.01674596 0.01205200 -0.21873399
v 0.01674596 0.01205200 -0.21873399
v 0.01654700 0.01237803 -0.21860699
v 0.01637200 0.01235300 -0.21882500
v 0.01654700 0.01237803 -0.21860699
v 0.01510796 0.01363599 -0.21828000
v 0.01613400 0.01224202 -0.21892489
v 0.01533094 0.01376801 -0.21816590
v 0.01390895 0.01481902 -0.21752600
v 0.01411495 0.01496899 -0.21739900
v 0.01550296 0.01379603 -0.21794300
v 0.01428297 0.01499801 -0.21717199
v 0.01550296 0.01379603 -0.21794300
v 0.01428297 0.01499801 -0.21717199
v 0.01427999 0.01499998 -0.21717000
v 0.01427999 0.01499998 -0.21717000
v 0.01276097 0.01594001 -0.21654799
v 0.01292494 0.01597099 -0.21631799
v 0.01702395 0.01401799 -0.21088600
v 0.01292494 0.01597099 -0.21631799
v 0.01148197 0.01672804 -0.21541200
v 0.01148197 0.01672804 -0.21541200
v 0.01132098 0.01669400 -0.21564500
v 0.01119295 0.01685302 -0.21523100
v 0.01119295 0.01685302 -0.21523100
v 0.01400200 0.01578598 -0.20907500
v 0.01114997 0.01652199 -0.21579499
v 0.00983099 0.01726204 -0.21471099
v 0.01257298 0.01577604 -0.21668800
v 0.01373199 0.01459598 -0.21751089
v 0.01242396 0.01553303 -0.21669000
v 0.01373199 0.01459598 -0.21751089
v 0.01102498 0.01626599 -0.21581199
v 0.01242396 0.01553303 -0.21669000
v 0.01102498 0.01626599 -0.21581199
v 0.00967399 0.01708399 -0.21486899
v 0.00956998 0.01682101 -0.21489900
v 0.00956998 0.01682101 -0.21489900
v 0.00814400 0.01750803 -0.21390900
v 0.00805596 0.01724099 -0.21394899
v 0.00828896 0.01768898 -0.21374599
v 0.00659899 0.01781999 -0.21294000
v 0.00673494 0.01800297 -0.21277199
v 0.00782595 0.01786302 -0.21312400
v 0.00844500 0.01772600 -0.21351100
v 0.00688896 0.01803999 -0.21253700
v 0.00782595 0.01786302 -0.21312400
v 0.01072499 0.01679300 -0.20710590
v 0.00844500 0.01772600 -0.21351100
v 0.00532899 0.01827000 -0.21155999
v 0.00688896 0.01803999 -0.21253700
v 0.00436196 0.01837902 -0.21095499
v 0.00532899 0.01827000 -0.21155999
v 0.00517598 0.01823103 -0.21179500
v 0.00436196 0.01837902 -0.21095499
v 0.00504599 0.01804799 -0.21196599
v 0.00497899 0.01777803 -0.21201899
v 0.00652299 0.01755099 -0.21298700
v 0.00497899 0.01777803 -0.21201899
v 0.00652299 0.01755099 -0.21298700
v 0.00342999 0.01794403 -0.21104690
v 0.00342999 0.01794403 -0.21104690
v 0.00186900 0.01806401 -0.21006700
v 0.00998900 0.01729702 -0.21447700
v 0.00998900 0.01729702 -0.21447700
v 0.01739195 0.00893098 -0.21980800
v 0.01590899 0.01208102 -0.21887700
v 0.01490399 0.01344204 -0.21824690
v 0.01490399 0.01344204 -0.21824690
v 0.01827899 0.00545400 -0.22036400
v 0.01789698 0.00722503 -0.22012500
v 0.01739195 0.00893098 -0.21980800
v 0.01814899 0.00730002 -0.22019490
v 0.01789698 0.00722503 -0.22012500
v 0.01763997 0.00903099 -0.21987399
v 0.01673797 0.01056200 -0.21939699
v 0.01673797 0.01056200 -0.21939699
v 0.01697698 0.01069098 -0.21945600
v 0.01590899 0.01208102 -0.21887700
v 0.01926497 0.01293801 -0.20433301
v -0.01180394 0.00352400 -0.18992500
v -0.00772699 -0.00241793 -0.19269501
v -0.00773897 -0.00149097 -0.19271301
v -0.00734397 -0.00446195 -0.19209591
v -0.01057197 -0.00500495 -0.18904300
v -0.01131799 -0.00444496 -0.18962400
v -0.01131799 -0.00444496 -0.18962400
v -0.01130195 -0.00446195 -0.18961389
v -0.01057197 -0.00500495 -0.18904300
v -0.01052197 -0.00502694 -0.18899700
v -0.01052197 -0.00502694 -0.18899700
v -0.00978496 -0.00521893 -0.18824001
v -0.00978496 -0.00521893 -0.18824001
v -0.00684299 -0.00502593 -0.19130500
v -0.00626697 -0.00522495 -0.19038589
v -0.00762995 -0.00350595 -0.19254400
v -0.00684299 -0.00502593 -0.19130500
v -0.00734397 -0.00446195 -0.19209591
v -0.01768597 -0.00677091 -0.19780000
v -0.01678099 -0.01033491 -0.19827101
v -0.01680495 -0.01041592 -0.19799601
v -0.01730694 -0.00869292 -0.19735000
v -0.01661595 -0.01021296 -0.19847100
v -0.01598998 -0.01195693 -0.19876591
v -0.01583995 -0.01180494 -0.19895800
v -0.01661595 -0.01021296 -0.19847100
v -0.01600196 -0.01205993 -0.19849689
v -0.01501598 -0.01343996 -0.19937700
v -0.01488598 -0.01325494 -0.19955591
v -0.01488598 -0.01325494 -0.19955591
v -0.01376196 -0.01450992 -0.20026200
v -0.01376196 -0.01450992 -0.20026200
v -0.01248600 -0.01554895 -0.20106301
v -0.01256098 -0.01578695 -0.20091801
v -0.01386495 -0.01472491 -0.20009901
v -0.01252194 -0.01594591 -0.20067901
v -0.01384499 -0.01486796 -0.19984791
v -0.01095094 -0.01682592 -0.20132800
v -0.01315798 -0.01538092 -0.19994000
v -0.01238199 -0.01597196 -0.20042800
v -0.01238199 -0.01597196 -0.20042800
v -0.01095094 -0.01682592 -0.20132800
v -0.00929495 -0.01431293 -0.19497301
v -0.01315798 -0.01538092 -0.19994000
v -0.01370795 -0.01489193 -0.19959501
v -0.01487996 -0.01358491 -0.19886100
v -0.01487996 -0.01358491 -0.19886100
v -0.01370795 -0.01489193 -0.19959501
v -0.01572694 -0.01232893 -0.19833200
v -0.01501300 -0.01356393 -0.19911601
v -0.01572694 -0.01232893 -0.19833200
v -0.01587297 -0.01207793 -0.19824091
v -0.01587297 -0.01207793 -0.19824091
v -0.01667895 -0.01043094 -0.19774001
v -0.01667895 -0.01043094 -0.19774001
v -0.01730694 -0.00869292 -0.19735000
v -0.00772097 -0.00593097 -0.18500701
v -0.00939497 -0.00589991 -0.18705089
v -0.00970300 -0.00589193 -0.18741889
v -0.00608596 -0.00596292 -0.18293201
v -0.00772097 -0.00593097 -0.18500701
v -0.00940999 -0.00575597 -0.18703701
v -0.00939497 -0.00589991 -0.18705089
v -0.00773396 -0.00569791 -0.18499491
v -0.00610396 -0.00572694 -0.18291600
v -0.00608596 -0.00596292 -0.18293201
v -0.00571599 -0.00596995 -0.18245100
v -0.00571599 -0.00596995 -0.18245100
v -0.00451799 -0.00575794 -0.18080400
v -0.00449398 -0.00599594 -0.18082400
v -0.00297894 -0.00588191 -0.17865901
v -0.00297894 -0.00578994 -0.17865799
v -0.00296798 -0.00571192 -0.17866500
v -0.00297894 -0.00578994 -0.17865799
v -0.00256898 -0.00574697 -0.17810901
v -0.00296798 -0.00571192 -0.17866500
v -0.00291195 -0.00555892 -0.17870300
v -0.00291195 -0.00555892 -0.17870300
v -0.00297894 -0.00588191 -0.17865901
v -0.00294896 -0.00602991 -0.17868100
v -0.00294896 -0.00602991 -0.17868100
v -0.00940397 -0.00566894 -0.18704189
v -0.00940999 -0.00575597 -0.18703701
v -0.00940397 -0.00566894 -0.18704189
v -0.00970300 -0.00589193 -0.18741889
v -0.00939497 -0.00589991 -0.18705089
v -0.00256898 -0.00533397 -0.17894100
v -0.00215795 -0.00536496 -0.17836399
v -0.00133195 -0.00614197 -0.17754801
v -0.00133195 -0.00614197 -0.17754801
v -0.00098898 -0.00676496 -0.17752300
v -0.00098898 -0.00676496 -0.17752300
v -0.00087097 -0.00697494 -0.17754801
v 0.00161097 -0.01101095 -0.17924100
v 0.00945494 -0.01384294 -0.18386801
v 0.00675396 -0.01339293 -0.18222200
v 0.00810198 -0.01366794 -0.18303900
v 0.00945494 -0.01384294 -0.18386801
v 0.00957898 -0.01374597 -0.18368100
v 0.00810198 -0.01366794 -0.18303900
v 0.00822995 -0.01357192 -0.18285300
v 0.00675396 -0.01339293 -0.18222200
v 0.00833294 -0.01337892 -0.18273691
v 0.00706295 -0.01286894 -0.18191800
v 0.00838295 -0.01313895 -0.18272101
v 0.00967298 -0.01355297 -0.18356100
v 0.00971196 -0.01331091 -0.18353801
v 0.01102397 -0.01364196 -0.18440001
v 0.01093897 -0.01383496 -0.18452390
v 0.01081696 -0.01393295 -0.18471100
v 0.01186100 -0.01395291 -0.18536100
v 0.01229599 -0.01385194 -0.18537100
v 0.01371899 -0.01361496 -0.18609101
v 0.01364795 -0.01380694 -0.18622101
v 0.01353499 -0.01390791 -0.18640891
v 0.01217798 -0.01395095 -0.18555901
v 0.01237497 -0.01365894 -0.18524501
v 0.01239297 -0.01341993 -0.18520901
v 0.01372895 -0.01337695 -0.18605100
v 0.01105300 -0.01340092 -0.18437000
v 0.01105300 -0.01340092 -0.18437000
v 0.00971196 -0.01331091 -0.18353801
v 0.01353499 -0.01390791 -0.18640891
v 0.01217798 -0.01395095 -0.18555901
v 0.01186100 -0.01395291 -0.18536100
v 0.01081696 -0.01393295 -0.18471100
v 0.00838295 -0.01313895 -0.18272101
v 0.00007000 -0.00847293 -0.17795000
v 0.01755199 -0.01330293 -0.18896100
v -0.00154694 -0.01864296 -0.20724801
v -0.00277897 -0.01860994 -0.20647401
v -0.00314494 -0.01859397 -0.20624300
v -0.00473198 -0.01847393 -0.20524501
v -0.00314494 -0.01859397 -0.20624300
v -0.00473198 -0.01847393 -0.20524501
v -0.00631800 -0.01826495 -0.20424600
v -0.00631800 -0.01826495 -0.20424600
v -0.00636198 -0.01825697 -0.20421900
v 0.00030700 0.01814799 -0.20908700
v 0.00030700 0.01814799 -0.20908700
v -0.01774998 0.00599700 -0.19775800
v -0.01730796 0.00774598 -0.19803500
v -0.01774998 0.00599700 -0.19775800
v -0.01730796 0.00774598 -0.19803500
v -0.01674594 0.00943201 -0.19838799
v -0.00540700 0.00664603 -0.18263800
v -0.00763895 0.00595700 -0.18506201
v -0.00042700 0.00884198 -0.17818700
v -0.00238695 0.00612401 -0.17807500
v -0.00441697 0.00602203 -0.18087400
v -0.00152596 0.00713097 -0.17773899
v -0.00564297 0.00599699 -0.18251100
v -0.00600698 0.00598901 -0.18298499
v -0.00564297 0.00599699 -0.18251100
v -0.00441697 0.00602203 -0.18087400
v -0.00600698 0.00598901 -0.18298499
v -0.00763895 0.00595700 -0.18506201
v -0.00025300 0.00877898 -0.17801100
v 0.00055000 0.01003598 -0.17867900
v -0.00042700 0.00884198 -0.17818700
v -0.00081398 0.00828003 -0.17800300
v -0.00025300 0.00877898 -0.17801100
v -0.00042700 0.00884198 -0.17818700
v 0.00055000 0.01003598 -0.17867900
v -0.00081398 0.00828003 -0.17800300
v -0.00063696 0.00821899 -0.17782500
v -0.00117799 0.00770502 -0.17784600
v -0.00117799 0.00770502 -0.17784600
v -0.00025200 0.00877898 -0.17801000
v -0.00004200 0.00865101 -0.17794300
v -0.00042100 0.00809698 -0.17775901
v -0.00100096 0.00764000 -0.17766490
v -0.00022000 0.00794702 -0.17782099
v -0.00004000 0.00865000 -0.17794300
v 0.00015100 0.00849198 -0.17800100
v -0.00022000 0.00794702 -0.17782099
v -0.00152596 0.00713097 -0.17773899
v -0.00135096 0.00704800 -0.17755100
v -0.00159397 0.00638299 -0.17748700
v -0.00170394 0.00646900 -0.17753200
v -0.00179895 0.00655000 -0.17761899
v -0.00199898 0.00586598 -0.17770299
v -0.00208994 0.00599699 -0.17772099
v -0.00215199 0.00613599 -0.17778300
v -0.00251898 0.00594400 -0.17816900
v -0.00249799 0.00577401 -0.17815600
v -0.00217500 0.00625198 -0.17787100
v -0.00238695 0.00612401 -0.17807500
v -0.00186100 0.00661003 -0.17772700
v -0.00217500 0.00625198 -0.17787100
v -0.00186100 0.00661003 -0.17772700
v -0.00290694 0.00590800 -0.17870501
v -0.00289699 0.00573598 -0.17871000
v -0.00290795 0.00581502 -0.17870399
v -0.00290795 0.00581502 -0.17870399
v -0.00290694 0.00590800 -0.17870501
v -0.00249799 0.00609099 -0.17821100
v -0.00287398 0.00605600 -0.17872889
v -0.00287398 0.00605600 -0.17872889
v -0.00287398 0.00605600 -0.17872889
v -0.00249799 0.00609099 -0.17821100
v -0.00025200 0.00877898 -0.17801000
v 0.00147200 0.01092498 -0.17916500
v -0.00933000 0.00578200 -0.18709201
v -0.00931200 0.00592702 -0.18710799
v -0.00931200 0.00592702 -0.18710799
v -0.00931200 0.00592702 -0.18710799
v -0.00931098 0.00562101 -0.18710600
v -0.00925495 0.00547998 -0.18715200
v -0.00925495 0.00547998 -0.18715200
v -0.00932398 0.00569402 -0.18709589
v -0.00916799 0.00536799 -0.18722300
v -0.00916799 0.00536799 -0.18722300
v -0.00911798 0.00532901 -0.18726300
v -0.00911798 0.00532901 -0.18726300
v -0.00905498 0.00529598 -0.18731600
v -0.00726797 0.00529402 -0.18535299
v -0.00894299 0.00527399 -0.18740800
v 0.01246795 0.01343499 -0.18525600
v 0.01112500 0.01343303 -0.18441400
v 0.00844500 0.01320599 -0.18275399
v 0.00977997 0.01335697 -0.18357700
v 0.01112500 0.01343303 -0.18441400
v 0.01109800 0.01367401 -0.18444399
v 0.00977997 0.01335697 -0.18357700
v 0.01244995 0.01367502 -0.18529200
v 0.01246795 0.01343499 -0.18525600
v 0.01380095 0.01360499 -0.18614499
v 0.01237396 0.01386802 -0.18542000
v 0.01373199 0.01379697 -0.18627500
v 0.01508400 0.01365398 -0.18713300
v 0.01497600 0.01375602 -0.18732100
v 0.01361999 0.01389800 -0.18646399
v 0.01361999 0.01389800 -0.18646399
v 0.01225796 0.01396798 -0.18560900
v 0.01225796 0.01396798 -0.18560900
v 0.01190898 0.01397400 -0.18538990
v 0.01190898 0.01397400 -0.18538990
v 0.01101497 0.01386701 -0.18456900
v 0.00974397 0.01359801 -0.18360300
v 0.01514396 0.01346402 -0.18700000
v 0.01631698 0.01354300 -0.18817499
v 0.01647100 0.01325201 -0.18785099
v 0.01641998 0.01344101 -0.18798700
v 0.01514200 0.01322900 -0.18695299
v 0.01645997 0.01302098 -0.18779900
v 0.01514200 0.01322900 -0.18695299
v 0.01645997 0.01302098 -0.18779900
v 0.01776299 0.01273202 -0.18864400
v 0.01380900 0.01336800 -0.18610300
v 0.01380900 0.01336800 -0.18610300
v 0.01742098 0.01330601 -0.18888300
v 0.01774100 0.01314603 -0.18883900
v 0.01778296 0.01296000 -0.18870100
v 0.01764599 0.01324903 -0.18902799
v 0.00844500 0.01320599 -0.18275399
v 0.00711600 0.01296400 -0.18194400
v 0.00165395 0.01107900 -0.17926399
v 0.00285695 0.01193898 -0.17992900
v -0.00251796 0.01870202 -0.20663400
v -0.00094398 0.01869200 -0.20762400
v -0.00094398 0.01869200 -0.20762400
v -0.00251796 0.01870202 -0.20663400
v 0.00062700 0.01864200 -0.20861099
f 1 2 3
f 4 1 3
f 5 1 6
f 6 1 4
f 1 5 7
f 8 1 7
f 8 9 1
f 10 1 9
f 2 1 10
f 11 12 13
f 13 14 11
f 14 13 15
f 16 11 14
f 17 12 11
f 16 18 11
f 17 11 18
f 19 17 20
f 17 21 20
f 17 18 22
f 22 23 17
f 17 23 21
f 17 19 12
f 19 20 24
f 3 2 25
f 26 3 25
f 20 27 24
f 3 26 28
f 28 26 29
f 30 3 28
f 31 28 32
f 28 31 33
f 28 33 30
f 28 29 32
f 30 33 34
f 34 33 35
f 36 37 38
f 33 31 39
f 40 37 36
f 41 36 42
f 40 36 41
f 40 41 43
f 37 40 44
f 40 43 45
f 45 44 40
f 46 47 48
f 45 49 44
f 46 50 47
f 45 51 49
f 52 46 53
f 52 54 46
f 46 54 50
f 4 55 6
f 6 55 56
f 4 34 55
f 47 50 57
f 6 56 58
f 59 54 60
f 54 59 61
f 62 54 52
f 60 54 62
f 63 64 65
f 60 62 66
f 67 60 68
f 63 69 64
f 59 60 67
f 63 65 70
f 63 71 72
f 73 71 63
f 73 63 70
f 72 69 63
f 74 75 76
f 72 71 77
f 72 77 78
f 78 79 72
f 72 79 69
f 78 80 79
f 81 68 82
f 67 81 83
f 84 85 86
f 67 68 81
f 78 87 80
f 88 85 84
f 78 89 87
f 88 84 90
f 91 90 92
f 93 94 89
f 88 90 91
f 93 89 78
f 94 93 95
f 77 96 93
f 78 77 93
f 93 96 97
f 93 97 95
f 98 91 92
f 99 98 100
f 95 97 101
f 98 99 91
f 102 103 104
f 103 105 106
f 91 99 107
f 102 105 103
f 108 109 110
f 105 102 111
f 108 112 109
f 109 113 114
f 112 113 109
f 115 116 117
f 118 119 120
f 112 121 113
f 114 113 122
f 123 124 119
f 125 111 126
f 123 119 127
f 127 119 118
f 128 129 130
f 131 132 133
f 134 135 136
f 137 138 139
f 140 141 142
f 143 144 145
f 146 129 128
f 147 148 149
f 150 151 152
f 153 154 155
f 156 157 158
f 159 160 161
f 162 163 164
f 165 166 167
f 168 169 170
f 171 172 173
f 174 175 176
f 177 178 179
f 180 181 182
f 183 184 185
f 186 187 188
f 189 190 191
f 192 193 194
f 195 196 197
f 198 199 200
f 189 201 202
f 203 204 205
f 206 207 208
f 209 210 211
f 212 213 214
f 215 216 217
f 218 219 220
f 221 222 223
f 224 225 226
f 227 228 229
f 230 231 232
f 233 234 235
f 236 237 238
f 239 240 241
f 242 243 242
f 244 245 246
f 242 242 247
f 244 246 245
f 248 249 250
f 248 125 249
f 250 249 251
f 252 253 254
f 251 249 255
f 250 251 256
f 253 257 258
f 258 257 259
f 260 261 262
f 260 263 261
f 257 253 264
f 259 257 265
f 260 266 263
f 267 259 265
f 266 260 268
f 266 268 269
f 270 271 272
f 271 270 273
f 259 267 274
f 272 275 270
f 276 275 272
f 269 277 278
f 269 279 277
f 269 268 279
f 280 278 277
f 280 281 278
f 282 276 283
f 275 276 282
f 284 105 285
f 286 105 284
f 287 288 289
f 287 289 290
f 288 287 291
f 105 286 292
f 293 294 295
f 293 296 294
f 291 287 297
f 298 292 299
f 105 292 298
f 298 106 105
f 298 300 301
f 298 301 302
f 298 302 303
f 304 106 298
f 305 298 299
f 300 298 305
f 298 303 304
f 306 307 308
f 307 306 309
f 306 308 310
f 106 304 311
f 311 304 312
f 313 310 308
f 313 314 310
f 315 316 313
f 316 317 313
f 315 313 308
f 313 317 314
f 316 107 317
f 106 311 318
f 319 316 315
f 315 308 320
f 315 321 319
f 320 321 315
f 319 321 322
f 323 67 324
f 320 325 321
f 326 323 327
f 328 323 326
f 59 323 328
f 59 67 323
f 320 329 325
f 330 331 329
f 330 329 320
f 330 332 331
f 307 332 330
f 330 308 307
f 320 308 330
f 307 333 332
f 331 332 334
f 335 336 337
f 333 338 339
f 340 335 341
f 333 309 338
f 340 336 335
f 309 333 307
f 340 342 343
f 344 340 343
f 336 340 344
f 340 341 345
f 342 340 345
f 346 347 348
f 346 349 347
f 343 342 350
f 351 352 349
f 353 343 350
f 351 349 346
f 354 351 355
f 354 356 351
f 357 352 351
f 358 357 351
f 355 351 346
f 358 351 356
f 359 360 361
f 359 362 360
f 363 362 359
f 346 364 355
f 365 366 367
f 363 368 362
f 369 366 365
f 370 368 363
f 368 370 371
f 369 365 372
f 373 365 374
f 372 365 373
f 373 375 376
f 373 374 375
f 377 378 379
f 377 380 378
f 381 382 383
f 384 377 385
f 384 380 377
f 376 386 387
f 382 381 388
f 389 390 391
f 376 392 386
f 393 370 389
f 389 370 390
f 394 395 390
f 396 394 390
f 390 397 398
f 390 399 397
f 400 390 398
f 401 390 370
f 402 390 401
f 390 403 404
f 403 390 405
f 390 406 399
f 390 407 406
f 390 408 407
f 405 390 409
f 390 395 410
f 411 390 400
f 412 390 413
f 413 390 404
f 390 410 408
f 414 390 411
f 396 390 412
f 409 390 402
f 391 390 414
f 415 416 417
f 404 403 418
f 404 418 419
f 420 415 421
f 415 420 416
f 422 423 424
f 423 425 426
f 423 426 427
f 428 429 430
f 422 425 423
f 431 422 432
f 431 425 422
f 422 433 432
f 422 434 433
f 435 422 436
f 435 437 422
f 434 422 437
f 422 424 436
f 438 439 440
f 438 440 441
f 439 438 420
f 442 418 443
f 443 444 442
f 439 420 421
f 419 418 442
f 445 444 443
f 446 447 448
f 281 444 445
f 281 449 444
f 450 451 446
f 449 281 280
f 446 451 447
f 451 450 452
f 453 435 454
f 455 456 457
f 437 453 458
f 437 435 453
f 459 456 455
f 456 459 460
f 461 437 458
f 460 459 462
f 463 437 461
f 464 460 462
f 460 464 465
f 466 467 468
f 465 464 469
f 470 463 471
f 472 463 470
f 437 463 472
f 473 474 475
f 474 473 476
f 477 472 478
f 475 474 479
f 472 477 437
f 480 481 260
f 480 482 481
f 260 481 483
f 479 484 475
f 260 483 485
f 467 466 484
f 467 484 479
f 260 486 480
f 480 487 488
f 489 480 488
f 490 480 491
f 482 480 490
f 492 480 493
f 494 480 492
f 480 486 493
f 487 480 495
f 480 496 495
f 491 480 497
f 498 480 489
f 497 480 498
f 494 496 480
f 499 500 501
f 502 501 503
f 499 501 502
f 502 503 504
f 505 506 507
f 508 506 505
f 509 508 510
f 504 503 511
f 509 506 508
f 512 513 514
f 511 515 516
f 477 506 509
f 512 517 513
f 518 488 519
f 520 517 512
f 519 521 522
f 519 488 521
f 523 522 521
f 524 525 526
f 527 524 528
f 524 527 525
f 529 530 531
f 532 529 531
f 527 528 533
f 534 533 535
f 533 528 535
f 536 529 532
f 533 534 537
f 529 536 538
f 539 540 541
f 537 534 542
f 543 544 542
f 542 534 543
f 545 540 539
f 544 543 546
f 540 545 547
f 548 547 545
f 496 549 550
f 551 548 552
f 553 548 551
f 548 554 547
f 554 548 553
f 555 556 557
f 558 547 554
f 559 555 560
f 556 555 559
f 554 553 561
f 562 563 564
f 562 564 565
f 565 564 566
f 567 556 568
f 556 567 557
f 567 568 569
f 570 571 572
f 573 547 558
f 547 573 574
f 575 547 574
f 571 529 576
f 529 571 570
f 529 538 576
f 547 575 540
f 529 570 577
f 577 570 578
f 578 570 579
f 579 570 580
f 569 568 581
f 582 583 584
f 583 582 585
f 586 587 588
f 579 580 589
f 589 580 590
f 591 592 593
f 592 591 594
f 589 590 595
f 596 597 592
f 592 597 593
f 598 599 600
f 598 600 601
f 602 598 603
f 598 604 603
f 604 598 605
f 598 606 605
f 563 606 598
f 598 607 608
f 598 601 607
f 609 598 602
f 598 610 611
f 598 609 610
f 599 598 611
f 598 608 563
f 612 613 614
f 613 612 615
f 614 613 616
f 617 618 619
f 620 621 622
f 620 623 621
f 621 623 624
f 625 626 627
f 628 626 625
f 615 612 629
f 623 620 630
f 626 628 631
f 628 632 631
f 633 632 628
f 630 620 634
f 632 633 635
f 635 633 636
f 620 637 634
f 638 639 640
f 620 641 637
f 637 641 642
f 643 639 638
f 644 645 646
f 639 647 648
f 644 646 649
f 639 643 647
f 645 644 650
f 651 652 653
f 644 649 654
f 655 656 657
f 656 655 658
f 650 644 659
f 645 650 660
f 656 661 657
f 661 656 662
f 663 664 665
f 666 529 577
f 667 529 666
f 668 664 663
f 645 660 669
f 670 669 660
f 664 668 671
f 671 672 673
f 599 674 670
f 670 674 669
f 671 668 675
f 671 675 672
f 651 676 652
f 529 677 678
f 529 667 677
f 678 677 679
f 678 680 681
f 682 678 681
f 682 529 678
f 683 678 679
f 678 683 684
f 678 684 685
f 686 678 685
f 678 686 687
f 678 687 680
f 688 689 690
f 689 688 691
f 692 693 694
f 688 690 695
f 696 695 690
f 692 697 693
f 697 692 698
f 698 699 697
f 695 696 700
f 701 702 703
f 699 704 705
f 699 706 704
f 699 707 706
f 707 699 698
f 706 358 704
f 704 708 709
f 710 704 709
f 704 711 708
f 356 711 704
f 704 710 705
f 704 358 356
f 702 712 713
f 712 702 701
f 714 715 716
f 710 709 717
f 715 714 718
f 709 719 717
f 720 721 722
f 723 721 720
f 719 709 724
f 715 718 725
f 722 721 726
f 727 728 729
f 729 728 730
f 731 732 728
f 702 733 734
f 731 728 727
f 702 713 733
f 732 731 735
f 726 721 736
f 702 734 394
f 732 735 737
f 394 734 738
f 739 740 741
f 394 738 742
f 395 394 742
f 740 743 744
f 743 740 739
f 745 746 747
f 748 745 749
f 745 748 746
f 723 750 721
f 723 751 750
f 750 751 752
f 750 752 753
f 754 755 749
f 749 755 748
f 756 757 754
f 754 757 755
f 752 751 758
f 756 759 757
f 760 759 756
f 761 759 760
f 761 760 762
f 751 723 763
f 724 764 765
f 766 759 761
f 767 768 769
f 764 724 770
f 771 768 767
f 709 708 770
f 770 724 709
f 772 397 773
f 398 397 772
f 774 775 776
f 711 356 777
f 711 777 778
f 777 779 778
f 775 774 780
f 775 780 781
f 384 385 782
f 777 783 779
f 782 385 784
f 785 786 787
f 784 788 789
f 784 385 788
f 786 785 790
f 775 781 791
f 792 793 794
f 793 792 787
f 794 793 795
f 787 792 785
f 356 796 777
f 796 783 777
f 797 798 799
f 800 798 797
f 801 783 796
f 356 354 796
f 366 369 802
f 783 801 803
f 804 805 806
f 698 807 707
f 805 804 808
f 706 707 809
f 805 808 810
f 811 812 813
f 813 812 814
f 815 816 817
f 817 816 818
f 819 809 816
f 819 816 815
f 18 820 821
f 18 822 820
f 823 821 820
f 815 817 824
f 825 821 823
f 824 817 826
f 827 821 825
f 827 825 828
f 826 817 829
f 830 826 829
f 826 830 831
f 832 833 834
f 832 835 833
f 836 837 830
f 835 832 838
f 831 830 839
f 839 830 837
f 840 841 842
f 840 843 841
f 843 840 844
f 837 836 845
f 840 842 846
f 847 848 849
f 850 847 849
f 847 850 851
f 852 853 842
f 848 847 854
f 842 853 855
f 846 842 855
f 856 857 858
f 858 859 856
f 860 853 852
f 853 860 861
f 857 856 862
f 863 864 865
f 865 864 866
f 866 864 867
f 868 869 870
f 871 872 864
f 873 869 868
f 871 864 863
f 870 869 874
f 875 869 876
f 869 875 877
f 878 879 880
f 878 881 879
f 880 879 882
f 869 883 884
f 877 883 869
f 885 869 873
f 876 869 885
f 886 887 888
f 888 887 889
f 877 890 883
f 877 891 890
f 877 892 891
f 877 893 892
f 877 894 895
f 895 896 877
f 877 875 897
f 894 877 897
f 893 877 898
f 877 899 898
f 877 896 900
f 877 901 899
f 877 900 901
f 902 903 904
f 902 904 905
f 906 907 908
f 904 903 909
f 910 911 912
f 911 913 912
f 914 911 915
f 916 911 914
f 911 917 918
f 911 910 917
f 911 919 915
f 620 919 911
f 911 918 920
f 641 911 920
f 911 916 913
f 641 620 911
f 921 922 923
f 924 922 921
f 913 916 925
f 926 927 928
f 927 907 906
f 927 926 907
f 929 930 931
f 932 929 931
f 930 929 933
f 932 934 929
f 935 936 654
f 654 649 935
f 934 932 937
f 938 936 935
f 939 940 941
f 938 942 936
f 676 651 940
f 943 940 939
f 676 940 943
f 683 944 945
f 683 679 944
f 946 947 948
f 949 945 950
f 951 945 949
f 683 945 951
f 952 953 954
f 955 956 957
f 956 955 958
f 951 949 959
f 953 952 960
f 961 962 952
f 952 962 960
f 963 895 964
f 965 895 963
f 966 895 965
f 947 967 962
f 947 962 961
f 942 895 966
f 947 946 967
f 968 969 970
f 964 971 972
f 968 973 969
f 804 973 968
f 974 971 895
f 964 895 971
f 971 974 975
f 971 976 811
f 971 977 976
f 971 978 977
f 971 975 978
f 979 980 981
f 980 982 983
f 984 980 979
f 982 980 984
f 841 985 986
f 841 843 985
f 982 987 983
f 988 987 982
f 988 989 987
f 987 989 990
f 974 895 991
f 848 854 992
f 973 804 806
f 698 993 807
f 698 994 993
f 684 683 995
f 895 942 996
f 996 942 938
f 997 895 996
f 930 933 998
f 895 997 999
f 1000 1001 1002
f 1001 1000 1003
f 895 999 896
f 1003 1000 1004
f 1003 1004 1005
f 917 910 1006
f 1007 1008 924
f 1009 1007 1010
f 1008 1007 1009
f 924 1008 1011
f 1012 1013 1014
f 1015 1014 1013
f 1015 1016 1014
f 893 1016 1015
f 922 924 1011
f 893 898 1016
f 1017 1018 1019
f 1017 1020 1018
f 1017 1021 1020
f 1022 1021 1017
f 1023 1024 1025
f 1026 1024 1023
f 1021 1022 1027
f 1028 1029 1026
f 1029 1024 1026
f 1029 1030 1024
f 1028 1031 1029
f 1031 1032 1029
f 1033 1029 1034
f 1029 1032 1034
f 1029 1035 1036
f 1035 1029 1033
f 1030 1029 1036
f 1037 1038 1039
f 1032 1040 1041
f 1031 1040 1032
f 1042 1043 1044
f 1042 1045 1043
f 1046 1047 1048
f 1049 1047 1046
f 1046 1050 1051
f 1046 1048 1050
f 1038 1037 1052
f 1053 1054 1055
f 1053 1055 1056
f 1054 1053 1057
f 1058 1051 1050
f 1058 1059 1051
f 1060 1059 1058
f 1056 1055 1061
f 1056 1061 1062
f 1063 1064 1065
f 1064 1063 1066
f 1067 1059 1060
f 1067 1068 1059
f 1069 1068 1067
f 1063 1070 1066
f 1071 1068 1069
f 1072 1073 1070
f 1072 1070 1074
f 1074 1070 1063
f 1075 1076 1077
f 1075 1078 1076
f 1076 1078 1079
f 1076 1079 1080
f 1081 1082 1083
f 1084 1085 1086
f 1087 1078 1075
f 1084 1088 1085
f 1087 1089 1078
f 1082 1081 1090
f 1091 1092 1093
f 1087 1094 1089
f 1094 1095 1096
f 1097 1095 1094
f 1098 1092 1091
f 1094 1087 1097
f 1095 1097 1099
f 1097 1087 1100
f 1101 1097 1100
f 1099 1097 1102
f 1103 1104 1097
f 1097 1105 1103
f 1097 1104 1102
f 1097 1101 1105
f 1106 1107 1108
f 1106 1109 1107
f 1054 1057 1110
f 1111 1109 1106
f 1048 1047 1112
f 1113 1114 1115
f 1114 1113 1116
f 1115 1114 1117
f 1118 1119 1120
f 1118 1121 1119
f 1122 1123 1124
f 1125 1118 1126
f 1118 1125 1121
f 1121 1125 1127
f 1128 1129 1130
f 1131 1132 1133
f 1128 1134 1129
f 1135 1134 1128
f 1136 1137 1138
f 1136 1138 1139
f 1134 1135 1140
f 1141 1142 1143
f 1141 1143 1144
f 1136 1139 1145
f 1146 1136 1145
f 1142 1141 1147
f 1142 1147 1148
f 1149 1146 1150
f 1151 1146 1149
f 1148 1152 1153
f 1151 1136 1146
f 1148 1147 1152
f 1154 1155 1156
f 1156 1155 1157
f 1155 1154 1158
f 1159 1160 1161
f 1158 1154 1162
f 1159 1163 1160
f 1163 1159 1164
f 1162 1154 1165
f 1163 1164 1166
f 1166 1164 1167
f 1167 1164 1168
f 1165 1154 1169
f 1170 1167 1168
f 1169 1154 1171
f 1169 1171 1172
f 1173 1174 1175
f 1167 1170 1176
f 1177 1178 1179
f 1180 1181 1182
f 1183 1184 1185
f 1186 1187 1188
f 1189 1190 1191
f 1192 1178 1177
f 1193 1194 1195
f 1196 1197 1198
f 1199 1200 1201
f 1202 1203 1204
f 1205 1206 1207
f 1208 1209 1199
f 1210 1211 1212
f 1213 1214 1215
f 1216 1217 1218
f 1219 1220 1221
f 1222 1223 1224
f 1225 1226 1227
f 1228 1229 1230
f 1231 1232 1233
f 1234 1235 1236
f 1237 1238 1239
f 1240 1241 1242
f 1243 1244 1245
f 1246 1247 1248
f 1249 1250 1251
f 1252 1253 1254
f 1255 1256 1257
f 1258 1259 1260
f 1261 1262 1263
f 1173 1264 1174
f 1265 1266 1267
f 1268 1269 1270
f 1271 1272 1273
f 1274 1181 1275
f 1276 1195 1277
f 1278 1279 1280
f 1277 1195 1277
f 1281 1282 1281
f 1281 1278 1278
f 1277 1195 1277
f 1278 1278 1281
f 1277 1195 1195
f 1177 1283 1284
f 1285 1286 1287
f 1177 1179 1283
f 1288 1151 1289
f 1136 1288 1290
f 1136 1151 1288
f 1285 1291 1286
f 1136 1290 1292
f 1285 1293 1291
f 1293 1294 1291
f 1291 1294 1295
f 1292 1290 1296
f 1297 1298 1299
f 1300 1299 1298
f 1298 1297 1301
f 1293 1302 1294
f 1293 1303 1302
f 1304 1300 1305
f 1299 1300 1304
f 1306 1299 1304
f 1304 1307 1308
f 1309 1304 1308
f 1307 1304 1305
f 1306 1304 1309
f 1309 1308 1310
f 1309 1311 1306
f 1310 1312 1309
f 1309 1312 1311
f 1313 52 1314
f 62 52 1313
f 1310 1315 1312
f 1313 1314 1316
f 1317 1318 1319
f 1317 1320 1318
f 1314 52 1321
f 1322 1306 1311
f 1306 1322 1323
f 1320 1317 1324
f 1297 1323 1325
f 1299 1323 1297
f 1323 1299 1306
f 1325 1323 1326
f 1327 1324 1317
f 1327 1328 1324
f 1317 1329 1327
f 1330 1327 1329
f 1327 1330 1331
f 1331 1328 1327
f 1332 1333 1334
f 1332 1334 1136
f 1333 1332 1335
f 1136 1292 1332
f 1335 1332 1336
f 1330 1329 1337
f 1338 1337 1329
f 1338 1339 1337
f 1340 43 1338
f 43 1341 1338
f 1340 1338 1329
f 1338 1341 1339
f 43 1342 1341
f 1333 1335 1343
f 45 43 1340
f 1340 1329 1344
f 1340 51 45
f 1344 51 1340
f 1344 1319 1345
f 1317 1319 1344
f 1344 1329 1317
f 1344 1345 51
f 41 1342 43
f 41 1346 1342
f 1347 1334 1333
f 42 1346 41
f 1346 42 1348
f 1349 1347 1350
f 1349 1334 1347
f 27 1351 1352
f 1334 1349 1353
f 1351 1354 1355
f 27 20 1351
f 20 1354 1351
f 1356 1357 1358
f 1355 1354 1359
f 20 1360 1354
f 1361 1362 1363
f 1364 1365 1366
f 1367 1365 1364
f 20 21 1360
f 1368 1364 1369
f 1367 1364 1368
f 1370 1371 1372
f 1368 1369 1373
f 1374 1375 1376
f 1370 1372 1377
f 1375 1374 1378
f 1378 1374 1379
f 1380 1381 1382
f 1383 1384 1385
f 1386 1381 1387
f 1388 1381 1386
f 1389 1390 1384
f 1384 1391 1389
f 1384 1383 1391
f 1382 1381 1388
f 1392 1393 1394
f 1395 1396 1397
f 1398 1388 1399
f 1396 1395 1400
f 1382 1388 1398
f 1401 1402 1378
f 1393 1402 1401
f 1401 1378 1379
f 1402 1393 1403
f 1365 1367 1404
f 1365 1404 1405
f 1393 1392 1403
f 1365 1405 1406
f 1407 1408 1409
f 1407 1406 1408
f 1410 1411 1412
f 1407 1409 1413
f 1414 1415 1411
f 1416 1411 1410
f 1414 1411 1416
f 1386 1417 1418
f 1418 1417 1419
f 1386 1387 1417
f 1415 1414 1420
f 1421 1422 1423
f 1423 1422 1424
f 1415 1420 1425
f 1426 1407 1427
f 1407 1428 1427
f 1429 1422 1421
f 1422 1429 1430
f 1426 1427 1431
f 1432 1433 1434
f 1435 1436 1437
f 1435 1438 1436
f 1439 1407 1426
f 1426 1431 1440
f 1441 1442 1443
f 1443 1444 1445
f 1443 1442 1444
f 1446 1445 1444
f 1444 1447 1446
f 1442 1448 1444
f 1444 1449 1447
f 1444 1448 1449
f 1450 1451 1452
f 1451 1450 1453
f 1454 1455 1456
f 1452 1451 1457
f 1458 1459 1460
f 1461 1459 1458
f 1462 1454 1463
f 1454 1462 1455
f 1463 1454 1464
f 1460 1459 1465
f 1466 1463 1464
f 1465 1068 1467
f 1465 1459 1068
f 1467 1068 1468
f 1469 1470 1471
f 1463 1466 1472
f 1470 1469 1473
f 1474 1475 1476
f 1476 1477 1478
f 1476 1475 1477
f 1476 1479 1480
f 1476 1478 1479
f 1473 1469 1481
f 1482 1483 1484
f 1485 1475 1474
f 1485 1474 1486
f 1486 1474 1487
f 1483 1482 1488
f 1483 1488 1489
f 1483 1489 1490
f 1491 1407 1492
f 1493 1407 1491
f 1490 1489 1494
f 1492 1407 1439
f 1490 1494 1495
f 1495 1494 1433
f 1495 1433 1496
f 1485 1486 1497
f 1498 1407 1493
f 1433 1499 1496
f 1500 1475 1485
f 1499 1433 1432
f 1501 1446 1502
f 1407 1498 1068
f 1068 1498 1468
f 1068 1459 1503
f 1459 1461 1504
f 1505 1506 1507
f 1459 1504 1508
f 1506 1505 1509
f 1509 1510 1506
f 1442 1511 1448
f 1442 1512 1511
f 1513 1068 1503
f 1510 1514 1515
f 1514 1510 1516
f 1516 1510 1509
f 1068 1513 1059
f 1514 1517 1515
f 1518 1519 1520
f 1519 1518 1521
f 1512 1521 1518
f 1036 1035 1522
f 1520 1519 1523
f 1521 1524 1519
f 1521 1525 1526
f 1524 1521 1526
f 1527 1521 1528
f 1525 1521 1527
f 1521 1529 1528
f 1512 1529 1521
f 1530 1531 1532
f 881 1531 1530
f 1531 881 1533
f 1534 821 827
f 821 1534 1529
f 1535 1536 1537
f 1534 827 1538
f 1535 874 1536
f 1539 1540 1541
f 1541 1540 1542
f 1542 1540 1543
f 870 874 1535
f 1535 1537 1544
f 827 828 1545
f 828 858 1545
f 1529 1512 821
f 881 878 1533
f 821 1512 1442
f 1446 1501 1445
f 22 18 1442
f 1442 1441 22
f 1442 18 821
f 1389 1441 1546
f 22 1441 1389
f 1390 1389 1546
f 1407 1413 1428
f 1365 1406 1407
f 1547 1407 1548
f 1407 1547 1549
f 1407 1550 1548
f 1407 1551 1550
f 1407 1552 1553
f 1407 1554 1552
f 1407 1549 1554
f 1407 1555 1551
f 1068 1555 1407
f 1407 1553 1365
f 1556 1557 1558
f 1559 1560 1557
f 1559 1557 1556
f 1561 1560 1559
f 1562 1563 1564
f 1565 1566 1561
f 1561 1566 1560
f 1562 1567 1563
f 1563 1567 1568
f 1569 1567 1562
f 1569 1570 1567
f 1571 1565 1572
f 1573 1574 1575
f 1357 1576 1577
f 1570 1353 1578
f 1334 1570 1569
f 1334 1353 1570
f 1574 1573 1579
f 1577 1576 1580
f 1365 1553 1581
f 1334 1569 1582
f 1583 1584 1585
f 1586 1587 1584
f 1584 1583 1586
f 1588 1548 1589
f 1547 1548 1588
f 1588 1589 1120
f 1588 1120 1119
f 1132 1587 1586
f 1590 1116 1591
f 1116 1113 1591
f 1587 1132 1131
f 1137 1334 1582
f 1565 1571 1566
f 1592 1590 1593
f 1116 1590 1592
f 1098 1594 1595
f 1092 1098 1595
f 1068 1596 1555
f 1594 1597 1598
f 1597 1594 1098
f 1594 1598 1599
f 1096 1095 1600
f 1391 22 1389
f 22 1391 23
f 1356 1576 1357
f 1348 42 1601
f 32 29 1602
f 1137 1136 1334
f 1328 1331 1603
f 1328 1603 1604
f 1308 75 1310
f 1310 74 1315
f 1310 75 74
f 1605 1606 1303
f 1607 1608 1606
f 1308 1307 1609
f 1607 1606 1605
f 1605 1303 1293
f 1610 1611 1605
f 1610 1605 1612
f 1612 1605 1293
f 1613 1607 1605
f 1613 1605 1611
f 1614 1611 1615
f 1611 1614 1616
f 1611 1610 1617
f 1611 1617 1615
f 1616 1613 1611
f 1616 1614 1618
f 1619 1613 1616
f 1620 1619 1616
f 1620 1616 1621
f 1616 1618 1622
f 1623 1616 1622
f 1616 1623 1621
f 1624 1625 1626
f 1627 1628 1629
f 1622 1618 1630
f 1626 1625 1631
f 1632 1633 1630
f 1630 1633 1622
f 1634 1635 1636
f 1637 1622 1633
f 1633 1632 1638
f 1634 1639 1635
f 1634 1640 1639
f 1640 1634 1641
f 1642 1643 1644
f 1643 1642 1645
f 1154 1646 1628
f 1154 1647 1646
f 1643 1645 1648
f 1644 1643 1649
f 1649 1643 1650
f 1651 1650 1652
f 1154 1653 1647
f 1649 1650 1651
f 1651 1652 1654
f 1655 1640 1656
f 1639 1655 1657
f 1639 1640 1655
f 1654 1652 1658
f 1659 1654 1658
f 1654 1659 1660
f 1154 1661 1662
f 1663 1661 1154
f 1664 1665 1666
f 1661 1663 1667
f 1668 1663 1154
f 1669 1663 1670
f 1669 1671 1663
f 1663 1672 1673
f 1663 1674 1672
f 1663 1675 1676
f 1663 1677 1675
f 1663 1678 1677
f 1663 1668 1678
f 1663 1673 1679
f 1663 1679 1670
f 1663 1680 1667
f 1663 1671 1680
f 1663 1676 1674
f 1681 1682 1683
f 1681 1683 1684
f 1669 1685 1671
f 1684 1683 1686
f 1687 1688 1689
f 1636 1635 1690
f 1690 1635 1691
f 1692 1687 1693
f 1669 1694 1685
f 1687 1692 1688
f 1622 1637 1695
f 1623 1622 1695
f 1682 1681 1696
f 1697 1698 1699
f 1698 1700 1699
f 1697 1701 1698
f 1702 1700 1698
f 1031 1703 1704
f 1031 1705 1703
f 1700 1702 1706
f 1707 1708 1709
f 1031 1710 1705
f 1711 1707 1712
f 1707 1711 1708
f 1710 1031 1713
f 1712 1707 1714
f 1031 1715 1713
f 1712 1714 1716
f 1031 1717 1715
f 1712 1716 1718
f 1715 1717 1719
f 1720 1721 1722
f 1720 1722 1723
f 1724 1725 1726
f 1717 1727 1728
f 1717 1729 1727
f 1717 1730 1729
f 1717 1031 1730
f 1731 1732 1733
f 1731 1734 1732
f 1734 1731 1735
f 1031 1736 1730
f 1737 1738 1739
f 1740 1738 1737
f 1739 1741 1737
f 1734 1735 1742
f 1012 1740 1743
f 1740 1012 1744
f 1740 1744 1738
f 1745 1746 1747
f 1746 1745 1748
f 1743 1740 1749
f 1750 1751 1752
f 1750 1753 1751
f 1754 1750 1755
f 1753 1750 1754
f 919 1756 1757
f 620 1756 919
f 1758 1759 1760
f 1756 620 1761
f 1758 1762 1759
f 1762 1758 1763
f 620 1764 1761
f 1763 1765 1766
f 1762 1763 1766
f 620 1767 1764
f 1765 1763 1768
f 603 1769 1770
f 1771 603 1770
f 1765 1768 1772
f 1770 1769 1773
f 1774 603 1771
f 1775 1776 1777
f 1775 1778 1776
f 1778 1775 1779
f 1767 1780 1781
f 1778 1779 1782
f 618 1783 1784
f 1780 620 622
f 620 1780 1767
f 1785 603 1774
f 602 603 1785
f 617 1783 618
f 1769 603 1786
f 1787 1788 1789
f 1788 1787 1790
f 1791 1732 1792
f 1773 1769 1741
f 1786 603 1793
f 1788 1790 1794
f 1794 1790 1795
f 1793 603 1796
f 1794 1795 1797
f 1797 1795 1798
f 1799 1797 1798
f 1797 1799 1800
f 1728 1801 1802
f 1803 603 1804
f 1803 1804 1805
f 1796 603 1803
f 1725 1724 1806
f 1801 1727 1807
f 1728 1727 1801
f 1773 1741 1739
f 1745 1808 1748
f 1808 1745 1809
f 1027 1022 1810
f 1012 1743 1013
f 1031 1811 1736
f 1031 1028 1811
f 1733 1732 1791
f 1804 1812 1813
f 1804 1814 1812
f 1804 1815 1814
f 1816 1721 1720
f 1804 1813 1817
f 1804 1817 1818
f 1815 1804 603
f 1819 1820 1821
f 1822 1823 1824
f 1815 603 1825
f 603 604 1825
f 1826 1822 1827
f 1822 1826 1823
f 1828 1829 1830
f 1831 1829 1828
f 1832 1833 1828
f 1826 1834 1835
f 1828 1830 1836
f 1832 1828 1836
f 1834 1826 1827
f 1832 1837 1833
f 1838 1839 1840
f 1841 1840 1839
f 1837 1832 1842
f 1839 1838 1843
f 1844 1845 1846
f 1847 1848 1849
f 1845 1844 1850
f 1845 1850 1851
f 1833 1837 1852
f 1851 1850 1853
f 1833 1852 1854
f 1853 1850 1855
f 1853 1855 1856
f 1856 1820 1819
f 1856 1855 1820
f 1857 1847 1858
f 1840 1859 1860
f 1841 1859 1840
f 1847 1857 1848
f 1818 1817 1861
f 1818 1861 1862
f 1857 1858 1863
f 1864 1861 1865
f 1862 1861 1864
f 1866 1867 1868
f 1869 1816 1870
f 1869 1870 1871
f 1872 1873 1867
f 1872 1867 1874
f 1874 1867 1866
f 1875 1876 1877
f 1876 1875 1878
f 1879 1613 1872
f 1873 1872 1619
f 1872 1613 1619
f 1876 1880 1877
f 1613 1879 1881
f 1880 1876 1882
f 1883 1607 1881
f 1880 1882 1884
f 1881 1607 1613
f 1885 1886 1882
f 1882 1886 1887
f 1887 1884 1882
f 1885 1882 1876
f 1884 1887 1888
f 1889 71 1890
f 1891 71 1889
f 1884 1888 1892
f 1892 1888 1893
f 1890 1894 1895
f 1894 1890 71
f 1896 1897 1898
f 1897 1896 1308
f 1894 71 1899
f 1900 1308 1896
f 1308 1900 75
f 71 73 1899
f 1901 1902 1903
f 1607 1901 1608
f 1308 1609 1897
f 1901 1607 1902
f 1607 1883 1902
f 1885 1876 1904
f 1905 1885 112
f 1885 1905 1886
f 1885 1906 112
f 1904 1907 1885
f 1885 1907 1906
f 1908 1909 1910
f 112 1906 121
f 1908 1910 1911
f 1912 1909 1908
f 1913 1914 1915
f 1916 1917 1918
f 1917 1916 1919
f 1913 1915 1920
f 131 1912 1921
f 1912 131 1909
f 1922 1923 1919
f 1919 1916 1924
f 1922 1919 1924
f 1925 1923 1922
f 1926 1927 1928
f 1928 1927 1929
f 1930 1931 1932
f 1931 1930 1933
f 1934 1935 1936
f 1934 1925 1935
f 1927 1937 1938
f 1926 1937 1927
f 131 1939 1940
f 131 1940 260
f 260 1940 1941
f 1938 1937 1942
f 1943 1944 1945
f 1946 1937 1926
f 1947 1945 1948
f 1945 1947 1949
f 1945 1949 1943
f 1949 1904 1943
f 1944 1943 1950
f 1943 1951 1950
f 1904 1951 1943
f 1952 1953 1954
f 1955 1956 1957
f 1955 1957 1958
f 1951 551 1959
f 551 1951 1904
f 1960 1961 1962
f 1963 1964 1965
f 1966 260 1955
f 1955 260 1956
f 1960 1962 1967
f 1968 1969 1970
f 1968 1971 1969
f 1959 1970 1969
f 1970 1972 1968
f 1959 551 1970
f 1970 1973 1972
f 551 1974 1970
f 1970 1974 1973
f 1975 1976 1977
f 1976 1975 1978
f 1979 496 1980
f 1980 496 494
f 1981 1982 1983
f 1977 1976 1984
f 1981 1985 1982
f 1986 1987 1988
f 1986 1988 1989
f 1990 1985 1981
f 1985 1990 1991
f 1992 1993 1994
f 1993 1992 1995
f 1996 1997 1986
f 1986 1997 1987
f 1994 1993 1998
f 1999 2000 2001
f 2002 1997 1996
f 2002 1996 2003
f 2003 1996 2004
f 2002 2003 2005
f 2006 2007 2008
f 2000 2009 2006
f 2006 2009 2007
f 2010 260 1966
f 2011 260 2010
f 2008 2007 1964
f 2012 260 2011
f 2000 2013 2009
f 486 260 2012
f 2000 1999 2013
f 2008 1964 2014
f 1963 2014 1964
f 2014 1963 2015
f 2016 1997 2002
f 1971 1968 2017
f 496 1979 549
f 551 552 1974
f 260 2018 1956
f 2019 1952 2020
f 2021 1952 2019
f 1953 1952 2021
f 1938 2022 2023
f 1938 1942 2022
f 2024 2025 2026
f 2024 2027 2025
f 1938 2023 2028
f 2029 2027 2024
f 2027 2029 2030
f 2030 2029 2031
f 260 1941 2032
f 260 2032 2033
f 2030 2031 2034
f 260 2033 2018
f 131 1921 1939
f 1925 1934 1923
f 1904 1949 1907
f 1904 1876 551
f 77 1891 2035
f 96 77 2035
f 1905 112 2036
f 71 1891 77
f 551 1876 553
f 1876 1878 553
f 2037 553 1878
f 1874 1866 2038
f 2039 553 2037
f 2038 1866 1859
f 1620 1873 1619
f 1873 1620 1712
f 1873 1712 2040
f 1816 1869 2041
f 1712 2042 2040
f 1712 1718 2042
f 1721 1816 2041
f 1859 1866 1860
f 2043 553 2039
f 2043 2039 2044
f 1859 2045 2046
f 1859 1841 2045
f 2043 2044 2047
f 2048 2049 2044
f 2044 2049 2047
f 2050 2051 2052
f 2053 2051 2050
f 2054 2053 2055
f 2054 2051 2053
f 2056 2057 2049
f 2049 2048 2056
f 2058 2059 2060
f 2057 2056 2061
f 2059 2058 2062
f 2062 2058 2063
f 1829 2064 2065
f 2066 563 562
f 2067 2068 2062
f 2069 563 2066
f 2067 2062 2063
f 2064 1831 2070
f 2071 2068 2067
f 2070 1831 2072
f 2071 2073 2068
f 2073 2071 2074
f 2073 2074 2075
f 606 563 2076
f 2076 563 2069
f 2064 1829 1831
f 565 2077 2078
f 2079 2043 2080
f 2079 553 2043
f 565 566 2077
f 1835 1834 2081
f 1712 1620 1711
f 2082 2083 2084
f 2083 2082 1706
f 1700 1706 2082
f 1701 2085 2086
f 2085 1701 1697
f 1040 1031 1704
f 2087 2088 2089
f 1673 2088 2087
f 2086 2085 2090
f 2089 2091 2087
f 1047 2091 2089
f 1047 1049 2091
f 2092 1037 2093
f 1037 2092 1052
f 2094 2095 2096
f 2096 2095 2097
f 2095 2094 2098
f 2099 1103 2100
f 1103 2101 2100
f 2098 2094 2102
f 1103 1105 2101
f 1109 1111 2103
f 2099 2104 1103
f 2096 2097 2105
f 2106 2099 2107
f 2108 2099 2106
f 2104 2099 2108
f 2106 2109 2110
f 2111 2112 2113
f 2106 2107 2109
f 2114 2115 2116
f 2113 2112 2117
f 2109 2107 2118
f 2119 2120 2121
f 2110 2109 2122
f 2121 2120 2123
f 2123 2120 2124
f 2123 2112 2111
f 2123 2124 2112
f 2119 2125 2126
f 2125 2119 2127
f 2119 2126 2120
f 2105 2097 2128
f 1673 2129 2088
f 1673 1672 2129
f 1103 2104 2130
f 2130 2104 2131
f 2132 2133 2134
f 2132 2134 2135
f 2130 2131 2136
f 2133 2137 2138
f 2133 2132 2139
f 2133 2139 2137
f 2140 1154 2141
f 1668 1154 2140
f 2142 2138 2137
f 2143 2144 2145
f 2141 1154 1156
f 2138 2142 2146
f 1103 2130 2147
f 2143 2148 2144
f 2148 2143 2149
f 2150 2148 2149
f 1103 2147 2151
f 2150 2152 2148
f 2152 2150 2153
f 2154 2155 2156
f 2156 1157 2154
f 2157 1157 2156
f 1125 2155 2154
f 1125 1126 2155
f 1123 2158 2159
f 2152 2153 2160
f 2161 1103 2151
f 1103 2161 1104
f 1123 2162 2158
f 1104 2161 2163
f 2162 1123 1122
f 1156 1157 2157
f 2115 2114 2164
f 2165 1664 2166
f 2167 1669 2168
f 1694 1669 2167
f 1665 1664 2165
f 1154 1662 1653
f 1154 1628 2169
f 2169 1628 1627
f 2170 1154 2169
f 2171 2172 2173
f 2171 2174 2172
f 2171 2173 2175
f 2174 2171 2176
f 2177 1154 2170
f 2178 2179 2180
f 2179 2178 2181
f 2182 2180 2179
f 2183 2184 2185
f 2186 2184 2183
f 2187 2182 2188
f 2189 2190 2191
f 2192 2193 2184
f 2192 2184 2194
f 2194 2184 2186
f 2195 1154 2196
f 2197 1154 2195
f 2182 2187 2198
f 2190 2189 2199
f 2196 1154 2177
f 2182 2198 2180
f 2200 1171 2197
f 2197 1171 1154
f 2201 2202 2203
f 2202 2201 2204
f 2205 1171 2200
f 2201 2206 2204
f 2207 1171 2205
f 2208 2209 2206
f 2208 2206 2201
f 2210 2209 2208
f 2193 2211 2212
f 2193 2213 2211
f 2214 2209 2210
f 2192 2213 2193
f 2213 2192 2215
f 2216 2214 2217
f 2214 2216 2209
f 2218 2219 2220
f 2221 2222 2223
f 2219 2218 1617
f 2224 2225 2226
f 2226 2225 2227
f 2228 2222 2221
f 2224 2207 2225
f 2229 1293 1285
f 1293 2229 1612
f 2230 2231 2232
f 1171 2224 2233
f 1171 2207 2224
f 1617 2218 1615
f 1615 2218 2234
f 1614 1615 2235
f 1615 2234 2235
f 1149 2236 2237
f 1149 1150 2236
f 2236 1150 2238
f 1596 1068 2239
f 2239 1068 2240
f 1088 1084 1073
f 2240 1068 1071
f 1088 1073 1072
f 1045 1042 1517
f 1045 1517 1514
f 1024 1030 2241
f 1025 2242 2243
f 1025 1024 2242
f 2244 2245 2246
f 2243 2247 2248
f 2243 2242 2247
f 2245 2244 2249
f 2250 2251 2244
f 2244 2251 2249
f 2252 2253 2250
f 2250 2253 2251
f 2254 2252 2255
f 2252 2254 2253
f 2256 2257 2258
f 2257 2256 2259
f 934 937 2260
f 895 894 991
f 2261 886 871
f 887 886 2261
f 871 886 872
f 2262 852 2263
f 851 850 2264
f 860 852 2262
f 1539 1541 2265
f 828 859 858
f 859 828 2266
f 989 988 2267
f 811 976 812
f 835 838 2268
f 819 358 706
f 809 819 706
f 2269 358 819
f 822 18 2270
f 18 16 2270
f 358 2269 2271
f 814 812 2272
f 698 2273 994
f 698 692 2273
f 702 394 2274
f 691 688 2275
f 394 2276 2274
f 2277 691 2275
f 394 2278 2276
f 2278 2279 2280
f 2278 2281 2279
f 2282 2283 2277
f 2278 2280 2284
f 2277 2283 691
f 394 2281 2278
f 2285 2286 2287
f 2285 2287 2288
f 394 2289 2281
f 2286 2285 2290
f 2291 2292 2293
f 2285 2288 2294
f 2295 2291 2296
f 2295 2292 2291
f 2294 2288 2297
f 2297 2288 2298
f 2297 2298 2299
f 2295 2296 2300
f 2297 2299 2301
f 394 2302 2303
f 2304 2299 2305
f 394 2306 2302
f 2301 2299 2304
f 2307 2308 2309
f 394 2310 2306
f 2308 2307 2311
f 2312 2313 2314
f 425 431 2315
f 2315 431 2295
f 2313 2312 2316
f 394 396 2310
f 394 2303 2289
f 2295 431 2292
f 2317 2318 2319
f 2320 2318 2317
f 2320 2321 2318
f 2284 2280 2322
f 2322 2323 2284
f 2321 2324 2325
f 2326 2323 2322
f 2324 2321 2320
f 2326 2327 2323
f 2328 2282 2329
f 2330 2331 2332
f 2332 2331 2333
f 2334 2331 2330
f 530 682 2335
f 2331 2334 2336
f 2327 2326 523
f 523 2326 2337
f 2337 2326 2338
f 2339 2340 2341
f 2325 2324 2342
f 2340 2339 2343
f 2340 2344 2341
f 2345 520 2346
f 523 2337 522
f 2345 2346 2347
f 2344 2340 2348
f 2349 437 2350
f 437 477 2350
f 520 2345 517
f 434 437 2349
f 2283 2282 2328
f 529 682 530
f 599 611 674
f 587 586 2351
f 587 2351 597
f 587 597 596
f 563 608 2352
f 553 2079 561
f 515 511 2353
f 489 488 518
f 511 503 2353
f 500 499 2354
f 500 2354 2355
f 2356 2357 2358
f 477 478 506
f 2357 2356 2359
f 260 485 268
f 2313 2316 2360
f 2360 2361 428
f 429 428 2361
f 2360 2316 2361
f 2362 2363 2364
f 296 293 2364
f 296 2364 2363
f 2365 2366 2367
f 2368 2369 2367
f 2365 2367 2369
f 2370 2366 2365
f 2371 2372 2373
f 2374 2372 2371
f 2374 2371 2375
f 2376 2377 2378
f 300 305 2374
f 2369 2368 2379
f 2374 305 2372
f 2380 2370 2381
f 2363 2362 2382
f 2370 2380 2383
f 2370 2383 2366
f 2384 2385 2386
f 2387 2388 2389
f 401 370 2390
f 2377 2376 2391
f 2392 2393 2394
f 392 376 375
f 2395 370 393
f 380 384 2396
f 371 370 2395
f 370 363 2397
f 2398 2399 2392
f 2392 2399 2393
f 2399 2398 2400
f 2401 2402 2403
f 301 300 2404
f 2405 2406 2407
f 364 346 2401
f 2401 2408 2402
f 2401 346 2408
f 2271 357 358
f 357 2409 2410
f 2411 357 2410
f 2409 357 2271
f 357 2411 2412
f 357 2412 352
f 2413 2414 2415
f 2414 2413 2416
f 2411 2410 2417
f 2415 2418 2413
f 2419 2415 2414
f 2415 2419 2420
f 2415 2420 2421
f 343 353 2415
f 2422 343 2415
f 2415 353 2418
f 2422 2415 2421
f 2421 2423 2422
f 2422 2423 2424
f 2422 2424 344
f 344 343 2422
f 328 326 2425
f 336 2424 2426
f 344 2424 336
f 2421 2427 2423
f 2421 2428 2427
f 2421 2429 2428
f 2429 2421 2420
f 5 6 2430
f 6 58 2430
f 2431 15 2432
f 9 8 2433
f 14 15 2431
f 346 348 2408
f 345 341 2434
f 2408 348 2435
f 303 302 2436
f 88 316 319
f 319 85 88
f 319 322 85
f 88 91 316
f 91 107 316
f 281 445 2437
f 105 248 285
f 260 262 132
f 253 252 264
f 260 132 131
f 105 125 248
f 1909 131 2438
f 105 111 125
f 112 108 2036
f 30 34 4
f 4 3 30
f 2439 2440 2441
f 2442 2439 2441
f 2443 2441 2444
f 2444 2441 2445
f 2445 2441 2446
f 2441 2440 2446
f 2442 2441 2443
f 2439 2442 2447
f 2448 2449 2450
f 2451 2448 2450
f 2449 2448 2452
f 2453 2448 2451
f 2452 2448 2454
f 2448 2455 2454
f 2456 2448 2453
f 2455 2448 2456
f 2457 2458 2459
f 2458 2457 2460
f 2459 2461 2457
f 2462 2459 2463
f 2459 2464 2463
f 2458 2465 2459
f 2459 2465 2464
f 2461 2459 2462
f 2466 2454 2455
f 2462 2467 2468
f 2469 2454 2466
f 2462 2463 2467
f 2470 2471 2472
f 2470 2472 2473
f 2467 2464 2474
f 2467 2463 2464
f 2474 2464 2475
f 2470 2476 2471
f 2477 2476 2470
f 2477 2470 2478
f 2478 2470 2479
f 2475 2480 2481
f 2475 2464 2480
f 2481 2482 2483
f 2484 2485 2486
f 2486 2485 2487
f 2488 2485 2484
f 2488 2489 2485
f 2487 2485 2490
f 2489 2491 2485
f 2485 2491 2490
f 2492 2490 2491
f 2492 2493 2490
f 2487 2490 2493
f 2494 2495 2496
f 2496 2495 2497
f 2493 2492 2498
f 2495 2494 2477
f 2477 2494 2476
f 2499 2454 2500
f 2494 2496 2501
f 2499 2502 2454
f 2499 2503 2502
f 2504 2503 2499
f 2501 2496 2505
f 2506 2503 2504
f 2506 2504 2507
f 2508 2509 2510
f 2508 2510 2511
f 2512 2513 2514
f 2513 2512 2515
f 2516 2517 2511
f 2508 2511 2517
f 2516 2518 2517
f 2519 2518 2516
f 2512 2520 2515
f 2520 2512 2521
f 2520 2521 2522
f 2518 2519 2523
f 2522 2524 2520
f 2524 2522 2525
f 2526 2527 2522
f 2522 2527 2525
f 2522 2528 2526
f 2522 2521 2528
f 2526 2528 2529
f 2530 2531 2532
f 2532 2533 2534
f 2532 2531 2533
f 2530 2497 2531
f 2535 2536 2537
f 2498 2492 2535
f 2535 2492 2536
f 2536 2538 2539
f 2538 2536 2492
f 2536 2539 2540
f 2541 2536 2540
f 2541 2542 2536
f 2537 2536 2542
f 2542 2541 2543
f 2544 2542 2543
f 2544 2545 2542
f 2546 2542 2545
f 2537 2542 2546
f 2547 2548 2549
f 2547 2550 2548
f 2550 2547 2551
f 2552 2548 2550
f 2553 2554 2550
f 2553 2550 2551
f 2555 2552 2550
f 2555 2550 2554
f 2554 2553 2556
f 2556 2557 2554
f 2558 2554 2557
f 2554 2558 2555
f 2559 2560 2561
f 2559 2562 2560
f 2563 2562 2559
f 2564 2565 2566
f 2558 2557 2567
f 2568 2569 2565
f 2570 2563 2571
f 2562 2563 2570
f 2568 2565 2564
f 2572 2573 2574
f 2572 2557 2573
f 2567 2557 2572
f 2575 2569 2568
f 2574 2573 2576
f 2574 2576 2577
f 2578 2569 2575
f 2577 2576 2579
f 2579 2580 2577
f 2578 2581 2582
f 2583 2581 2578
f 2578 2582 2569
f 2584 2585 2586
f 2587 2585 2584
f 2587 2571 2585
f 2570 2571 2587
f 2588 2589 2590
f 2588 2591 2589
f 2588 2592 2591
f 2593 2592 2588
f 2594 2595 2596
f 2597 2595 2594
f 2594 2596 2598
f 2599 2600 2592
f 2599 2592 2593
f 2601 2599 2602
f 2599 2601 2603
f 2604 2599 2605
f 2602 2599 2604
f 2599 2603 2606
f 2599 2606 2607
f 2599 2607 2608
f 2599 2608 2609
f 2610 2586 2611
f 2584 2586 2610
f 2610 2611 2612
f 2599 2609 2600
f 2605 2599 2613
f 2614 2615 2616
f 2616 2615 2617
f 2618 2615 2619
f 2620 2615 2618
f 2617 2615 2620
f 2615 2621 2619
f 2621 2615 2622
f 2614 2622 2615
f 2623 2624 2622
f 2622 2614 2623
f 2624 2625 2622
f 2621 2622 2626
f 2626 2622 2627
f 2622 2625 2627
f 2628 2629 2630
f 2628 2630 2631
f 2628 2632 2629
f 2633 2632 2628
f 2634 2635 2632
f 2634 2632 2633
f 2636 2629 2632
f 2636 2632 2635
f 2637 2638 2639
f 2637 2640 2638
f 2641 2642 2637
f 2636 2635 2643
f 2637 2644 2640
f 2645 2636 2646
f 2629 2636 2645
f 2637 2647 2644
f 2637 2642 2647
f 2648 2649 2650
f 2648 2651 2649
f 2652 2651 2648
f 2641 2653 2642
f 2641 2654 2653
f 2655 2651 2652
f 2656 2657 2655
f 2655 2657 2651
f 2641 2658 2654
f 2641 2659 2658
f 2660 2661 2656
f 2656 2661 2657
f 2660 2662 2661
f 2662 2663 2661
f 2663 2664 2661
f 2661 2664 2657
f 2665 2666 2662
f 2666 2663 2662
f 2667 2662 2660
f 2667 2665 2662
f 2668 2669 2665
f 2670 2668 2665
f 2669 2666 2665
f 2670 2665 2667
f 2671 2672 2673
f 2674 2668 2670
f 2671 2675 2672
f 2676 2671 2677
f 2678 2671 2676
f 2679 2680 2681
f 2643 2682 2679
f 2671 2659 2641
f 2679 2682 2680
f 2671 2673 2659
f 2671 2683 2675
f 2671 2678 2683
f 2684 2685 2686
f 2678 2676 2687
f 2688 2689 2684
f 2684 2690 2685
f 2684 2689 2690
f 2689 2691 2692
f 2689 2692 2693
f 2691 2689 2688
f 2693 2694 2689
f 2694 2695 2689
f 2689 2695 2690
f 2696 2695 2694
f 2697 2695 2696
f 2697 2698 2695
f 2695 2698 2690
f 2699 2698 2697
f 2699 2700 2698
f 2698 2700 2685
f 2690 2698 2685
f 2700 2699 2701
f 2702 2700 2701
f 2702 2703 2700
f 2700 2703 2704
f 2685 2700 2704
f 2704 2703 2668
f 2674 2704 2668
f 2686 2685 2704
f 2686 2704 2674
f 2705 2703 2702
f 2705 2669 2703
f 2703 2669 2668
f 2706 2707 2708
f 2707 2706 2709
f 2708 2707 2710
f 2711 2666 2705
f 2705 2666 2669
f 2709 2706 2712
f 2713 2666 2711
f 2712 2706 2714
f 2714 2715 2712
f 2713 2663 2666
f 2663 2713 2716
f 2714 2717 2715
f 2718 2664 2716
f 2716 2664 2663
f 2719 2717 2714
f 2719 2720 2717
f 2721 2664 2718
f 2720 2722 2723
f 2724 2725 2721
f 2721 2725 2664
f 2726 2720 2727
f 2722 2720 2726
f 2727 2720 2719
f 2728 2729 2730
f 2731 2732 2722
f 2723 2722 2732
f 2729 2733 2734
f 2729 2728 2733
f 2735 2728 2736
f 2737 2728 2735
f 2738 2736 2728
f 2737 2733 2728
f 2738 2728 2730
f 2739 2737 2735
f 2739 2740 2737
f 2737 2741 2733
f 2740 2741 2737
f 2742 2740 2739
f 2742 2743 2740
f 2743 2744 2740
f 2740 2744 2741
f 2745 2744 2746
f 2746 2744 2747
f 2743 2747 2744
f 2748 2744 2745
f 2748 2741 2744
f 2749 2750 2751
f 2752 2751 2750
f 2741 2748 2753
f 2752 2754 2751
f 2755 2754 2752
f 2756 2757 2758
f 2759 2757 2756
f 2758 2757 2760
f 2760 2757 2761
f 2759 2762 2757
f 2757 2762 2763
f 2757 2763 2761
f 2764 2763 2765
f 2766 2763 2764
f 2766 2761 2763
f 2762 2767 2763
f 2765 2763 2767
f 2639 2768 2769
f 2765 2767 2770
f 2639 2771 2768
f 2639 2769 2772
f 2770 2773 2774
f 2770 2767 2773
f 2775 2776 2773
f 2774 2773 2776
f 2777 2773 2767
f 2777 2775 2773
f 2778 2775 2779
f 2779 2775 2777
f 2778 2780 2775
f 2775 2780 2776
f 2781 2780 2778
f 2782 2780 2781
f 2783 2776 2780
f 2783 2780 2782
f 2784 2776 2783
f 2785 2786 2787
f 2787 2786 2788
f 2787 2788 2789
f 2790 2791 2792
f 2790 2772 2791
f 2774 2776 2784
f 2793 2772 2790
f 2794 2795 2796
f 2790 2792 2797
f 2798 2799 2800
f 2798 2801 2799
f 2802 2795 2794
f 2803 2804 2796
f 2802 2805 2795
f 2806 2807 2803
f 2803 2807 2804
f 2808 2646 2809
f 2808 2645 2646
f 2810 2808 2811
f 2810 2645 2808
f 2804 2807 2812
f 2807 2813 2812
f 2814 2629 2810
f 2645 2810 2629
f 2814 2810 2815
f 2813 2807 2816
f 2813 2816 2817
f 2816 2818 2817
f 2819 2818 2816
f 2819 2816 2820
f 2816 2821 2820
f 2821 2816 2807
f 2822 2823 2824
f 2823 2822 2825
f 2826 2825 2822
f 2821 2807 2827
f 2825 2826 2828
f 2828 2826 2829
f 2830 2826 2831
f 2829 2826 2830
f 2827 2832 2833
f 2827 2807 2832
f 2807 2834 2832
f 2833 2832 2834
f 2835 2836 2837
f 2835 2838 2836
f 2838 2835 2839
f 2833 2834 2840
f 2840 2834 2841
f 2834 2807 2842
f 2843 2844 2845
f 2843 2846 2844
f 2846 2843 2847
f 2837 2836 2848
f 2849 2850 2851
f 2850 2849 2852
f 2853 2854 2855
f 2853 2855 2856
f 2854 2853 2857
f 2850 2858 2859
f 2850 2852 2858
f 2858 2860 2859
f 2860 2858 2861
f 2861 2858 2786
f 2786 2858 2798
f 2858 2862 2798
f 2863 2858 2852
f 2858 2863 2862
f 2839 2864 2838
f 2805 2864 2839
f 2805 2802 2864
f 2801 2798 2862
f 2860 2861 2865
f 2865 2861 2866
f 2866 2861 2785
f 2785 2861 2786
f 2782 2781 2867
f 2868 2869 2870
f 2871 2872 2873
f 2874 2872 2871
f 2869 2875 2876
f 2877 2875 2869
f 2878 2747 2879
f 2746 2747 2878
f 2868 2880 2869
f 2881 2875 2877
f 2879 2882 2883
f 2879 2747 2882
f 2884 2882 2885
f 2885 2882 2743
f 2883 2882 2884
f 2882 2747 2743
f 2886 2887 2888
f 2886 2889 2887
f 2888 2887 2890
f 2883 2884 2891
f 2886 2892 2889
f 2893 2881 2894
f 2886 2895 2892
f 2893 2896 2897
f 2893 2897 2881
f 2892 2895 2898
f 2899 2896 2893
f 2900 2901 2896
f 2901 2897 2896
f 2900 2896 2899
f 2902 2903 2904
f 2900 2899 2905
f 2902 2906 2903
f 2907 2901 2900
f 2906 2908 2909
f 2908 2906 2902
f 2910 2901 2907
f 2910 2907 2911
f 2909 2908 2912
f 2855 2854 2913
f 2914 2915 2916
f 2844 2917 2918
f 2919 2920 2921
f 2921 2920 2922
f 2923 2924 2925
f 2926 2924 2923
f 2923 2925 2927
f 2920 2919 2928
f 2919 2929 2928
f 2930 2926 2931
f 2926 2930 2924
f 2932 2930 2933
f 2932 2934 2930
f 2935 2924 2930
f 2935 2930 2934
f 2936 2933 2930
f 2936 2930 2931
f 2929 2937 2938
f 2937 2939 2938
f 2933 2936 2940
f 2939 2937 2941
f 2939 2941 2942
f 2943 2940 2944
f 2943 2933 2940
f 2945 2946 2947
f 2932 2933 2943
f 2946 2945 2948
f 2949 2950 2946
f 2949 2946 2951
f 2946 2948 2952
f 2950 2947 2946
f 2951 2946 2952
f 2953 2954 2955
f 2954 2953 2956
f 2957 2954 2958
f 2957 2955 2954
f 2951 2952 2959
f 2960 2953 2955
f 2957 2960 2955
f 2961 2962 2960
f 2963 2961 2960
f 2962 2953 2960
f 2964 2960 2957
f 2963 2960 2964
f 2965 2966 2967
f 2968 2966 2965
f 2895 2966 2968
f 2966 2969 2970
f 2966 2971 2969
f 2972 2961 2963
f 2895 2971 2966
f 2973 2974 2975
f 2973 2976 2974
f 2977 2976 2973
f 2895 2886 2971
f 2976 2978 2979
f 2974 2976 2979
f 2977 2978 2976
f 2980 2978 2977
f 2981 2978 2980
f 2982 2979 2978
f 2981 2983 2978
f 2984 2978 2983
f 2982 2978 2985
f 2978 2984 2985
f 2986 2987 2988
f 2986 2989 2987
f 2989 2986 2990
f 2991 2989 2992
f 2993 2992 2989
f 2994 2987 2989
f 2989 2991 2995
f 2994 2989 2995
f 2993 2989 2990
f 2996 2992 2993
f 2997 2983 2998
f 2984 2983 2997
f 2983 2999 2998
f 2996 3000 2992
f 3000 2996 3001
f 3002 3000 3001
f 2999 2983 3003
f 2999 3003 3004
f 3003 3005 3004
f 3006 3002 3007
f 3002 3006 3000
f 3008 3006 3007
f 3005 3009 3010
f 3005 3003 3009
f 3009 3011 3010
f 3008 3012 3006
f 3012 3008 3013
f 3014 3012 3015
f 3016 3012 3014
f 3017 3012 3016
f 3017 3006 3012
f 3018 3015 3012
f 3018 3012 3013
f 3011 3019 3020
f 3019 3021 3020
f 3015 3018 3022
f 3021 3023 3024
f 3021 3019 3023
f 3025 3015 3022
f 3026 3027 3025
f 3024 3028 3029
f 3024 3023 3028
f 3025 3027 3015
f 3030 3015 3027
f 3030 3027 3031
f 3032 3031 3027
f 3032 3027 3026
f 3028 3033 3029
f 3033 3028 3034
f 3033 3034 3035
f 3036 3032 3037
f 3038 3032 3036
f 3031 3032 3038
f 3039 3036 3037
f 3035 3034 3040
f 3041 3042 3043
f 3044 3039 3045
f 3036 3039 3046
f 3046 3039 3044
f 3045 3047 3044
f 3048 3049 3050
f 3049 3048 3051
f 3048 3050 3052
f 3053 3054 3055
f 3051 3048 3056
f 3057 3058 3059
f 3060 3061 3053
f 3053 3061 3062
f 3053 3062 3054
f 3058 3057 3063
f 3063 3057 3064
f 3064 3065 3063
f 3066 3060 3067
f 3060 3066 3061
f 3068 3069 3066
f 3068 3066 3067
f 3066 3070 3061
f 3066 3071 3070
f 3071 3066 3072
f 3069 3072 3066
f 3073 3069 3074
f 3074 3069 3075
f 3069 3068 3075
f 3076 3069 3073
f 3076 3072 3069
f 3077 3078 3079
f 3077 3079 3080
f 3080 3079 3081
f 2546 2545 3076
f 3076 2545 3072
f 3082 3083 3084
f 3085 3084 3086
f 3080 3081 3087
f 3082 3084 3085
f 3088 3082 3085
f 3089 3088 3085
f 3085 3086 3090
f 3089 3085 3090
f 3091 3089 3090
f 3092 3090 3086
f 3090 3092 3093
f 3091 3090 3093
f 3094 3091 3093
f 3095 3093 3096
f 3093 3095 3097
f 3094 3093 3097
f 3093 3092 3098
f 3096 3093 3098
f 3099 3100 3101
f 3101 3100 3102
f 3103 3100 3099
f 3102 3100 3104
f 3064 3100 3103
f 3100 3064 3105
f 3105 3104 3100
f 3105 3106 3104
f 3106 3107 3104
f 3108 3104 3107
f 3102 3104 3108
f 3097 3095 3109
f 3109 3094 3097
f 3110 3094 3109
f 3108 3107 3111
f 3111 3107 3112
f 3113 3094 3110
f 3112 3107 3114
f 3094 3113 3115
f 3114 3116 3112
f 3116 3114 3117
f 3116 3117 3118
f 3094 3115 3119
f 3120 3119 3121
f 3094 3119 3120
f 3121 3119 3122
f 3118 3123 3124
f 3118 3117 3123
f 3123 3125 3126
f 3124 3123 3126
f 3117 3127 3123
f 3127 3125 3123
f 3128 3125 3129
f 3129 3125 3127
f 3128 3130 3125
f 3125 3130 3131
f 3125 3131 3126
f 3132 3131 3133
f 3131 3134 3133
f 3132 3126 3131
f 3130 3135 3131
f 3134 3131 3135
f 3136 3091 3094
f 3091 3136 3137
f 3134 3135 3138
f 3094 3120 3136
f 3091 3137 3139
f 3135 3140 3138
f 3091 3139 3141
f 3140 3135 3142
f 3140 3142 3143
f 3089 3141 3144
f 3091 3141 3089
f 3142 3145 3143
f 3089 3144 3146
f 3145 3142 3147
f 3145 3147 3148
f 3089 3146 3088
f 3147 3149 3148
f 3088 3146 3150
f 3149 3147 3151
f 3149 3151 3152
f 3153 3088 3150
f 3151 3154 3152
f 3155 3153 3156
f 3088 3153 3155
f 3155 3157 3158
f 3155 3159 3157
f 3155 3158 3082
f 3159 3155 3156
f 3088 3155 3082
f 3154 3160 3161
f 3160 3162 3161
f 3157 3159 3163
f 3164 3157 3163
f 3162 3160 3165
f 3162 3165 3166
f 3165 3167 3166
f 3168 3157 3164
f 3169 3168 3170
f 3157 3168 3169
f 3167 3165 3171
f 3167 3171 3172
f 3169 3170 2526
f 2526 3170 2527
f 3172 3171 3173
f 3171 3174 3173
f 3175 3171 3176
f 3171 3177 3176
f 3171 3175 3178
f 3174 3171 3178
f 3165 3177 3171
f 3177 3179 3176
f 3179 3177 3180
f 3180 3177 3181
f 3181 3177 3182
f 3177 3165 3182
f 3183 3184 3182
f 3182 3184 3181
f 3183 3182 3165
f 3185 3183 3186
f 3184 3183 3185
f 3187 3183 3188
f 3188 3183 3160
f 3183 3187 3186
f 3183 3165 3160
f 3189 3190 3191
f 3190 3189 3192
f 3193 3191 3190
f 3193 3190 3194
f 3194 3190 3195
f 3196 3195 3190
f 3196 3190 3192
f 3188 3197 3198
f 3195 3196 3199
f 3187 3188 3198
f 3197 3188 3200
f 3201 3202 3199
f 3195 3199 3202
f 3195 3202 3203
f 3203 3202 3204
f 3201 3204 3202
f 3205 3203 3204
f 3204 3201 3206
f 3204 3206 3207
f 3208 3205 3204
f 3208 3204 3207
f 3209 3210 3211
f 3209 3212 3210
f 3212 3209 3213
f 3214 3210 3215
f 3142 3215 3210
f 3210 3147 3142
f 3211 3210 3216
f 3210 3214 3216
f 3210 3212 3147
f 3217 3218 3219
f 3218 3217 3208
f 3205 3217 3220
f 3205 3208 3217
f 3220 3217 3221
f 3222 3217 3219
f 3223 3217 3222
f 3223 3221 3217
f 3221 3223 3224
f 3225 3224 3223
f 3226 3227 3228
f 3226 3215 3227
f 3215 3226 3229
f 3227 3230 3228
f 3224 3225 3231
f 3232 3224 3231
f 3227 3233 3230
f 3233 3130 3128
f 3234 3235 3232
f 3233 3227 3130
f 3232 3235 3224
f 3236 3224 3235
f 3235 3237 3238
f 3235 3238 3239
f 3237 3235 3240
f 3236 3235 3241
f 3241 3235 3239
f 3240 3235 3234
f 3242 3236 3241
f 3243 3221 3236
f 3243 3236 3242
f 3221 3224 3236
f 3244 3242 3245
f 3244 3243 3242
f 3245 3242 3246
f 3242 3241 3246
f 3247 3246 3248
f 3246 3249 3248
f 3246 3241 3249
f 3245 3246 3247
f 3250 3247 3251
f 3250 3245 3247
f 3247 3248 3252
f 3251 3247 3252
f 3251 3252 3253
f 3253 3254 3251
f 3251 3255 3250
f 3255 3251 3256
f 3251 3254 3256
f 3257 3258 3259
f 3258 3257 3260
f 3261 3260 3257
f 3257 3259 3262
f 3263 3257 3262
f 3264 3261 3257
f 3264 3257 3263
f 3265 3263 3266
f 3263 3262 3266
f 3267 3264 3263
f 3267 3263 3265
f 3265 3266 3268
f 3269 3265 3270
f 3269 3267 3265
f 3270 3265 3268
f 3268 3271 3272
f 3273 3268 3272
f 3268 3266 3271
f 3270 3268 3273
f 3274 3273 3275
f 3276 3273 3274
f 3276 3270 3273
f 3273 3272 3275
f 3274 3275 3277
f 3277 3275 3278
f 3275 3279 3278
f 3275 3272 3279
f 3272 3280 3279
f 3279 3280 3281
f 3278 3279 3282
f 3279 3281 3282
f 3282 3281 3283
f 3280 3284 3281
f 3281 3284 3285
f 3281 3285 3283
f 3284 3286 3285
f 3287 3285 3286
f 3285 3288 3289
f 3285 3287 3288
f 3283 3285 3289
f 3290 3291 3292
f 3292 3293 3290
f 3294 3293 3292
f 3293 3295 3290
f 3296 3297 3293
f 3293 3297 3295
f 3293 3294 3298
f 3298 3296 3293
f 3299 3296 3298
f 3300 3284 3301
f 3284 3300 3286
f 3296 3299 3302
f 3303 3304 3301
f 3303 3301 3284
f 3280 3303 3284
f 3271 3305 3303
f 3271 3303 3280
f 3304 3303 3306
f 3305 3306 3303
f 3262 3307 3305
f 3266 3262 3305
f 3305 3308 3306
f 3308 3305 3307
f 3266 3305 3271
f 3309 3253 3310
f 3310 3311 3309
f 3312 3253 3309
f 3310 3313 3314
f 3310 3314 3296
f 3311 3310 3302
f 3253 3313 3310
f 3302 3310 3296
f 3253 3252 3313
f 3313 3315 3314
f 3313 3316 3315
f 3252 3316 3313
f 3248 3317 3316
f 3252 3248 3316
f 3316 3318 3315
f 3316 3317 3318
f 3315 3318 3319
f 3318 3320 3319
f 3317 3321 3318
f 3318 3321 3320
f 3319 3320 3322
f 3320 3323 3322
f 3321 3324 3320
f 3320 3324 3323
f 3323 3325 3326
f 3323 3326 3327
f 3322 3323 3327
f 3324 3325 3323
f 3324 3328 3325
f 3329 3325 3328
f 3330 3325 3329
f 3331 3325 3330
f 3331 3326 3325
f 3332 3326 3331
f 3333 3334 3335
f 3333 3336 3334
f 3337 3336 3333
f 3338 3326 3332
f 3335 3334 3339
f 3338 3340 3326
f 3341 3340 3338
f 3339 3342 3343
f 3339 3334 3342
f 3327 3340 3344
f 3344 3340 3345
f 3346 3345 3340
f 3327 3326 3340
f 3346 3340 3341
f 3347 3345 3346
f 3348 3349 3350
f 3343 3342 3348
f 3348 3342 3349
f 3350 3349 3351
f 3351 3349 3352
f 3342 3353 3349
f 3349 3354 3352
f 3349 3353 3354
f 3352 3354 3355
f 3353 3356 3354
f 3354 3357 3355
f 3354 3356 3357
f 3357 3358 3359
f 3357 3359 3360
f 3356 3358 3357
f 3355 3357 3360
f 3361 3360 3362
f 3355 3360 3361
f 3360 3359 3363
f 3360 3363 3362
f 3359 3364 3363
f 3363 3364 3365
f 3363 3365 3366
f 3362 3363 3366
f 3367 3366 3368
f 3362 3366 3367
f 3366 3369 3368
f 3366 3365 3369
f 3365 3370 3369
f 3369 3370 3371
f 3368 3369 3372
f 3369 3371 3372
f 3370 3373 3371
f 3371 3373 3374
f 3371 3374 3375
f 3372 3371 3375
f 3375 3374 3376
f 3375 3376 3377
f 3372 3375 3378
f 3378 3375 3377
f 3377 3376 3379
f 3377 3379 3380
f 3378 3377 3381
f 3381 3377 3380
f 3382 3380 3383
f 3384 3380 3382
f 3380 3385 3383
f 3380 3379 3385
f 3381 3380 3384
f 3386 3384 3387
f 3384 3382 3387
f 3388 3384 3389
f 3388 3381 3384
f 3389 3384 3386
f 3390 3386 3391
f 3386 3392 3391
f 3386 3387 3392
f 3389 3386 3390
f 3390 3391 3393
f 3394 3390 3393
f 3394 3389 3390
f 3394 3393 3395
f 3396 3395 3393
f 3396 3393 3397
f 3397 3393 3398
f 3398 3393 3399
f 3399 3393 3391
f 3400 3401 3402
f 3403 3400 3404
f 3400 3403 3401
f 3403 3405 3401
f 3405 3406 3401
f 3401 3407 3402
f 3407 3401 3406
f 3408 3395 3409
f 3407 3410 3411
f 3395 3396 3409
f 3407 3406 3410
f 3411 3410 3412
f 3406 3413 3410
f 3410 3413 3412
f 3406 3414 3413
f 3414 3415 3413
f 3413 3415 3416
f 3413 3416 3412
f 3415 3417 3416
f 3416 3417 3418
f 3416 3418 3419
f 3412 3416 3419
f 3420 3419 3421
f 3420 3412 3419
f 3419 3418 3422
f 3421 3419 3422
f 3422 3423 3424
f 3423 3422 3425
f 3426 3422 3418
f 3421 3422 3424
f 3425 3422 3426
f 3423 3425 3427
f 3428 3429 3430
f 3430 3429 3431
f 3430 3431 3432
f 3433 3434 3435
f 3435 3434 3436
f 3432 3431 3437
f 3438 3433 3439
f 3433 3438 3434
f 3437 3440 3441
f 3437 3431 3440
f 3442 3440 3443
f 3431 3443 3440
f 3440 3442 3441
f 3444 3445 3446
f 3446 3445 3438
f 3438 3439 3446
f 3442 3447 3448
f 3442 3443 3447
f 3445 3444 3449
f 3448 3450 3451
f 3448 3447 3450
f 3447 3452 3450
f 3452 3453 3450
f 3451 3450 3454
f 3450 3453 3454
f 3455 3453 3452
f 3456 3453 3457
f 3453 3455 3457
f 3458 3453 3456
f 3459 3454 3453
f 3459 3453 3460
f 3460 3453 3458
f 3461 3462 3463
f 3461 3463 3464
f 3462 3465 3463
f 3458 3456 3466
f 3467 3468 3464
f 3469 3470 3471
f 3467 3472 3468
f 3468 3472 3473
f 3469 3474 3470
f 3475 3474 3469
f 3473 3472 3476
f 3473 3476 3477
f 3475 3478 3474
f 3479 3478 3475
f 3477 3480 3481
f 3477 3476 3480
f 3482 3479 3483
f 3479 3484 3478
f 3479 3485 3484
f 3485 3479 3486
f 3486 3479 3482
f 3482 3483 3487
f 3488 3489 3490
f 3488 3491 3489
f 3492 3491 3488
f 3493 3491 3492
f 3489 3491 3494
f 3493 3494 3491
f 3495 3496 3497
f 3496 3495 3498
f 3493 3492 3499
f 3497 3496 3500
f 3501 3493 3502
f 3503 3493 3501
f 3494 3493 3503
f 3504 3505 3506
f 3507 3505 3504
f 3508 3494 3503
f 3509 3510 3511
f 3509 3511 3512
f 3513 3494 3508
f 3514 3510 3509
f 3515 3510 3516
f 3510 3517 3516
f 3510 3518 3519
f 3519 3511 3510
f 3518 3510 3520
f 3515 3521 3510
f 3520 3510 3521
f 3510 3522 3517
f 3510 3523 3522
f 3510 3514 3523
f 3505 3524 3525
f 3525 3524 3526
f 3525 3526 3527
f 3495 3526 3524
f 3495 3528 3526
f 3528 3529 3526
f 3527 3526 3529
f 3528 3530 3529
f 3529 3531 3527
f 3531 3529 3532
f 3530 3532 3529
f 3533 3532 3534
f 3534 3532 3535
f 3531 3532 3533
f 3530 3536 3532
f 3536 3535 3532
f 3537 3538 3535
f 3536 3537 3535
f 3534 3535 3538
f 3537 3539 3538
f 3538 3540 3541
f 3540 3538 3542
f 3534 3538 3543
f 3543 3538 3544
f 3538 3541 3544
f 3542 3538 3539
f 3543 3544 3545
f 3546 3547 3548
f 3548 3547 3549
f 3550 3551 3552
f 3550 3553 3551
f 3383 3550 3554
f 3383 3385 3550
f 3385 3516 3550
f 3555 3550 3516
f 3556 3550 3552
f 3550 3555 3553
f 3556 3554 3550
f 3382 3554 3557
f 3558 3557 3554
f 3558 3554 3559
f 3554 3556 3559
f 3382 3383 3554
f 3560 3561 3562
f 3563 3560 3564
f 3560 3563 3561
f 3565 3566 3561
f 3567 3561 3566
f 3568 3561 3563
f 3568 3565 3561
f 3561 3567 3562
f 3569 3565 3570
f 3570 3565 3568
f 3569 3571 3565
f 3565 3571 3566
f 3571 3572 3566
f 3573 3574 3571
f 3571 3574 3572
f 3573 3571 3569
f 3575 3576 3577
f 3575 3577 3578
f 3579 3574 3573
f 3576 3580 3581
f 3580 3576 3582
f 3582 3576 3575
f 3579 3583 3574
f 3584 3583 3579
f 3581 3580 3585
f 3586 3583 3584
f 3585 3580 3587
f 3588 3589 3586
f 3586 3589 3583
f 3588 3405 3589
f 3583 3589 3590
f 3590 3589 3403
f 3589 3405 3403
f 3591 3590 3592
f 3592 3590 3403
f 3591 3572 3590
f 3572 3583 3590
f 3399 3391 3593
f 3391 3594 3593
f 3572 3591 3595
f 3594 3391 3392
f 3594 3392 3596
f 3597 3572 3595
f 3392 3598 3596
f 3566 3597 3599
f 3597 3566 3572
f 3598 3392 3557
f 3598 3557 3600
f 3567 3566 3599
f 3587 3580 3601
f 3587 3601 3602
f 3603 3588 3604
f 3588 3605 3405
f 3605 3588 3603
f 3606 3601 3607
f 3608 3609 3610
f 3611 3608 3610
f 3602 3601 3612
f 3612 3601 3613
f 3613 3601 3606
f 3611 3614 3608
f 3615 3608 3614
f 3608 3616 3609
f 3616 3608 3617
f 3615 3617 3608
f 3618 3619 3615
f 3618 3615 3620
f 3621 3615 3619
f 3615 3614 3620
f 3615 3621 3617
f 3622 3623 3624
f 3623 3625 3624
f 3622 3626 3623
f 3627 3623 3628
f 3625 3623 3627
f 3628 3623 3626
f 3622 3629 3626
f 3628 3626 3630
f 3630 3626 3631
f 3447 3626 3629
f 3626 3447 3631
f 3631 3447 3443
f 3429 3631 3443
f 3630 3631 3429
f 3629 3622 3632
f 3633 3629 3632
f 3633 3452 3629
f 3629 3452 3447
f 3619 3634 3635
f 3636 3634 3618
f 3634 3636 3637
f 3619 3618 3634
f 3634 3637 3638
f 3452 3633 3639
f 3455 3452 3639
f 3472 3636 3640
f 3636 3641 3640
f 3636 3618 3641
f 3472 3637 3636
f 3640 3641 3642
f 3618 3620 3641
f 3641 3620 3643
f 3641 3643 3642
f 3640 3642 3644
f 3644 3642 3645
f 3642 3646 3645
f 3642 3643 3646
f 3647 3645 3646
f 3643 3648 3646
f 3647 3646 3649
f 3649 3646 3648
f 3649 3648 3650
f 3647 3649 3651
f 3652 3537 3653
f 3652 3539 3537
f 3539 3652 3654
f 3649 3650 3655
f 3542 3654 3656
f 3657 3658 3659
f 3570 3658 3657
f 3575 3660 3656
f 3650 3648 3661
f 3537 3662 3653
f 3542 3539 3654
f 3643 3663 3648
f 3661 3648 3663
f 3661 3663 3664
f 3664 3663 3614
f 3620 3614 3663
f 3620 3663 3643
f 3662 3536 3665
f 3662 3537 3536
f 3666 3647 3667
f 3666 3645 3647
f 3668 3669 3666
f 3666 3669 3645
f 3668 3666 3670
f 3671 3530 3672
f 3671 3536 3530
f 3536 3671 3665
f 3530 3673 3672
f 3674 3675 3668
f 3668 3675 3669
f 3674 3668 3676
f 3673 3528 3677
f 3673 3530 3528
f 3528 3678 3677
f 3674 3481 3675
f 3481 3674 3679
f 3679 3674 3680
f 3495 3678 3528
f 3678 3495 3497
f 3481 3480 3675
f 3480 3669 3675
f 3480 3644 3669
f 3644 3645 3669
f 3476 3644 3480
f 3476 3640 3644
f 3472 3640 3476
f 3681 3628 3630
f 3428 3630 3429
f 3681 3630 3428
f 3682 3628 3681
f 3683 3417 3684
f 3683 3418 3417
f 3426 3418 3683
f 3684 3685 3686
f 3684 3417 3685
f 3687 3627 3682
f 3682 3627 3628
f 3686 3685 3688
f 3689 3627 3687
f 3689 3687 3690
f 3686 3688 3691
f 3691 3688 3692
f 3692 3688 3693
f 3693 3688 3694
f 3694 3688 3685
f 3695 3694 3414
f 3695 3693 3694
f 3694 3685 3415
f 3414 3694 3415
f 3696 3695 3414
f 3605 3697 3695
f 3697 3693 3695
f 3605 3695 3696
f 3406 3405 3696
f 3696 3405 3605
f 3696 3414 3406
f 3698 3697 3604
f 3604 3697 3603
f 3699 3697 3698
f 3603 3697 3605
f 3699 3693 3697
f 3692 3693 3699
f 3415 3685 3417
f 3625 3627 3689
f 3664 3614 3611
f 3574 3583 3572
f 3575 3578 3660
f 3570 3568 3658
f 3557 3558 3600
f 3658 3568 3546
f 3546 3568 3563
f 3546 3563 3547
f 3547 3563 3564
f 3387 3557 3392
f 3387 3382 3557
f 3555 3516 3700
f 3700 3516 3517
f 3507 3495 3524
f 3505 3507 3524
f 3379 3701 3521
f 3521 3701 3520
f 3379 3521 3515
f 3702 3703 3704
f 3701 3379 3705
f 3703 3706 3704
f 3707 3703 3708
f 3708 3703 3709
f 3703 3710 3709
f 3703 3711 3710
f 3712 3713 3703
f 3703 3713 3711
f 3703 3702 3712
f 3706 3703 3707
f 3713 3714 3711
f 3711 3715 3716
f 3711 3716 3717
f 3711 3714 3715
f 3710 3711 3717
f 3710 3717 3718
f 3718 3717 3719
f 3717 3716 3719
f 3720 3718 3719
f 3719 3716 3721
f 3722 3719 3721
f 3720 3719 3723
f 3719 3722 3723
f 3724 3725 3726
f 3727 3724 3726
f 3722 3721 3728
f 3721 3729 3728
f 3730 3727 3731
f 3727 3730 3724
f 3732 3730 3731
f 3729 3733 3734
f 3729 3721 3733
f 3721 3735 3733
f 3735 3736 3733
f 3733 3736 3737
f 3738 3733 3737
f 3733 3738 3734
f 3739 3732 3740
f 3741 3739 3740
f 3738 3737 3742
f 3737 3743 3742
f 3741 3744 3739
f 3744 3741 3745
f 3746 3747 3745
f 3748 3749 3743
f 3745 3747 3744
f 3748 3743 3737
f 3737 3750 3748
f 3748 3751 3752
f 3753 3748 3752
f 3749 3748 3754
f 3748 3753 3754
f 3750 3751 3748
f 3755 3756 3757
f 3758 3755 3757
f 3753 3752 3759
f 3752 3760 3759
f 3761 3758 3762
f 3763 3758 3761
f 3758 3763 3755
f 3752 3764 3760
f 3765 3766 3762
f 3762 3766 3761
f 3767 3766 3765
f 3767 3768 3766
f 3769 3761 3766
f 3770 3766 3768
f 3770 3769 3766
f 3769 3763 3761
f 3771 3769 3770
f 3771 3772 3769
f 3772 3763 3769
f 3773 3774 3772
f 3772 3774 3763
f 3775 3772 3771
f 3775 3773 3772
f 3773 3776 3774
f 3777 3773 3775
f 3778 3776 3773
f 3777 3778 3773
f 3779 3780 3778
f 3778 3780 3776
f 3779 3778 3781
f 3781 3778 3777
f 3782 3783 3784
f 3782 3785 3783
f 3786 3780 3779
f 3782 3787 3785
f 3788 3780 3786
f 3789 3787 3782
f 3789 3790 3787
f 3791 3792 3788
f 3788 3776 3780
f 3788 3793 3776
f 3788 3792 3793
f 3791 3794 3792
f 3792 3794 3744
f 3792 3744 3747
f 3793 3792 3747
f 3795 3794 3796
f 3796 3794 3791
f 3795 3797 3794
f 3794 3739 3744
f 3794 3797 3739
f 3798 3797 3795
f 3798 3799 3797
f 3797 3799 3739
f 3800 3799 3798
f 3800 3801 3799
f 3739 3799 3730
f 3799 3801 3730
f 3802 3803 3801
f 3801 3803 3724
f 3730 3801 3724
f 3802 3801 3800
f 3804 3805 3806
f 3807 3803 3802
f 3807 3802 3808
f 3806 3805 3809
f 3810 3811 3812
f 3811 3810 3813
f 3814 3815 3809
f 3811 3813 3816
f 3814 3817 3815
f 3818 3817 3814
f 3818 3819 3817
f 3820 3815 3817
f 3817 3819 3820
f 3819 3818 3821
f 3820 3819 3822
f 3823 3819 3821
f 3819 3824 3822
f 3823 3824 3819
f 3824 3823 3825
f 3822 3824 3826
f 3827 3824 3825
f 3827 3828 3824
f 3824 3828 3826
f 3828 3827 3829
f 3826 3828 3830
f 3831 3828 3829
f 3831 3832 3828
f 3828 3832 3830
f 3833 3834 3835
f 3833 3836 3834
f 3837 3834 3836
f 3834 3838 3839
f 3834 3837 3838
f 3832 3831 3840
f 3841 3837 3842
f 3842 3837 3843
f 3844 3837 3836
f 3841 3838 3837
f 3844 3843 3837
f 3845 3843 3844
f 3846 3844 3847
f 3846 3845 3844
f 3847 3844 3836
f 3845 3848 3843
f 3849 3845 3846
f 3849 3850 3845
f 3850 3848 3845
f 3851 3848 3852
f 3852 3848 3853
f 3851 3843 3848
f 3850 3853 3848
f 3852 3853 3854
f 3855 3853 3850
f 3854 3853 3855
f 3852 3854 3856
f 3857 3858 3859
f 3854 3855 3860
f 3861 3858 3857
f 3861 3857 3862
f 3863 3861 3864
f 3861 3865 3864
f 3861 3866 3865
f 3867 3866 3861
f 3858 3861 3868
f 3867 3861 3862
f 3868 3861 3863
f 3869 3870 3871
f 3872 3870 3869
f 3873 3870 3874
f 3874 3870 3875
f 3871 3870 3873
f 3875 3870 3876
f 3872 3876 3870
f 3876 3877 3878
f 3877 3876 3879
f 3875 3876 3880
f 3878 3880 3876
f 3876 3872 3879
f 3881 3882 3883
f 3881 3884 3882
f 3885 3880 3878
f 3881 3886 3884
f 3887 3888 3885
f 3885 3888 3880
f 3889 3888 3890
f 3889 3891 3888
f 3891 3880 3888
f 3887 3890 3888
f 3892 3889 3890
f 3892 3890 3893
f 3894 3893 3890
f 3894 3890 3887
f 3895 3881 3896
f 3895 3896 3897
f 3886 3881 3895
f 3898 3893 3894
f 3897 3896 3899
f 3900 3893 3898
f 3896 3901 3899
f 3902 3900 3903
f 3900 3902 3893
f 3904 3893 3902
f 3903 3905 3902
f 3906 3904 3902
f 3906 3902 3905
f 3907 3905 3903
f 3908 3905 3907
f 3909 3905 3908
f 3909 3906 3905
f 3910 3911 3912
f 3911 3910 3913
f 3908 3907 3914
f 3912 3911 3915
f 3916 3917 3896
f 3896 3917 3918
f 3917 3916 3919
f 3920 3916 3896
f 3921 3922 3923
f 3921 3923 3924
f 3922 3921 3925
f 3926 3916 3920
f 3916 3926 3927
f 3919 3916 3928
f 3928 3916 3929
f 3916 3927 3930
f 3931 3932 3933
f 3932 3934 3925
f 3931 3934 3932
f 3934 3935 3936
f 3936 3937 3934
f 3935 3934 3938
f 3934 3937 3922
f 3925 3934 3922
f 3938 3934 3939
f 3939 3934 3931
f 3940 3941 3942
f 3940 3943 3941
f 3944 3943 3940
f 3945 3946 3947
f 3946 3945 3948
f 3946 3949 3947
f 3950 3949 3946
f 3944 3951 3943
f 3949 3950 3952
f 3952 3950 3953
f 3951 3954 3955
f 3951 3944 3954
f 3956 3957 3958
f 3952 3953 3959
f 3957 3960 3961
f 3960 3957 3956
f 3962 3960 3963
f 3962 3964 3960
f 3965 3963 3960
f 3965 3960 3956
f 3966 3960 3964
f 3960 3966 3961
f 3967 3968 3969
f 3970 3963 3965
f 3967 3971 3968
f 3968 3972 3973
f 3974 3970 3975
f 3968 3976 3972
f 3968 3977 3976
f 3977 3968 3978
f 3970 3974 3963
f 3968 3971 3978
f 3979 3881 3980
f 3981 3978 3971
f 3979 3896 3881
f 3920 3896 3979
f 3971 3967 3982
f 3971 3982 3983
f 3984 3978 3981
f 3980 3881 3985
f 3978 3984 3986
f 3987 3986 3984
f 3985 3881 3988
f 3988 3989 3990
f 3991 3986 3987
f 3988 3881 3989
f 3992 3993 3989
f 3989 3994 3992
f 3995 3989 3993
f 3990 3989 3995
f 3996 3989 3997
f 3994 3989 3996
f 3997 3989 3998
f 3998 3989 3881
f 3995 3999 4000
f 4001 3445 4002
f 4002 3445 3991
f 3999 3995 3993
f 4003 4004 3999
f 4005 3999 4004
f 4003 3999 4006
f 4006 3999 4007
f 3999 3993 4007
f 4008 3999 4009
f 4000 3999 4008
f 4009 3999 4005
f 4010 4011 4012
f 4013 4011 4010
f 4014 4011 4015
f 4012 4011 4014
f 4011 4016 4017
f 4017 4018 4011
f 4011 4019 4015
f 4011 4018 4019
f 4016 4011 4013
f 4020 4004 4021
f 4005 4004 4020
f 4022 4017 4016
f 4021 4004 4023
f 4024 4017 4022
f 4021 4023 4025
f 4026 4027 4023
f 4028 4023 4027
f 4026 4023 4029
f 4029 4023 4004
f 4025 4023 4028
f 4030 4031 4024
f 4028 4027 4032
f 4033 4034 4030
f 4030 4034 4031
f 4035 4036 4034
f 4036 4037 4034
f 4034 4037 4038
f 4034 4038 4031
f 4035 4034 4033
f 4039 4027 4040
f 4039 4040 4041
f 4042 4036 4035
f 4032 4027 4039
f 4041 4040 4043
f 4044 4036 4042
f 4043 4040 4045
f 4044 4046 4036
f 4047 4046 4044
f 4043 4045 4048
f 4049 4050 4045
f 4051 4045 4050
f 4049 4045 4052
f 4052 4045 4040
f 4048 4045 4051
f 4051 4050 4053
f 4054 4055 4056
f 4056 4046 4047
f 4056 4055 4046
f 4057 4055 4054
f 4057 4058 4055
f 4058 4059 4055
f 4055 4060 4046
f 4055 4059 4060
f 4061 4050 4062
f 4061 4062 4063
f 4053 4050 4061
f 4064 4058 4057
f 4065 4058 4064
f 4063 4062 4066
f 4066 4067 4068
f 4066 4062 4067
f 4065 4069 4058
f 4070 4069 4065
f 4068 4067 4071
f 4072 4069 4070
f 4071 4067 4073
f 4071 4073 4074
f 4075 3352 4072
f 4072 3352 4069
f 4074 4073 4076
f 3351 3352 4075
f 4077 4073 4078
f 4078 4073 4067
f 4076 4073 3345
f 4077 3345 4073
f 4079 4077 4080
f 4079 3344 4077
f 4080 4077 4078
f 3344 3345 4077
f 4081 4079 4080
f 4081 4080 4082
f 4080 4078 4083
f 4082 4080 4083
f 4084 4082 4085
f 4084 4081 4082
f 4085 4082 4086
f 4082 4083 4086
f 4085 4086 4087
f 4086 4083 4088
f 4086 4088 4089
f 4087 4086 4089
f 4089 4090 4091
f 4089 4088 4090
f 4092 4089 4091
f 4087 4089 4092
f 4093 4092 4094
f 4094 4092 4095
f 4092 4091 4095
f 4093 4087 4092
f 4096 4093 4097
f 4097 4093 4094
f 4096 4098 4093
f 4098 4087 4093
f 4099 4100 4098
f 4100 4085 4098
f 4099 4098 4096
f 4098 4085 4087
f 4101 4099 4096
f 4102 4103 4099
f 4099 4104 4102
f 4104 4099 4101
f 4103 4100 4099
f 3290 4105 4103
f 4103 4105 4100
f 4106 4103 4102
f 4103 4106 4107
f 4107 3290 4103
f 3291 3290 4107
f 4108 3289 3288
f 3289 4108 4109
f 4110 4111 4109
f 3289 4109 4111
f 4112 3289 4111
f 4111 4110 4113
f 4114 4111 4115
f 4111 4113 4115
f 4112 4111 4114
f 3364 4114 3365
f 3365 4114 3370
f 4114 4115 3370
f 3364 4112 4114
f 3283 3289 4112
f 4116 3283 4112
f 4116 4112 3364
f 3358 4116 3359
f 3359 4116 3364
f 3282 3283 4116
f 3358 3282 4116
f 4115 4117 3373
f 3370 4115 3373
f 4115 4118 4117
f 4118 4115 4113
f 4119 3373 4117
f 4120 4097 4121
f 4097 4120 4096
f 4096 4120 4101
f 3373 4119 4122
f 4097 4123 4121
f 3373 4122 3374
f 4124 3374 4122
f 4125 4123 4097
f 4123 4125 4126
f 4125 4127 4126
f 3374 4124 4128
f 4129 3376 4128
f 4127 3712 4130
f 3712 4127 4125
f 3374 4128 3376
f 3376 4129 3705
f 3712 3702 4130
f 4097 4094 4125
f 4125 4094 4131
f 4125 4131 3712
f 4094 4095 4131
f 4131 4095 4132
f 4131 4132 3713
f 3712 4131 3713
f 4133 4132 4095
f 4132 4134 4135
f 4132 4135 3714
f 4134 4132 4133
f 3713 4132 3714
f 4134 4136 4135
f 4133 4137 4134
f 4134 4052 4136
f 4137 4052 4134
f 4091 4137 4133
f 4091 4090 4137
f 4090 4049 4137
f 4137 4049 4052
f 4052 4040 4136
f 4135 4136 4026
f 4136 4040 4027
f 4136 4027 4026
f 4095 4091 4133
f 4135 4026 4138
f 3714 4135 4138
f 4138 4026 4029
f 3714 4138 3715
f 3715 4138 4139
f 4138 4029 4139
f 3736 4139 3750
f 4139 3751 3750
f 3715 4139 3736
f 4139 4003 3751
f 4139 4029 4003
f 3290 3295 4105
f 4105 4084 4100
f 4105 4140 4084
f 3295 4140 4105
f 3295 4141 4140
f 4141 4142 4140
f 4140 4081 4084
f 4140 4142 4081
f 4142 4079 4081
f 4142 4143 4079
f 4144 4143 4142
f 4141 4144 4142
f 4145 3319 4144
f 4145 4144 4141
f 3319 3322 4144
f 4144 3322 4143
f 3314 3315 4145
f 3314 4145 3297
f 3315 3319 4145
f 3297 4145 4141
f 3322 3327 4143
f 4143 3327 3344
f 4143 3344 4079
f 3297 4141 3295
f 4100 4084 4085
f 4090 4146 4049
f 4088 4146 4090
f 4147 4062 4146
f 4146 4062 4050
f 4146 4050 4049
f 4088 4147 4146
f 4147 4067 4062
f 4078 4067 4147
f 4083 4147 4088
f 4083 4078 4147
f 3352 3355 4069
f 4069 3355 3361
f 4069 3361 4058
f 4046 4060 4148
f 4060 4149 4148
f 4060 3367 4149
f 4059 3367 4060
f 4149 4150 4151
f 4148 4149 4151
f 4149 3368 4150
f 3367 3368 4149
f 3378 4151 4150
f 3378 4150 3372
f 3368 3372 4150
f 4037 4151 4152
f 4151 3378 4152
f 4148 4151 4037
f 4037 4152 4038
f 4038 4152 3388
f 4152 3381 3388
f 4152 3378 3381
f 4046 4148 4036
f 4036 4148 4037
f 4058 3361 4059
f 3361 3362 4059
f 4059 3362 3367
f 4038 3388 4153
f 4031 4038 4153
f 4017 4153 4018
f 4031 4153 4017
f 4153 3389 4018
f 4153 3388 3389
f 4017 4024 4031
f 4029 4004 4003
f 4019 4018 4154
f 4018 3394 4154
f 4018 3389 3394
f 4019 4154 4155
f 4154 3394 3395
f 4154 3395 4155
f 4019 4155 3434
f 4156 3434 4155
f 4156 4155 4157
f 4158 4155 3395
f 4157 4155 4158
f 3412 3420 4159
f 4158 3395 3408
f 3411 3412 4159
f 4015 4019 3434
f 4014 4015 3438
f 4015 3434 3438
f 3445 4001 4014
f 4012 4014 4001
f 4014 3438 3445
f 4160 4007 3992
f 4006 4007 4160
f 4007 3993 3992
f 4161 4006 4160
f 4162 4160 4163
f 4162 4161 4160
f 4163 4160 4164
f 4160 4165 4166
f 4165 4160 3992
f 4160 4166 4164
f 3752 4167 4161
f 4161 3764 3752
f 4161 4162 4168
f 3764 4161 4168
f 4167 4006 4161
f 3751 4003 4167
f 3751 4167 3752
f 4003 4006 4167
f 4169 4170 4171
f 4172 4173 4174
f 4174 4173 4175
f 4175 4176 4177
f 4178 4179 4169
f 4169 4179 4170
f 4175 4173 4176
f 4180 4176 4173
f 4181 4176 4180
f 4181 4182 4176
f 4177 4176 4182
f 4183 4181 4180
f 4184 4181 4183
f 4184 4185 4181
f 4185 4182 4181
f 4186 4185 4184
f 4185 4186 4187
f 4187 4188 4185
f 4185 4188 4182
f 4187 4189 4188
f 4190 4188 4189
f 4191 4182 4188
f 4191 4188 4190
f 4192 4193 4194
f 4192 4195 4193
f 4196 4195 4192
f 4190 4189 4197
f 4197 4198 4199
f 4200 4201 4196
f 4197 4189 4198
f 4196 4201 4195
f 4202 3777 4201
f 4202 4201 4200
f 4201 3777 3775
f 4201 3775 4195
f 3782 3784 4203
f 3781 3777 4202
f 3782 4203 4204
f 4189 4205 4198
f 4206 4207 4208
f 4208 4207 4209
f 4210 4207 4211
f 4207 4212 4211
f 4206 4213 4207
f 4207 4213 4212
f 4209 4207 4210
f 4211 4212 4214
f 4212 3847 4214
f 4213 3846 4212
f 4212 3846 3847
f 4214 4215 4216
f 4217 4214 4216
f 4214 3847 4215
f 4211 4214 4217
f 4218 4211 4217
f 4217 4216 3810
f 4219 4217 3810
f 4218 4217 4219
f 4220 4221 3789
f 4219 3810 3812
f 4221 4220 3805
f 4215 4222 4216
f 3836 3833 4215
f 3847 3836 4215
f 4222 4215 3833
f 4216 3813 3810
f 3813 4216 4222
f 4206 4223 4213
f 4223 3849 4213
f 4213 3849 3846
f 4210 4211 4218
f 4223 4206 4224
f 4205 4189 4187
f 4205 4187 4225
f 4187 4186 4225
f 4195 3775 3771
f 4195 3771 4193
f 4194 4193 4226
f 4193 3771 3770
f 4193 3770 4226
f 4194 4226 4178
f 4178 4226 4179
f 4226 3768 4179
f 4226 3770 3768
f 4177 4182 4191
f 4186 4184 4227
f 4228 3849 4223
f 4228 4223 4229
f 4184 4230 4227
f 4228 3850 3849
f 4230 3866 4231
f 4230 4184 3866
f 3855 4228 4232
f 3855 3850 4228
f 3866 3867 4231
f 4183 4180 4233
f 3865 4184 4183
f 3865 4183 4233
f 4234 3865 4233
f 4235 4233 4180
f 4233 4235 4234
f 4184 3865 3866
f 4235 4180 4236
f 4180 4173 4236
f 4172 4236 4173
f 4237 4236 4172
f 4235 4236 4237
f 4238 3992 3994
f 4165 3992 4238
f 4239 4179 3768
f 4240 4179 4239
f 4170 4179 4240
f 3768 3767 4239
f 4241 3864 4242
f 4243 4241 4244
f 3863 4241 4243
f 4241 3863 3864
f 3998 3881 4245
f 4245 3881 3883
f 3877 3879 4246
f 4242 3864 3865
f 4242 3865 4234
f 3986 3991 3445
f 3986 4247 4248
f 4249 3986 4248
f 3986 4250 4247
f 4251 3986 4249
f 4252 3986 4251
f 4253 3986 4252
f 3986 4253 3978
f 3445 4250 3986
f 3445 3449 4250
f 3451 3454 4254
f 3459 4254 3454
f 4254 3459 4255
f 4254 4255 4256
f 4257 4258 4259
f 4259 4260 4261
f 4259 4258 4260
f 4257 3462 4258
f 3462 4262 4258
f 4260 4258 4263
f 4263 4258 4264
f 4258 4262 4264
f 4262 4265 4264
f 4264 4265 4266
f 4263 4264 4267
f 4267 4264 4266
f 4267 4266 4268
f 4268 4266 4269
f 4265 4270 4266
f 4266 4270 4269
f 4268 4269 4271
f 4270 4272 4269
f 4269 4272 4273
f 4271 4269 4273
f 4273 4274 4275
f 4274 4273 4276
f 4272 4277 4273
f 4273 4277 4276
f 4271 4273 4275
f 4274 4276 4278
f 4278 4276 4279
f 4277 4280 4276
f 4276 4280 4279
f 4278 4279 4281
f 4281 4279 4282
f 4283 4279 4280
f 4279 4283 4282
f 4284 4285 4286
f 4283 4280 4287
f 4288 4285 4284
f 4286 4285 4289
f 4289 4285 4290
f 4288 4291 4285
f 4291 4292 4285
f 4290 4285 4292
f 4291 4293 4292
f 4293 3974 4292
f 4290 4292 3975
f 3975 4292 3974
f 4293 4294 4295
f 4295 4296 4293
f 4291 4294 4293
f 4293 4296 3974
f 4297 4298 4299
f 4297 4300 4298
f 4301 4299 4298
f 4294 4291 4302
f 4302 4303 4304
f 4291 4303 4302
f 4299 4301 4305
f 4306 4307 4308
f 4309 4280 4310
f 4311 4280 4309
f 4299 4305 4312
f 4313 4314 4307
f 4315 4299 4312
f 4313 4307 4316
f 4316 4307 4317
f 4317 4307 4306
f 4318 4277 4319
f 4310 4280 4318
f 4318 4280 4277
f 4319 4272 4320
f 4319 4277 4272
f 3474 4314 4313
f 4320 4265 4321
f 4320 4272 4270
f 4320 4270 4265
f 3474 3478 4314
f 4322 4323 4315
f 4315 4323 4299
f 4322 4324 4323
f 4297 4323 4325
f 4297 4299 4323
f 4325 4323 4324
f 4326 4297 4325
f 4326 4325 4327
f 4327 4325 4328
f 4325 4324 4328
f 4329 4328 4330
f 4328 4331 4330
f 4327 4328 4329
f 4328 4324 4331
f 4332 4331 4324
f 4333 4331 4332
f 4333 4334 4331
f 4330 4331 4334
f 4330 4334 4335
f 4336 4335 4334
f 4337 4334 4333
f 4336 4334 4338
f 4338 4334 4337
f 4339 4340 4341
f 4342 4343 4344
f 4345 4346 4347
f 4344 4343 4348
f 4349 4346 4345
f 4343 4350 4348
f 4346 4349 4351
f 4349 4352 4351
f 4353 4352 4349
f 4350 4354 4355
f 4350 4343 4354
f 4343 4356 4354
f 4357 4354 4358
f 4358 4354 4359
f 4359 4354 4360
f 4360 4354 4356
f 4355 4354 4357
f 4361 4362 4363
f 4364 4362 4361
f 4362 4365 4366
f 4365 4362 4367
f 4366 4368 4362
f 4367 4362 3511
f 4364 3511 4362
f 4362 4369 4363
f 4362 4370 4369
f 4368 4370 4362
f 4371 4372 4373
f 4370 4374 4375
f 4370 4376 4374
f 4370 4377 4376
f 4370 4368 4377
f 4352 4378 4373
f 4373 4378 4379
f 4373 4372 4352
f 4372 4351 4352
f 4380 4351 4372
f 4381 4380 4372
f 4371 4381 4372
f 4382 4380 4381
f 4383 4382 4381
f 4384 4381 4371
f 4381 4384 4383
f 4375 4374 4385
f 4386 4387 4384
f 4384 4387 4383
f 4388 4389 4387
f 4390 4388 4387
f 4389 4391 4387
f 4387 4391 4383
f 4390 4387 4386
f 4392 4393 4391
f 4393 4383 4391
f 4392 4391 4394
f 4394 4391 4389
f 4395 4396 4397
f 4392 4382 4393
f 4398 4382 4392
f 4396 4335 4399
f 4400 4335 4396
f 4400 4396 4395
f 4401 4382 4398
f 4402 4403 4400
f 4400 4403 4335
f 4404 4405 4406
f 4400 4407 4408
f 4409 4405 4404
f 4400 4395 4407
f 4405 4410 4411
f 4406 4405 4411
f 4412 4405 4413
f 4414 4405 4412
f 4405 4415 4413
f 4405 4409 4415
f 4410 4405 4414
f 4414 4416 4417
f 4418 4416 4414
f 4410 4414 4417
f 4418 4414 4412
f 4419 4420 4421
f 4416 4418 4422
f 4422 4418 4423
f 4418 4424 4423
f 4418 4412 4425
f 4426 4418 4425
f 4427 4418 4426
f 4418 4427 4424
f 4428 4429 4430
f 4429 4431 4432
f 4429 4428 4431
f 4433 4434 4435
f 4436 4437 4438
f 4439 4440 4441
f 4440 4442 4443
f 4442 4440 4439
f 4428 4430 4444
f 4426 4445 4446
f 4447 4437 4436
f 4368 4447 4448
f 4445 4425 4449
f 4426 4425 4445
f 4368 4437 4447
f 4412 4450 4449
f 4449 4425 4412
f 4451 4452 4453
f 4454 4451 4453
f 4454 4453 4455
f 4433 4456 4434
f 4457 4456 4433
f 4456 4457 4458
f 4459 4451 4454
f 4459 4460 4451
f 4461 4460 4459
f 4462 4463 4460
f 4464 4462 4460
f 4460 4463 4451
f 4461 4465 4460
f 4464 4460 4465
f 4465 4461 4466
f 4466 4467 4465
f 4468 4464 4465
f 4468 4465 4467
f 4469 4468 4467
f 4469 4467 4470
f 4471 4467 4466
f 4471 4470 4467
f 4472 4469 4470
f 4473 4470 4471
f 4474 4470 4473
f 4475 4470 4474
f 4472 4470 4475
f 4476 4477 4478
f 4479 4477 4476
f 4479 4476 4480
f 4474 4473 4481
f 4478 4477 4482
f 4483 4484 4485
f 4477 4486 4482
f 4483 4487 4484
f 4487 4483 4488
f 4477 4489 4486
f 4490 4487 4488
f 4491 4489 4477
f 4489 4491 4492
f 4493 4494 4490
f 4490 4494 4487
f 4493 4495 4494
f 4496 4497 4494
f 4495 4496 4494
f 4494 4497 4487
f 4498 4487 4497
f 4499 4497 4500
f 4500 4497 4496
f 4501 4497 4502
f 4502 4497 4499
f 4498 4497 4501
f 4503 4504 4505
f 4503 4472 4504
f 4506 4507 4508
f 4507 4506 4509
f 4510 4468 4503
f 4472 4503 4469
f 4503 4468 4469
f 4511 4509 4506
f 4511 4512 4509
f 4468 4510 4513
f 4513 4464 4468
f 4514 4464 4513
f 4512 4511 4515
f 4515 4511 4516
f 4515 4516 4517
f 4464 4514 4518
f 4464 4518 4519
f 4516 4520 4517
f 4521 4464 4519
f 4520 4522 4523
f 4522 4520 4516
f 4524 4522 4516
f 4525 4526 4522
f 4524 4525 4522
f 4526 4523 4522
f 4527 4528 4524
f 4528 4525 4524
f 4529 4524 4516
f 4527 4524 4529
f 4530 4529 4511
f 4529 4516 4511
f 4531 4529 4530
f 4531 4527 4529
f 4532 4531 4530
f 4533 4530 4506
f 4532 4530 4533
f 4530 4511 4506
f 4534 4535 4536
f 4536 4535 4537
f 4536 4537 4538
f 4536 4538 4539
f 4540 4531 4532
f 4541 4542 4540
f 4540 4542 4531
f 4539 4543 4544
f 4539 4538 4543
f 4544 4543 4545
f 4546 3889 4547
f 4546 3891 3889
f 4548 3891 4546
f 4547 3904 4549
f 4544 4545 4550
f 4547 3892 3904
f 4547 3889 3892
f 4549 3906 4551
f 4544 4550 4552
f 4549 3904 3906
f 4551 3906 4553
f 4544 4552 4554
f 4555 4556 4541
f 4557 4556 4555
f 4558 4559 4560
f 4553 3906 4561
f 4558 4562 4559
f 4563 4562 4558
f 3906 4564 4561
f 4563 3910 4562
f 3913 3910 4563
f 3906 3909 4564
f 4565 4562 3910
f 4566 4562 4567
f 4559 4562 4566
f 4567 4562 4565
f 3923 4567 4565
f 3924 3923 4565
f 3924 4565 4568
f 4568 4565 3910
f 4569 4570 4567
f 4566 4567 4570
f 4569 4567 3923
f 4570 4569 4571
f 3937 4572 4569
f 4569 4572 4573
f 3937 4569 3922
f 4574 4569 4573
f 3922 4569 3923
f 4571 4569 4574
f 4575 4576 4577
f 4575 4578 4576
f 4579 4578 4575
f 4579 4575 4580
f 4576 4578 4581
f 4579 4582 4578
f 4578 4582 4583
f 4578 4583 4581
f 4576 4581 4584
f 4584 4581 4585
f 4581 4583 4586
f 4581 4586 4585
f 4584 4585 4528
f 4528 4585 4525
f 4585 4586 4587
f 4585 4587 4525
f 4525 4587 4526
f 4588 4526 4587
f 4587 4589 4588
f 4589 4587 4586
f 4589 4590 4591
f 4591 4590 4592
f 4591 4592 4593
f 4594 4526 4588
f 4594 4595 4526
f 4595 4594 4596
f 4593 4597 4598
f 4593 4599 4597
f 4593 4592 4599
f 4600 4601 4602
f 4419 4602 4601
f 4602 4419 4603
f 4597 4599 4604
f 4422 4423 4605
f 4606 4607 4608
f 4603 4419 4609
f 4600 4610 4601
f 4610 4611 4601
f 4420 4601 4611
f 4419 4601 4420
f 4610 4612 4611
f 4612 4403 4611
f 4613 4611 4403
f 4420 4611 4613
f 4612 4614 4403
f 4615 4616 4612
f 4616 4614 4612
f 4615 4612 4610
f 4614 4335 4403
f 4616 4329 4614
f 4614 4330 4335
f 4329 4330 4614
f 4617 4618 4615
f 4618 4616 4615
f 4619 4615 4610
f 4617 4615 4619
f 4618 4617 4620
f 4589 4621 4590
f 4589 4622 4621
f 4623 4618 4620
f 4622 4624 4625
f 4622 4589 4626
f 4622 4626 4624
f 4589 4586 4626
f 4626 4586 4627
f 4625 4624 4628
f 4627 4583 4629
f 4627 4586 4583
f 4630 4629 4582
f 4629 4583 4582
f 4629 4630 4631
f 4625 4628 4632
f 4632 4628 4633
f 4634 4635 4631
f 4631 4630 4636
f 4637 4638 4639
f 4634 3941 4635
f 3942 3941 4634
f 4638 3936 3935
f 3936 4638 4637
f 4640 3936 4637
f 4625 4632 4641
f 3948 4642 4643
f 4644 4623 4642
f 4644 4642 4645
f 4646 4647 4648
f 3948 4649 4642
f 4647 4650 4651
f 4646 4650 4647
f 4651 4650 3962
f 3964 3962 4650
f 4652 3964 4650
f 4652 4650 4646
f 4653 3964 4652
f 3948 3945 4654
f 3948 4654 4649
f 4623 4644 4655
f 4656 4644 4657
f 4656 4655 4644
f 4651 3962 4658
f 4623 4655 4618
f 4655 4656 4659
f 4655 4660 4618
f 4655 4659 4660
f 4660 4329 4616
f 4618 4660 4616
f 4660 4327 4329
f 4659 4327 4660
f 4659 4661 4326
f 4659 4326 4327
f 4661 4659 4656
f 4661 4656 4662
f 4296 4663 4664
f 4296 4665 4663
f 4666 4326 4661
f 4300 4297 4666
f 4666 4297 4326
f 4665 4296 4295
f 4667 4296 4664
f 4658 3962 4667
f 4667 3962 4296
f 4630 4579 4668
f 4630 4582 4579
f 3937 4640 4669
f 3936 4640 3937
f 4572 3937 4669
f 4619 4610 4600
f 4670 4671 4672
f 4606 4673 4607
f 4674 4671 4670
f 4674 4675 4671
f 4676 4451 4677
f 4677 4678 4679
f 4677 4463 4678
f 4677 4451 4463
f 4595 4596 4680
f 4678 4463 4681
f 4443 4442 4675
f 4443 4675 4674
f 4451 4676 4452
f 4432 4673 4606
f 4432 4431 4673
f 4523 4526 4595
f 4523 4595 4682
f 4681 4462 4683
f 4681 4463 4462
f 4462 4521 4683
f 4684 4584 4528
f 4685 4584 4684
f 4685 4576 4584
f 4556 4685 4684
f 4556 4684 4542
f 4542 4684 4527
f 4684 4528 4527
f 4577 4576 4685
f 4686 4685 4556
f 4687 4685 4686
f 4577 4685 4687
f 4686 4556 4557
f 4541 4556 4542
f 4542 4527 4531
f 3874 3875 4548
f 4538 4688 4689
f 4538 4690 4688
f 4548 3875 3891
f 4538 4537 4690
f 4533 4506 4691
f 4692 4534 4693
f 4534 4694 4535
f 4694 4534 4695
f 4695 4534 4696
f 4696 4534 4692
f 4697 4698 4699
f 4697 4699 4700
f 4701 4698 4697
f 4697 4700 4702
f 4702 4700 4703
f 4703 4700 4704
f 4704 4700 4705
f 4700 4699 4705
f 4705 4706 4707
f 4706 4705 4708
f 4705 4699 4708
f 4709 4704 4705
f 4709 4705 4707
f 4710 4711 4712
f 4713 4704 4709
f 4714 4711 4710
f 4711 4715 4716
f 4491 4715 4711
f 4717 4711 4718
f 4712 4711 4717
f 4719 4711 4720
f 4718 4711 4719
f 4711 4721 3708
f 3708 3709 4711
f 4711 3709 4722
f 4711 4723 4491
f 4720 4711 4722
f 4721 4711 4716
f 4711 4714 4723
f 4724 4725 4726
f 4726 4725 4727
f 4726 4727 4728
f 4725 4729 4727
f 4730 4727 4729
f 4730 4728 4727
f 4731 4704 4732
f 4733 4704 4731
f 4728 4730 4734
f 4730 4729 4735
f 4733 4703 4704
f 4703 4733 4736
f 4735 4729 4737
f 4738 4703 4736
f 4737 4739 4740
f 4738 4736 4741
f 4737 4729 4739
f 4742 4743 4744
f 4742 4694 4743
f 4702 4703 4738
f 3838 4745 4746
f 4739 4729 4747
f 3838 3841 4745
f 4732 4704 4713
f 4728 4734 4748
f 4747 4729 3832
f 3832 4729 4725
f 3830 3832 4725
f 4724 3830 4725
f 4749 3830 4724
f 4722 4750 4720
f 3826 4749 4751
f 4749 3826 3830
f 4722 4752 4750
f 4753 3826 4751
f 4752 4722 3718
f 4752 3718 4754
f 4753 3820 3822
f 4755 3820 4753
f 4753 3822 3826
f 4754 3718 4756
f 4757 4755 4758
f 4757 3820 4755
f 4759 3820 4757
f 4760 4761 4762
f 4760 4763 4761
f 4764 3820 4759
f 4760 4765 4763
f 4763 3803 4766
f 4763 4765 3803
f 3725 4765 4767
f 4765 4760 4767
f 3724 3803 4765
f 3725 3724 4765
f 3815 3820 4764
f 3803 3807 4766
f 3718 3720 4768
f 4756 3718 4768
f 4769 3511 3519
f 3511 4769 4367
f 4722 3710 3718
f 3709 3710 4722
f 4706 4708 4770
f 4699 4698 4708
f 4708 4698 4495
f 4770 4708 4495
f 4771 4491 4723
f 4492 4491 4771
f 4770 4495 4493
f 4701 4496 4698
f 4698 4496 4495
f 4500 4496 4701
f 4535 4694 4742
f 4506 4508 4691
f 4692 4693 4772
f 4772 4693 4773
f 4521 4462 4464
f 4477 4774 4491
f 4491 4774 4775
f 4715 4491 4775
f 4487 4498 4776
f 4487 4776 4484
f 4774 4477 4433
f 4457 4433 4477
f 4457 4477 4479
f 4368 4366 4437
f 4777 4415 4409
f 4413 4415 4388
f 4777 4389 4415
f 4415 4389 4388
f 4450 4412 4413
f 4450 4413 4778
f 4778 4413 4388
f 4613 4403 4402
f 4394 4389 4777
f 4779 4380 4401
f 4399 4335 4336
f 4401 4380 4382
f 4383 4393 4382
f 4778 4388 4390
f 4779 4351 4380
f 4357 4358 4780
f 4378 4352 4353
f 4781 4782 4356
f 4783 4356 4782
f 4360 4356 4783
f 4343 4781 4356
f 4784 4781 4343
f 3490 4781 4784
f 3490 4785 4781
f 4781 4785 4782
f 3490 3489 4785
f 4785 3489 4786
f 4785 4786 4782
f 4787 4782 4786
f 3489 3494 4786
f 4786 4788 4787
f 4788 4786 3494
f 4789 3511 4790
f 3512 3511 4789
f 4788 3494 3513
f 4790 3511 4791
f 4783 4782 4787
f 4791 3511 4364
f 4346 4351 4779
f 4784 4343 4342
f 4339 3485 4340
f 3484 3485 4339
f 4332 4324 4322
f 4287 4280 4311
f 4303 4291 4288
f 4296 3962 3963
f 4296 3963 3974
f 4286 4289 4792
f 4281 4282 4793
f 4794 3978 4795
f 3977 3978 4794
f 4795 3978 4796
f 3978 4797 4796
f 3978 4253 4797
f 4321 4265 4262
f 4321 4262 4798
f 4798 4262 3462
f 3470 3474 4799
f 4798 3462 3461
f 3966 3964 4653
f 3983 3982 3955
f 3926 3920 4800
f 3955 3954 4801
f 4568 3910 3912
f 3896 3918 3901
f 3904 3892 3893
f 3891 3875 3880
f 4688 4690 4802
f 3871 3873 3856
f 3842 3843 3851
f 4747 3832 3840
f 4222 3833 4803
f 3813 4222 4804
f 4221 3805 4805
f 4805 3805 3804
f 3789 4221 4806
f 3789 4806 3790
f 3793 3774 3776
f 3793 3763 3774
f 3763 3793 3755
f 3793 3747 3755
f 3756 3755 3747
f 3736 3750 3737
f 3756 3747 3746
f 3732 3739 3730
f 3715 3736 3735
f 3716 3715 3735
f 3716 3735 3721
f 3708 4721 3707
f 3376 3705 3379
f 3385 3515 3516
f 3385 3379 3515
f 3498 3495 3507
f 3487 3483 4807
f 3637 3472 3467
f 3462 4257 3465
f 3637 3467 4808
f 3429 3443 3431
f 3434 4809 3436
f 3434 4156 4809
f 3592 3403 3404
f 3356 3278 3358
f 3278 3282 3358
f 3277 3278 3356
f 3353 3277 3356
f 3342 4810 3353
f 4810 3277 3353
f 4810 3274 3277
f 4811 3274 4810
f 3334 4811 4810
f 3334 4810 3342
f 3336 4812 4811
f 4812 3276 4811
f 4811 3276 3274
f 3336 4811 3334
f 4813 4814 4812
f 4813 4812 3336
f 4812 4815 3276
f 4814 4815 4812
f 4814 4816 4815
f 4816 3269 4815
f 4815 3270 3276
f 4815 3269 3270
f 4817 4816 4814
f 4817 4818 4816
f 4818 4819 4816
f 4816 4819 3269
f 4818 4820 4819
f 4820 4821 4819
f 4819 4821 3267
f 4819 3267 3269
f 4822 4823 4821
f 4820 4822 4821
f 4821 4823 3264
f 4821 3264 3267
f 4822 4824 4823
f 4824 4825 4823
f 4823 4825 3261
f 4823 3261 3264
f 4825 4826 4827
f 4825 4827 3261
f 4824 4828 4825
f 4828 4829 4825
f 4826 4825 4829
f 4830 4831 4832
f 4831 4830 4833
f 4828 4834 4829
f 4832 4831 4835
f 4832 3244 4830
f 4832 4836 4837
f 4837 4838 4832
f 4836 4832 4835
f 4832 4838 3244
f 4834 4828 4839
f 4840 4839 4828
f 4840 4841 4839
f 4837 4836 4842
f 4843 4837 4842
f 4841 4840 4844
f 4845 4844 4840
f 4845 4846 4844
f 4837 4843 4847
f 4847 4843 4848
f 4849 4850 4847
f 4847 4851 4849
f 4847 4852 4837
f 4847 4850 4852
f 4851 4847 4848
f 4850 3203 3205
f 4850 3205 4852
f 4849 4853 4850
f 3203 4850 4853
f 4854 4853 4849
f 4854 3194 4853
f 3194 3195 4853
f 4853 3195 3203
f 4849 4855 4854
f 4854 4855 4856
f 4857 4854 4856
f 4854 4857 4858
f 4858 3194 4854
f 4859 4858 4860
f 4858 4859 4861
f 4861 3193 4858
f 4858 3193 3194
f 4858 4857 4860
f 4862 4863 4864
f 4863 4862 4865
f 4863 4865 4866
f 4867 4863 4866
f 4868 4869 4863
f 4869 4864 4863
f 4868 4863 4867
f 4870 4869 4868
f 4868 4871 4870
f 4872 4868 4867
f 4873 4868 4872
f 4871 4868 4873
f 4873 4872 4874
f 4875 4876 4877
f 4878 4876 4875
f 4876 4878 4879
f 4874 4872 4880
f 4881 4875 4877
f 4872 4882 4880
f 4881 4883 4875
f 4883 4881 4884
f 4872 4885 4882
f 4886 4883 4884
f 4887 4888 4886
f 4885 4889 4890
f 4889 4885 4872
f 4886 4888 4883
f 4891 4888 4887
f 4891 4892 4888
f 4892 4893 4888
f 4893 4894 4888
f 4888 4894 4883
f 4895 4896 4894
f 4894 4896 4883
f 4897 4894 4893
f 4894 4897 4898
f 4895 4894 4898
f 4899 4900 4901
f 4902 4896 4895
f 4903 4900 4899
f 4900 4904 4905
f 4900 4903 4904
f 4906 4900 4905
f 4907 4908 4900
f 4907 4900 4906
f 4900 4908 4901
f 4908 4907 4909
f 4910 4911 4912
f 4911 4902 4912
f 4910 4913 4911
f 4896 4911 4875
f 4902 4911 4896
f 4875 4911 4878
f 4911 4913 4878
f 4914 4913 4910
f 4878 4913 4915
f 4913 4916 4915
f 4914 4916 4913
f 4907 4917 4918
f 4909 4907 4918
f 4916 4914 4919
f 4907 4920 4917
f 4921 4916 4919
f 4906 4920 4907
f 4922 4920 4906
f 4922 4923 4920
f 4920 4923 4924
f 4925 4926 4921
f 4921 4926 4916
f 4927 4928 4923
f 4923 4928 4929
f 4923 4929 4930
f 4931 4932 4933
f 4932 4926 4925
f 4926 4932 4931
f 4927 4923 4922
f 4922 4934 4927
f 4927 4934 4935
f 4928 4927 4936
f 4927 4937 4936
f 4927 4938 4937
f 4927 4939 4938
f 4935 4939 4927
f 2886 4940 4941
f 2886 4942 4940
f 4941 4940 4943
f 4943 4940 4944
f 4940 4942 4945
f 4935 4946 4939
f 4935 4947 4946
f 4947 4935 4948
f 4949 4950 4951
f 4952 4950 4949
f 4953 4954 4948
f 4955 4956 4953
f 4953 4956 4954
f 4956 4957 4958
f 4958 4959 4956
f 4960 4956 4959
f 4957 4956 4955
f 4954 4956 4960
f 4950 4961 4962
f 4962 4961 4963
f 4962 4964 4965
f 4963 4964 4962
f 4958 4957 4966
f 4967 4958 4966
f 4963 4968 4969
f 4968 4963 4970
f 4971 4970 4963
f 4971 4963 4961
f 4964 4963 4969
f 2735 4970 4971
f 4972 2735 4971
f 4972 4971 4961
f 4942 4973 4974
f 4972 4961 4952
f 4975 2735 4972
f 2886 4973 4942
f 2886 2888 4973
f 4973 2888 4976
f 2739 2735 4975
f 2735 2736 4970
f 4968 4970 4977
f 4977 4970 2736
f 4952 4961 4950
f 4978 4959 4958
f 4978 4979 4959
f 4980 4959 4979
f 4960 4959 4980
f 4981 4979 4978
f 4981 4982 4979
f 4983 4979 4982
f 4979 4983 4980
f 4984 4981 4985
f 4985 4981 4978
f 4984 4986 4981
f 4986 4982 4981
f 4987 4988 4989
f 4990 4986 4984
f 4991 4992 4988
f 4991 4988 4987
f 4993 4992 4991
f 4994 2694 4995
f 4994 4995 4996
f 2696 2694 4994
f 4992 4993 4997
f 4998 4999 5000
f 4999 5001 5002
f 4998 5001 4999
f 5003 5004 5005
f 5006 4990 5007
f 5003 5008 5004
f 5009 5008 5003
f 5002 5001 5010
f 5011 5008 5009
f 5011 5009 5012
f 5010 5013 5014
f 5010 5001 5013
f 5015 5014 5013
f 5015 5013 5016
f 5001 5017 5013
f 5013 5017 5018
f 5016 5013 5018
f 5019 5020 5021
f 5016 5018 5022
f 5019 5023 5020
f 5019 5021 5024
f 5019 5024 5025
f 5019 5025 5026
f 5019 5026 5027
f 5028 5019 5027
f 5019 5029 5023
f 5019 5028 5029
f 5030 5031 5032
f 5032 5031 5033
f 5034 5031 5030
f 5035 5031 5034
f 5036 5031 5037
f 5033 5031 5036
f 5035 5038 5031
f 5037 5031 5038
f 5039 5040 5041
f 5041 5040 4931
f 5039 5041 5042
f 5037 5038 5043
f 5037 5043 5044
f 5045 5046 5047
f 5047 5048 5049
f 5047 5046 5048
f 5048 5046 5050
f 5048 5050 5051
f 5052 5040 5039
f 5053 5040 5052
f 5050 5054 5051
f 5055 5053 5056
f 5053 5055 5040
f 4916 4926 5055
f 4915 4916 5055
f 5057 5055 5056
f 5055 4926 5040
f 5057 4915 5055
f 5054 4870 5058
f 5059 4915 5057
f 5058 4870 5060
f 4870 4871 5060
f 5059 4878 4915
f 4878 5059 4879
f 5054 5050 4870
f 5050 5061 4870
f 5050 5046 5061
f 4870 5061 4869
f 5061 5062 4869
f 5063 5061 5064
f 5061 5063 5062
f 5046 5064 5061
f 5065 5066 5067
f 5068 4869 5062
f 5066 4861 5069
f 4861 5066 5065
f 5065 5070 5071
f 5070 5065 5067
f 5071 5072 5065
f 5065 5072 5073
f 5065 5073 4861
f 5074 5073 5072
f 4861 5073 3193
f 3191 3193 5073
f 5073 5075 5076
f 3191 5073 5076
f 5073 5074 5075
f 5071 5077 5072
f 5074 5072 5078
f 5078 5072 5077
f 5071 5079 5077
f 3176 3179 5080
f 3176 5080 5081
f 5071 5082 5079
f 5083 3175 5081
f 5081 3175 3176
f 5084 5082 5071
f 5085 3175 5083
f 5082 5084 5086
f 5071 5087 5084
f 5084 5088 5089
f 5088 5084 5090
f 5084 5087 5090
f 5091 5084 5089
f 5084 5091 5086
f 5092 5085 5093
f 5093 5094 5092
f 5095 5094 5093
f 5091 5089 5096
f 5097 5094 5095
f 5096 5089 5098
f 5098 5089 5099
f 5100 5101 5097
f 5097 5101 5094
f 5102 5103 5101
f 5101 5103 2508
f 5101 2508 2517
f 5102 5101 5100
f 5094 5101 2517
f 5104 5105 5106
f 5099 5104 5106
f 5103 5102 5107
f 5104 5108 5105
f 5109 5107 5110
f 5107 5111 5103
f 5111 5107 5109
f 5112 5113 5114
f 2506 5113 5115
f 5113 2506 5116
f 5113 5116 5117
f 5112 5115 5113
f 5108 5118 5119
f 5115 5112 5120
f 5118 5121 5119
f 5104 5122 5118
f 5108 5104 5118
f 5118 5123 5124
f 5125 5118 5124
f 5118 5122 5126
f 5127 5118 5126
f 5118 5127 5123
f 5118 5125 5121
f 5125 5124 5128
f 5129 5130 5120
f 5131 5130 5129
f 5124 5132 5128
f 5131 5133 5130
f 5133 5131 5134
f 5132 5124 2439
f 5132 2439 5135
f 5136 2452 5134
f 5134 2452 5133
f 5135 2439 2447
f 2449 2452 5136
f 2503 5133 2502
f 5133 2503 5130
f 2502 5133 2452
f 2503 5115 5130
f 5120 5130 5115
f 5137 5138 5139
f 5140 5137 5139
f 5137 5141 5142
f 5137 5140 5141
f 5138 5137 5143
f 5143 5137 2624
f 5142 5144 5137
f 5137 5145 2624
f 5137 5144 5146
f 5145 5137 5146
f 2635 2634 5147
f 2624 5145 5148
f 5149 2635 5147
f 5150 2682 5151
f 2682 5149 5151
f 5144 5142 5152
f 5153 5152 5142
f 5153 5154 5152
f 5155 2682 5150
f 5155 5150 5156
f 5154 5153 5157
f 5158 5159 5160
f 5153 5161 5157
f 5038 5158 5162
f 5158 5038 5159
f 5161 5153 5163
f 5161 5163 5045
f 5043 5038 5162
f 5164 5163 5165
f 5153 5165 5163
f 5046 5045 5163
f 5163 5166 5046
f 5163 5164 5166
f 5159 5038 5167
f 2682 5155 5167
f 5167 5038 5035
f 2680 2682 5167
f 5153 5168 5165
f 5142 5169 5153
f 5168 5153 5169
f 5170 5089 5171
f 5089 5088 5171
f 5142 5172 5169
f 5089 5170 5104
f 5104 5170 5173
f 5122 5104 5173
f 5172 5142 5141
f 5149 2682 2635
f 5124 5174 5175
f 5174 5124 5123
f 2624 5176 5143
f 5124 5175 2439
f 5177 2439 5175
f 5176 2624 2623
f 2506 5115 2503
f 2509 2508 5178
f 5178 5103 5111
f 5178 2508 5103
f 5099 5089 5104
f 5092 5094 2518
f 5094 2517 2518
f 3175 5085 5092
f 3178 3175 5092
f 5092 2518 3178
f 5087 5071 5179
f 5180 5046 5166
f 5071 5070 5179
f 5046 5180 5064
f 4861 4859 5069
f 4869 5068 4864
f 4931 5040 4926
f 5033 5036 5181
f 5025 5024 5182
f 5014 5015 5183
f 5008 4986 5006
f 5008 4982 4986
f 4982 5008 5184
f 5185 5186 5008
f 5187 4982 5184
f 5187 5184 5188
f 5186 5185 5189
f 5006 4986 4990
f 5190 5001 4998
f 5017 5001 5190
f 4995 2694 5191
f 5191 2694 2693
f 4987 4989 5192
f 5192 4989 5193
f 4978 5194 4985
f 5192 5193 5195
f 5194 4958 5196
f 5194 4978 4958
f 5193 5197 5195
f 5198 5197 5193
f 5196 4958 4967
f 2708 2710 5198
f 5198 2710 5197
f 4982 5187 5199
f 4983 4982 5199
f 5200 4944 5201
f 4922 5202 4934
f 4943 4944 5200
f 5203 2983 2981
f 5200 5201 5204
f 5203 3003 2983
f 5205 3003 5203
f 5205 3009 3003
f 5204 5206 5207
f 5204 5201 5206
f 5208 3009 5205
f 5208 3019 3009
f 5207 5209 5210
f 5207 5206 5209
f 5208 5211 3019
f 5211 5208 5212
f 5210 5213 5214
f 5215 5211 5212
f 5210 5209 5213
f 5216 5217 5218
f 5219 5218 5220
f 5216 5218 5219
f 5219 5220 4905
f 4904 5221 5219
f 5219 5221 5216
f 4905 4904 5219
f 5221 5222 5216
f 5221 5223 5222
f 4904 5224 5221
f 5223 5221 5225
f 5221 5224 5225
f 5226 5227 5228
f 5229 5226 5228
f 5224 4904 5230
f 4897 4893 5229
f 5230 4904 5231
f 5229 4893 5226
f 5227 5226 5232
f 5232 5226 5233
f 5233 5226 4892
f 5226 4893 4892
f 5234 5232 5233
f 5235 5233 5236
f 5235 5234 5233
f 5236 5233 4892
f 5237 5238 5239
f 5236 4892 5240
f 5241 5238 5237
f 5242 5243 5238
f 5243 5244 5238
f 5242 5238 5241
f 5244 5245 5238
f 5245 5246 5238
f 5238 5246 5239
f 5246 5245 5247
f 5248 5234 5249
f 5234 5235 5249
f 5247 5245 5250
f 5247 5250 5251
f 5252 5234 5248
f 5250 5253 5251
f 5250 5254 5253
f 5254 5250 5255
f 5250 5245 5256
f 5250 5256 5255
f 5245 5257 5256
f 5255 5256 5258
f 5256 5259 5258
f 5256 5257 5259
f 5257 4840 5259
f 5259 4840 4828
f 5259 4828 4824
f 5258 5259 4824
f 5260 4845 5257
f 5245 5260 5257
f 5257 4845 4840
f 5260 5244 5261
f 5245 5244 5260
f 5260 5262 4845
f 5261 5262 5260
f 5261 4866 5262
f 4867 4866 5261
f 4889 4867 5261
f 4889 5261 5244
f 5262 5263 5264
f 5262 5264 4845
f 4866 5265 5262
f 5263 5262 5265
f 4855 4849 5266
f 4849 4851 5266
f 5255 5258 5267
f 5267 5258 4822
f 5258 4824 4822
f 5268 5255 5267
f 5267 4822 4820
f 5268 5267 5269
f 5269 5267 4820
f 5269 5270 5268
f 5254 5255 5268
f 5268 5270 5271
f 5272 5268 5271
f 5254 5268 5272
f 5269 5273 5270
f 5274 5275 5276
f 5275 5277 5276
f 5274 5278 5275
f 5279 5280 5275
f 5278 5279 5275
f 5275 5280 5281
f 5277 5275 5281
f 5282 5281 5283
f 5284 5281 5282
f 5280 5285 5281
f 5277 5281 5284
f 5281 5285 5283
f 5282 5283 5286
f 5283 5252 5286
f 5252 5283 5234
f 5285 5287 5283
f 5283 5287 5234
f 5288 5232 5287
f 5287 5232 5234
f 5289 5287 5285
f 5287 5289 5290
f 5288 5287 5290
f 5222 5291 5292
f 5222 5223 5291
f 5293 5222 5292
f 5289 5285 5294
f 5222 5293 5295
f 5295 5293 5296
f 5294 5280 5297
f 5294 5285 5280
f 5295 5298 5299
f 5300 5295 5299
f 5222 5295 5300
f 5295 5296 5301
f 5302 5295 5301
f 5302 5303 5295
f 5295 5303 5304
f 5295 5305 5298
f 5295 5304 5305
f 5306 5307 5308
f 5306 5309 5307
f 5310 5309 5306
f 5307 5309 5311
f 5310 5312 5309
f 5311 5309 5313
f 5309 5312 5313
f 5314 5313 5315
f 5315 5313 5316
f 5314 5311 5313
f 5313 5312 5316
f 5317 5316 5318
f 5312 5318 5316
f 5319 5316 5317
f 5316 5319 5315
f 5320 5321 5322
f 5317 5323 5324
f 5321 5320 5325
f 5317 5318 5323
f 5326 5323 5318
f 5324 5323 5278
f 5327 5278 5323
f 5326 5327 5323
f 5328 5327 5329
f 5328 5330 5327
f 5327 5330 5278
f 5329 5327 5326
f 5331 5332 5333
f 5329 5326 5334
f 5312 5310 5334
f 5303 5302 5331
f 5334 5326 5312
f 5331 5335 5332
f 5331 5302 5335
f 5336 5330 5328
f 5337 5279 5336
f 5336 5279 5330
f 5330 5279 5278
f 5312 5326 5318
f 5338 5339 5320
f 5338 5320 4817
f 5320 5322 5269
f 5320 5269 4818
f 5320 5339 5325
f 5320 4818 4817
f 5338 5340 5339
f 5338 5341 5340
f 5338 5342 5343
f 5341 5338 5343
f 5338 4817 5344
f 5345 5338 5346
f 5342 5338 5345
f 5344 5346 5338
f 5347 5348 5349
f 5349 5348 5350
f 5351 5352 5342
f 5349 5350 5353
f 5342 5352 5343
f 5354 5350 5355
f 5356 5350 5354
f 5355 5350 5348
f 5356 5353 5350
f 5357 3106 3105
f 5357 3105 5358
f 3106 5357 5359
f 5355 5348 5360
f 5361 3106 5359
f 5360 5348 5362
f 5348 5363 5362
f 5364 5361 5365
f 5361 5364 3106
f 3106 5364 3107
f 5366 5364 5365
f 5366 5367 5364
f 5364 3114 3107
f 5364 5367 3114
f 5368 5367 5366
f 5368 5369 5367
f 5367 3117 3114
f 5367 5369 3117
f 5370 5369 5368
f 5369 3127 3117
f 5370 3127 5369
f 5371 5372 5373
f 5373 5372 3238
f 5373 3238 3237
f 5374 5372 5375
f 5376 5375 5372
f 3238 5372 5374
f 5371 5348 5372
f 5377 5372 5348
f 5376 5372 5377
f 5346 5344 5378
f 5379 5375 5376
f 5378 5344 5380
f 5380 5344 5381
f 5382 5375 5379
f 5382 3328 5375
f 5383 3328 5382
f 5381 4813 5384
f 5381 5344 4813
f 3329 3328 5383
f 5384 4813 5385
f 5374 5375 5386
f 3239 5374 5387
f 3239 3238 5374
f 5387 5374 5386
f 5386 5375 3328
f 5386 3328 3324
f 5387 5386 3321
f 3321 5386 3324
f 3249 3239 5387
f 3249 5387 3317
f 3317 5387 3321
f 5348 5371 5363
f 5388 3064 5389
f 5388 3105 3064
f 3105 5388 5358
f 5390 5353 5356
f 3052 5391 5390
f 3064 3057 5389
f 5390 5391 5353
f 5391 3052 3050
f 3047 5392 5393
f 5393 5394 5352
f 5393 5352 5351
f 5393 5392 5394
f 3047 3045 5392
f 5395 5396 5397
f 3042 5395 5397
f 5395 5398 5399
f 5400 5398 5395
f 5396 5395 5399
f 3042 5401 5395
f 5401 5400 5395
f 5400 5402 5403
f 5402 5400 5401
f 5400 5404 5405
f 5406 5400 5405
f 5406 5398 5400
f 5403 5404 5400
f 3023 5407 5408
f 5407 3023 5211
f 5407 5211 5409
f 5410 5404 5403
f 5409 5211 5215
f 5404 5410 5411
f 5299 5412 5300
f 5299 5413 5412
f 5217 5300 5412
f 5412 5413 5414
f 5413 5299 5415
f 5416 5398 5406
f 5299 5417 5415
f 5418 5416 5419
f 5416 5418 5398
f 5398 5418 5399
f 5399 5418 5420
f 5418 5307 5420
f 5421 5307 5418
f 5421 5418 5419
f 5420 5422 5399
f 5420 5307 5311
f 5423 5420 5311
f 5420 5423 5424
f 5422 5420 5424
f 5352 5425 5426
f 5426 5343 5352
f 5343 5426 5427
f 5399 5422 5428
f 5425 5352 5394
f 5396 5399 5428
f 5343 5427 5429
f 5341 5343 5429
f 5423 5311 5430
f 5299 5298 5417
f 5431 3023 5408
f 5431 3028 3023
f 3042 3041 5401
f 3028 5431 3034
f 5377 5348 5347
f 5344 4814 4813
f 5344 4817 4814
f 5430 5311 5314
f 5269 5322 5273
f 5324 5278 5274
f 5307 5421 5308
f 5432 5279 5337
f 5432 5280 5279
f 5280 5432 5297
f 5216 5222 5300
f 5300 5217 5216
f 5269 4820 4818
f 5243 4889 5244
f 4890 5243 5242
f 4890 4889 5243
f 4892 4891 5240
f 5227 5232 5288
f 3019 5211 3023
f 4905 5220 5433
f 4906 5433 5202
f 4905 5433 4906
f 4906 5202 4922
f 4904 4903 5231
f 4883 4896 4875
f 4872 4867 4889
f 5434 4866 4865
f 4866 5434 5265
f 4846 4845 5264
f 4852 3205 3220
f 4837 4852 4838
f 4852 3220 4838
f 4838 3220 3243
f 4838 3243 3244
f 4830 5435 4833
f 3250 5435 4830
f 4830 3245 3250
f 4830 3244 3245
f 5435 3250 5436
f 5437 3261 4827
f 3250 3255 5436
f 3261 5437 3260
f 5385 4813 3336
f 4076 3345 3347
f 5385 3336 3337
f 3248 3249 3317
f 3296 3314 3297
f 3262 5438 3307
f 3253 3312 5439
f 5438 3262 3259
f 3254 3253 5439
f 3272 3271 3280
f 3241 3239 3249
f 3220 3221 3243
f 3127 5370 3129
f 3227 3215 3135
f 3130 3227 3135
f 3214 3215 3229
f 3135 3215 3142
f 3200 3212 3213
f 3200 3188 3212
f 3212 3151 3147
f 3212 3188 3151
f 3188 3160 3151
f 3174 3178 2523
f 2518 2523 3178
f 3157 3169 2526
f 3154 3151 3160
f 3157 2526 3158
f 2526 2529 3158
f 3158 3083 3082
f 3158 2529 3083
f 3124 3126 3132
f 5440 3099 5441
f 3103 3099 5440
f 3087 3081 5442
f 2534 3078 3077
f 5443 3072 2545
f 3072 5443 5444
f 3071 3072 5444
f 5445 5446 5447
f 5446 5448 5449
f 5446 5445 5448
f 5450 5448 5445
f 5450 5445 5451
f 5451 5445 5452
f 5453 2548 5445
f 5452 5445 2548
f 5453 5445 5447
f 2545 2544 5454
f 5443 2545 5454
f 2548 5453 2549
f 5449 5448 5455
f 5455 5448 5456
f 5457 5448 5458
f 5458 5448 5450
f 5457 5456 5448
f 5459 5456 5457
f 5456 5460 5455
f 5460 5456 5461
f 5462 5461 5456
f 5462 5456 5459
f 3061 3070 5463
f 3062 3061 5463
f 5464 3015 3030
f 3014 3015 5464
f 3064 3103 3065
f 5465 5461 5462
f 5461 3051 3056
f 5461 5465 3051
f 3011 3009 3019
f 5452 2548 5466
f 5467 3006 3017
f 5466 2548 2552
f 5468 3006 5467
f 5468 3000 3006
f 5469 3000 5468
f 5470 3000 5469
f 3000 5471 2992
f 5471 3000 5470
f 5472 5473 5474
f 5470 5469 5475
f 2561 5473 5472
f 2561 2560 5473
f 5476 5477 5478
f 2552 2555 5477
f 2552 5477 5476
f 2590 2589 5479
f 2590 5479 5480
f 2991 2992 5471
f 2987 5481 2988
f 5481 2987 2596
f 2598 2596 2987
f 2598 2987 2994
f 5482 2982 5483
f 5481 2596 5484
f 5485 5482 5483
f 5486 2979 5482
f 2979 2982 5482
f 5485 5487 5482
f 5486 5482 5487
f 2974 2979 5486
f 5488 2974 5486
f 5489 5486 5487
f 5488 5486 5489
f 5490 5491 5492
f 5493 5491 5490
f 5490 5492 5494
f 2974 5488 5495
f 5494 5492 2972
f 2975 2974 5495
f 5494 2972 5496
f 5491 5497 5492
f 5492 5497 2961
f 2972 5492 2961
f 5491 5498 5497
f 5499 5497 5498
f 5497 5500 2962
f 5500 5497 5499
f 5497 2962 2961
f 5501 5502 5503
f 5504 5503 5502
f 5502 5501 5505
f 5506 5507 5501
f 5508 5509 5510
f 5501 5503 5506
f 5508 5511 5509
f 5505 5501 5512
f 5511 2962 5500
f 5511 2953 2962
f 5511 5513 2953
f 5513 5511 5508
f 2956 2953 5513
f 5514 2950 5515
f 5515 2950 2949
f 5516 2604 5517
f 5518 5506 5519
f 5507 5506 5518
f 5516 5517 5520
f 2602 5516 5521
f 5522 5523 5524
f 2602 2604 5516
f 5525 5524 5504
f 5522 5524 5525
f 5504 5524 5503
f 5526 5527 5491
f 5526 5528 5527
f 5529 5491 5527
f 5530 5523 5522
f 5531 5523 5530
f 5532 5528 5526
f 5528 5532 5533
f 5534 5535 5536
f 5537 5538 5539
f 5535 5540 5541
f 5523 5531 5542
f 5535 5543 5540
f 5535 5543 5543
f 5535 5544 5543
f 5535 5545 5544
f 5535 5546 5545
f 5535 5547 5546
f 5547 5535 5548
f 5548 5535 5534
f 5549 2602 5550
f 5549 5550 5550
f 5549 5550 5550
f 5551 2602 5549
f 5552 2602 5551
f 5553 2602 5552
f 5546 5547 5554
f 5546 5554 5555
f 5556 2602 5553
f 2601 2602 5556
f 5557 5536 5558
f 5534 5536 5557
f 5559 5536 2595
f 5558 5536 5559
f 5538 5487 5560
f 5537 5487 5538
f 5561 2595 5536
f 5562 2595 5561
f 5560 5487 5563
f 5562 2596 2595
f 2596 5562 5484
f 5487 5485 5563
f 5564 5487 5537
f 5526 5491 5493
f 5489 5487 5564
f 5498 5491 5529
f 5565 5514 5566
f 5514 5565 2950
f 2620 2618 5567
f 5565 5568 2950
f 5569 2950 5568
f 2950 5569 2947
f 2934 2932 5570
f 5571 2934 5570
f 5568 5565 5572
f 5568 5572 5573
f 5571 5574 2934
f 5574 5571 5575
f 5573 5572 5576
f 5577 5574 5575
f 5578 5574 5579
f 5578 2934 5574
f 5580 5581 5582
f 2934 5578 5583
f 5580 2825 5581
f 2621 2626 5584
f 2631 2630 5585
f 2823 2825 5580
f 2818 2819 5586
f 5585 2630 2814
f 5587 2895 5588
f 5589 2895 5587
f 2902 2904 5590
f 2934 5583 2935
f 2929 2919 2937
f 2924 2935 5591
f 2925 2924 5591
f 2898 2895 5589
f 2875 2897 2901
f 2910 2875 2901
f 2881 2897 2875
f 2885 2743 2742
f 2876 2875 2910
f 2854 2857 2874
f 2874 5592 2872
f 2874 2857 5592
f 2844 2846 2917
f 2845 2844 2830
f 2842 2807 2806
f 2830 2831 2845
f 2629 2814 2630
f 2788 2798 2800
f 2788 2786 2798
f 2639 2772 2793
f 5593 2880 2868
f 5594 2880 5593
f 5594 2749 2880
f 5595 2749 5594
f 2779 2777 5596
f 2750 2749 5595
f 2762 2759 5596
f 5596 2777 2762
f 2762 2777 2767
f 2639 2638 2771
f 2766 5597 2761
f 2760 2761 5597
f 5598 5597 5599
f 5600 5599 5597
f 5600 5597 2766
f 5598 2760 5597
f 5601 2760 5598
f 5601 5598 5602
f 5602 5598 5603
f 5603 5598 5599
f 5604 2731 5605
f 2731 5604 2732
f 5603 5606 5602
f 5603 5599 5607
f 5608 5603 5607
f 5606 5603 5608
f 2724 5608 2725
f 5606 5608 2724
f 5608 5607 2649
f 2725 5608 2651
f 2651 5608 2649
f 5609 5607 5599
f 2650 2649 5607
f 2650 5607 5609
f 2758 2760 5601
f 5605 2754 2755
f 5605 2731 2754
f 5609 5599 5600
f 2734 2733 2753
f 2753 2733 2741
f 4977 2736 2738
f 2664 2725 2657
f 2657 2725 2651
f 2687 2676 5022
f 2643 2635 2682
f 2625 2624 5148
f 2439 5177 2440
f 2440 5177 5610
f 2623 2614 5611
f 5559 2595 2597
f 2611 2586 5612
f 2579 5613 2580
f 5614 2581 2583
f 5615 2581 5614
f 5616 5617 5613
f 5616 5613 2579
f 5616 2579 5618
f 5619 5620 5621
f 5619 5621 5622
f 5620 5619 5623
f 5624 5625 5616
f 5616 5626 5617
f 5616 5625 5626
f 5624 5627 5625
f 5628 2581 5629
f 5630 2581 5628
f 5624 5631 5627
f 5632 2581 5630
f 5631 5624 5633
f 5634 5632 5635
f 5631 5633 5636
f 2581 5632 5634
f 2581 5634 5637
f 5637 5634 5638
f 5638 5634 5639
f 5640 5641 5642
f 5634 5635 5643
f 5634 5643 5644
f 5634 5644 5645
f 5634 5645 5646
f 5634 5646 5646
f 5647 5624 5648
f 5649 5624 5647
f 5650 5624 5649
f 5646 5646 5646
f 5646 5646 5646
f 5647 5624 5647
f 5647 5624 5647
f 5633 5624 5650
f 5636 5633 5651
f 5637 5638 5652
f 5641 5653 5654
f 5654 5653 5655
f 5656 5654 5655
f 5652 5638 5657
f 5654 5656 5658
f 5658 5656 5659
f 5660 5661 5662
f 5662 5663 5660
f 5664 5663 5662
f 5660 5663 5665
f 5666 5667 5663
f 5663 5664 5666
f 5663 5668 5665
f 5667 5668 5663
f 5667 5669 5670
f 5667 5671 5669
f 5668 5667 5672
f 5620 5673 5621
f 5620 5674 5673
f 5667 5666 5671
f 5641 5640 5675
f 5653 5641 5675
f 2489 2488 5674
f 5674 5620 2489
f 5665 2482 2481
f 2481 2480 5665
f 5660 5665 2480
f 2482 5665 5668
f 5661 5660 5676
f 2465 5660 2480
f 5676 5660 2465
f 5677 5658 5659
f 5658 5677 5678
f 5676 2465 2458
f 5658 5678 5679
f 5679 5680 5681
f 5679 5682 5680
f 5682 5679 5678
f 2443 2444 5683
f 2453 2451 5684
f 2458 2460 5685
f 5629 2581 5615
f 2579 5686 5618
f 5620 5623 5687
f 5686 2576 5688
f 5689 5620 5687
f 5686 2579 2576
f 5690 5689 5691
f 2576 5692 5688
f 5689 5690 5620
f 5693 2491 5690
f 5693 5690 5691
f 5620 5690 2489
f 2489 5690 2491
f 5692 2573 5694
f 2573 5695 5694
f 2492 5693 5696
f 5693 2492 2491
f 2538 2492 5696
f 5695 2557 5697
f 5695 2573 2557
f 5692 2576 2573
f 2581 5637 5698
f 2581 5698 5699
f 5697 2557 2556
f 2534 2533 3078
f 2496 2497 2530
f 2452 2454 2502
f 2465 2480 2464
f 2454 2469 2500
f 5700 5701 5702
f 5703 5704 5705
f 5706 5707 5708
f 5701 5700 5709
f 5708 5707 5710
f 5711 5712 5713
f 5706 5714 5707
f 5713 5712 5715
f 5716 5717 5718
f 5719 5716 5718
f 5720 5712 5711
f 5721 5712 5720
f 5722 5712 5721
f 5723 5712 5722
f 5724 5717 5716
f 5723 5725 5712
f 5716 5719 5726
f 5715 5712 5727
f 5724 5728 5717
f 5729 5717 5728
f 5729 5730 5717
f 5730 5718 5717
f 5731 5732 5730
f 5732 5733 5730
f 5730 5733 5718
f 5731 5730 5729
f 5734 5731 5729
f 5735 5731 5734
f 5735 5736 5731
f 5736 5732 5731
f 5737 5736 5735
f 5735 5738 5737
f 5734 5739 5735
f 5738 5735 5739
f 5739 5734 5740
f 5738 5739 5741
f 5742 5743 5744
f 5742 5744 5745
f 5743 5742 5746
f 5739 5740 5747
f 5744 5748 5745
f 5749 5740 5734
f 5740 5749 5750
f 5751 5752 5753
f 5752 5751 5743
f 5740 5750 5754
f 5752 5743 5746
f 5755 5751 5753
f 5749 5756 5750
f 5757 5755 5758
f 5759 5755 5757
f 5755 5759 5751
f 5757 5760 5759
f 5761 5751 5759
f 5760 5762 5759
f 5759 5762 5761
f 5763 5761 5764
f 5751 5761 5763
f 5762 5765 5761
f 5761 5765 5764
f 5765 5766 5764
f 5764 5766 5767
f 5768 5764 5767
f 5768 5763 5764
f 5763 5768 5769
f 5770 5771 5772
f 5770 5773 5771
f 5770 5774 5773
f 5768 5767 5775
f 5776 5770 5777
f 5778 5770 5779
f 5774 5770 5778
f 5780 5779 5770
f 5780 5770 5776
f 5773 5774 5781
f 5782 5783 5784
f 5778 5785 5774
f 5781 5774 5786
f 5783 5787 5788
f 5783 5782 5787
f 5789 5790 5791
f 5789 5787 5790
f 5788 5787 5789
f 5792 5790 5787
f 5793 5790 5792
f 5794 5790 5793
f 5791 5790 5794
f 5795 5793 5796
f 5796 5793 5792
f 5797 5793 5795
f 5794 5793 5798
f 5793 5797 5798
f 5797 5795 5799
f 5800 5801 5802
f 5801 5800 5803
f 5804 5803 5800
f 5803 5805 5801
f 5806 5801 5805
f 5807 5801 5806
f 5808 5801 5807
f 5802 5801 5808
f 5771 5773 5809
f 5808 5807 5810
f 5771 5809 5811
f 5806 5805 5812
f 5744 5805 5803
f 5744 5813 5805
f 5812 5805 5813
f 5743 5763 5813
f 5769 5813 5763
f 5812 5813 5769
f 5743 5813 5744
f 5814 5815 5799
f 5737 5816 5817
f 5738 5816 5737
f 5816 5738 5818
f 5819 5803 5804
f 5748 5803 5819
f 5820 5815 5814
f 5821 5815 5820
f 5822 5737 5817
f 5823 5824 5815
f 5823 5815 5825
f 5825 5815 5826
f 5826 5815 5821
f 5827 5828 5829
f 5827 5830 5828
f 5796 5830 5827
f 5796 5792 5830
f 5830 5782 5828
f 5792 5787 5830
f 5830 5787 5782
f 5828 5831 5832
f 5833 5828 5832
f 5828 5782 5831
f 5829 5828 5833
f 5832 5831 5834
f 5835 5834 5831
f 5784 5831 5782
f 5835 5831 5784
f 5836 5834 5835
f 5837 5838 5839
f 5778 5839 5785
f 5837 5839 5778
f 5837 5840 5841
f 5842 5837 5841
f 5837 5842 5838
f 5843 5837 5844
f 5843 5845 5837
f 5837 5845 5840
f 5837 5778 5846
f 5844 5837 5846
f 5847 5843 5844
f 5848 5844 5849
f 5847 5844 5848
f 5844 5846 5850
f 5844 5850 5849
f 5849 5851 5852
f 5850 5851 5849
f 5849 5853 5848
f 5854 5853 5849
f 5849 5852 5854
f 5855 5856 5857
f 5857 5856 5858
f 5858 5859 5857
f 5860 5858 5856
f 5861 5858 5860
f 5862 5858 5861
f 5862 5863 5858
f 5859 5858 5863
f 5864 5863 5865
f 5866 5865 5863
f 5866 5863 5862
f 5859 5863 5864
f 5867 5866 5868
f 5868 5866 5862
f 5867 5869 5866
f 5869 5865 5866
f 5870 5871 5869
f 5871 5872 5869
f 5869 5872 5865
f 5870 5869 5867
f 5873 5874 5875
f 5873 5875 5876
f 5877 5871 5870
f 5875 5874 5878
f 5879 5880 5877
f 5873 5881 5874
f 5874 5881 5882
f 5874 5883 5884
f 5885 5886 5879
f 5874 5882 5883
f 5879 5886 5880
f 5877 5880 5871
f 5880 5887 5871
f 5880 5888 5887
f 5886 5888 5880
f 5889 5887 5888
f 5890 5872 5887
f 5871 5887 5872
f 5890 5887 5889
f 5889 5888 5891
f 5892 5848 5893
f 5893 5848 5853
f 5888 5894 5891
f 5895 5896 5892
f 5892 5896 5848
f 5897 5896 5895
f 5896 5847 5848
f 5896 5897 5898
f 5898 5899 5896
f 5899 5847 5896
f 5900 5898 5901
f 5902 5898 5900
f 5898 5902 5903
f 5898 5897 5904
f 5905 5898 5906
f 5901 5898 5905
f 5898 5904 5906
f 5903 5907 5898
f 5907 5899 5898
f 5908 5907 5909
f 5909 5907 5903
f 5907 5910 5899
f 5908 5910 5907
f 5910 5911 5912
f 5908 5911 5910
f 5910 5912 5913
f 5910 5914 5915
f 5914 5910 5913
f 5910 5915 5916
f 5910 5916 5843
f 5910 5843 5847
f 5910 5847 5899
f 5917 5918 5919
f 5917 5920 5918
f 5921 5920 5917
f 5843 5916 5922
f 5923 5918 5920
f 5923 5920 5924
f 5924 5920 5925
f 5921 5925 5920
f 5926 5925 5927
f 5928 5927 5925
f 5929 5925 5921
f 5928 5925 5929
f 5924 5925 5926
f 5930 5926 5931
f 5931 5926 5932
f 5930 5924 5926
f 5926 5927 5932
f 5931 5932 5933
f 5933 5932 5934
f 5932 5935 5934
f 5932 5927 5935
f 5934 5935 5936
f 5937 5935 5938
f 5937 5936 5935
f 5938 5935 5927
f 5939 5936 5937
f 5939 5940 5936
f 5934 5936 5941
f 5941 5936 5940
f 5942 5940 5943
f 5944 5943 5940
f 5945 5940 5939
f 5944 5940 5945
f 5941 5940 5942
f 5946 5942 5947
f 5947 5942 5948
f 5946 5941 5942
f 5943 5949 5942
f 5942 5949 5948
f 5950 5951 5947
f 5950 5952 5951
f 5953 5941 5946
f 5950 5954 5952
f 5950 5955 5954
f 5950 5956 5955
f 5950 5957 5956
f 5958 5957 5950
f 5959 5960 5961
f 5962 5963 5959
f 5959 5963 5960
f 5964 5963 5962
f 5960 5963 5965
f 5964 5965 5963
f 5966 5965 5964
f 5967 5965 5968
f 5966 5968 5965
f 5960 5965 5967
f 5967 5968 5732
f 5969 5967 5736
f 5969 5960 5967
f 5736 5967 5732
f 5737 5969 5736
f 5961 5969 5822
f 5822 5969 5737
f 5961 5960 5969
f 5970 5968 5966
f 5966 5964 5971
f 5972 5973 5974
f 5973 5972 5975
f 5972 5974 5976
f 5970 5966 5977
f 5974 5978 5976
f 5979 5973 5975
f 5980 5970 5981
f 5980 5733 5970
f 5978 5982 5983
f 5978 5974 5984
f 5978 5984 5982
f 5970 5733 5968
f 5982 5984 5985
f 5982 5985 5986
f 5987 5982 5986
f 5982 5987 5983
f 5987 5986 5988
f 5986 5989 5988
f 5989 5986 5990
f 5986 5985 5991
f 5986 5991 5990
f 5719 5980 5992
f 5993 5990 5991
f 5985 5994 5991
f 5993 5991 5994
f 5993 5994 5995
f 5996 5997 5998
f 5997 5999 6000
f 6001 5990 5993
f 5997 5996 5999
f 6002 5996 5998
f 5999 5996 6003
f 6002 6004 5996
f 5996 6004 6005
f 5996 6005 6003
f 6003 6005 6006
f 6003 6006 6007
f 6008 6003 6007
f 5999 6003 6008
f 6009 5999 6008
f 6008 6007 6010
f 6011 6008 6010
f 6009 6008 6011
f 6012 6013 6014
f 6015 6013 6012
f 5715 6013 6015
f 5715 5727 6013
f 6016 6009 6017
f 6016 5999 6009
f 6018 6019 6020
f 6018 5990 6019
f 5990 6001 6019
f 5999 6016 6000
f 5726 5719 6021
f 5989 5990 6018
f 6012 6022 6023
f 6012 6023 6024
f 6012 6014 6022
f 6025 6026 6027
f 6028 6029 6025
f 6025 6029 6026
f 6030 6029 6028
f 6031 6032 6033
f 6034 6029 6030
f 6034 6030 6035
f 6035 6030 6036
f 6037 6038 6032
f 6037 6032 6031
f 6039 6040 6041
f 6039 6041 6042
f 6041 6040 6043
f 6038 6037 6044
f 6038 6044 6045
f 6040 6046 6043
f 6046 6047 6048
f 6046 6040 6047
f 6049 6045 6050
f 6045 6049 6038
f 6051 6052 6049
f 6035 6036 6053
f 6049 6050 6051
f 6051 6054 6052
f 6048 6055 6056
f 6054 6051 6057
f 6047 6055 6048
f 6055 6058 6059
f 6054 6057 6060
f 6055 6047 6061
f 6055 6061 6058
f 6047 6062 6061
f 6062 6063 6061
f 6061 6063 6064
f 6064 6065 6061
f 6061 6065 6058
f 6065 6064 6066
f 6064 6067 6066
f 6063 6067 6064
f 6068 6069 6067
f 6068 6067 6070
f 6070 6067 6071
f 6071 6067 6063
f 6067 6069 6066
f 6072 6069 6068
f 6069 6072 6073
f 6066 6069 6074
f 6073 6074 6069
f 6075 6074 6073
f 6076 6077 6078
f 6076 6079 6077
f 6080 6074 6075
f 6079 6081 6082
f 6079 6076 6081
f 6083 6081 6084
f 6081 6083 6085
f 6081 6086 6084
f 6076 6087 6081
f 6082 6081 6085
f 6086 6081 6088
f 6081 6087 6088
f 6089 6090 6091
f 6091 6090 6092
f 6092 6093 6091
f 6086 6088 6094
f 6095 6090 6089
f 6094 6088 6096
f 6095 6097 6090
f 6097 6095 6098
f 6096 6088 6099
f 6098 6100 6097
f 6099 6088 5903
f 6099 5903 6101
f 6102 6100 6098
f 6103 6100 6104
f 6103 6097 6100
f 6105 6104 6100
f 6105 6100 6102
f 6103 6104 6106
f 6106 6104 6107
f 6108 6107 6104
f 6108 6104 6109
f 6104 6105 6109
f 6110 6107 6111
f 6106 6107 6110
f 6112 6107 6108
f 6112 6111 6107
f 6113 6111 6114
f 6110 6111 6113
f 6115 6114 6111
f 6115 6111 6112
f 6116 6114 6117
f 6118 6117 6114
f 6118 6114 6119
f 6114 6115 6119
f 6113 6114 6116
f 6120 6116 5885
f 5885 6116 5886
f 6120 6113 6116
f 6116 6117 5886
f 5884 5883 6121
f 6122 6113 6120
f 5886 6117 5888
f 5894 5888 6117
f 5894 6117 6118
f 6122 6110 6113
f 6123 6106 6110
f 6123 6110 6122
f 5883 6124 6125
f 6126 6106 6123
f 5883 5882 6124
f 6124 5882 6127
f 6128 6129 6126
f 6126 6129 6103
f 6126 6103 6106
f 6130 6090 6129
f 6129 6090 6097
f 6129 6097 6103
f 6128 6130 6129
f 6131 6132 6130
f 6131 6130 6128
f 6132 6092 6130
f 6130 6092 6090
f 6133 6132 6131
f 6133 6134 6132
f 6134 6135 6132
f 6132 6135 6092
f 6093 6092 6135
f 6136 6135 6137
f 6093 6135 6136
f 6137 6135 6138
f 6134 6138 6135
f 6139 6138 6134
f 6139 6140 6138
f 6141 6138 6140
f 6138 6141 6137
f 6142 6143 6144
f 6141 6140 6145
f 6143 6146 6085
f 6085 6147 6143
f 6146 6143 6142
f 6148 6149 6150
f 6148 6140 6149
f 6146 6142 6151
f 6145 6140 6148
f 6150 6149 6152
f 6153 6154 6155
f 6153 6156 6157
f 6153 6157 6154
f 6158 6156 6153
f 6152 6159 6160
f 6152 6149 6159
f 6159 6149 6161
f 6162 6159 6161
f 6160 6159 6163
f 6163 6159 6162
f 5881 6164 6165
f 6160 6163 6166
f 6164 6167 6168
f 6169 6158 6170
f 5881 6167 6164
f 6171 6172 6169
f 6173 6172 6171
f 6167 6174 6175
f 6167 6176 6174
f 6167 6177 6176
f 6167 6178 6177
f 5873 6178 6167
f 5873 6167 5881
f 6179 6178 6180
f 6181 6182 6183
f 6178 5873 6184
f 6178 6184 6185
f 6181 6186 6182
f 6187 6186 6181
f 6178 6185 6188
f 6177 6178 6179
f 6177 6179 6189
f 6190 6191 6192
f 6183 6182 6190
f 6190 6182 6191
f 6191 6193 6194
f 6191 6195 6193
f 6182 6195 6191
f 6192 6191 6194
f 6192 6194 6196
f 6196 6194 6197
f 6194 6193 6198
f 6194 6198 6197
f 6197 6198 6199
f 6200 6197 6201
f 6197 6199 6201
f 6196 6197 6200
f 6202 6177 6203
f 6200 6201 6204
f 6205 6202 6206
f 6205 6177 6202
f 6204 6207 6208
f 6204 6201 6207
f 6207 6209 6210
f 6208 6207 6210
f 6201 6211 6207
f 6207 6211 6209
f 6210 6209 6212
f 6213 6212 6209
f 6214 6209 6211
f 6215 6209 6214
f 6213 6209 6215
f 6216 6217 6218
f 6217 6219 6220
f 6219 6217 6216
f 6221 6219 6216
f 6222 6221 6216
f 6222 6216 6223
f 6224 6223 6216
f 6216 6218 6224
f 6225 6223 6226
f 6224 6226 6223
f 6227 6223 6225
f 6227 6228 6223
f 6229 6223 6228
f 6229 6222 6223
f 6230 6231 6229
f 6231 6222 6229
f 6230 6229 6232
f 6232 6229 6233
f 6233 6229 6228
f 6234 6230 6232
f 6235 6230 6234
f 6236 6231 6230
f 6237 6230 6238
f 6239 6230 6237
f 6238 6230 6240
f 6240 6230 6235
f 6236 6230 6239
f 6241 6242 6243
f 6243 6242 6244
f 6244 6242 6245
f 6246 6245 6242
f 6246 6242 6247
f 6241 6248 6242
f 6247 6242 6248
f 6249 6247 6250
f 6250 6247 6251
f 6249 6246 6247
f 6247 6248 6251
f 6252 6251 6253
f 6250 6251 6252
f 6251 6254 6253
f 6251 6248 6254
f 6255 6254 6248
f 6256 6254 6255
f 6256 6257 6254
f 6253 6254 6257
f 6258 6257 6256
f 6258 6259 6257
f 6253 6257 6260
f 6260 6257 6259
f 6260 6259 6261
f 6262 6260 6261
f 6263 6260 6262
f 6263 6253 6260
f 6264 6265 6266
f 6267 6253 6263
f 6264 6268 6265
f 6269 6270 6271
f 6264 6272 6273
f 6271 6270 6274
f 6264 6275 6272
f 6264 6266 6275
f 6276 6268 6264
f 6274 6270 6277
f 6276 6278 6268
f 6276 6279 6278
f 6276 6280 6279
f 6276 6281 6280
f 6276 6282 6281
f 6282 6276 6283
f 6274 6277 6284
f 6285 6286 6277
f 6285 6277 6270
f 6284 6277 6287
f 6286 6287 6277
f 6286 6288 6287
f 6289 6288 6286
f 6290 6286 6285
f 6290 6289 6286
f 6291 6292 6289
f 6291 6289 6290
f 6292 6293 6289
f 6289 6293 6288
f 6292 6294 6293
f 6294 6295 6293
f 6293 6296 6288
f 6293 6295 6296
f 6296 6297 6298
f 6288 6296 6298
f 6295 6299 6296
f 6297 6296 6299
f 6300 6298 6297
f 6297 6299 6301
f 6300 6297 6302
f 6303 6304 6305
f 6304 6306 6307
f 6304 6303 6306
f 6303 6308 6306
f 6306 6308 6309
f 6310 6306 6311
f 6306 6310 6307
f 6311 6306 6309
f 6311 6309 6312
f 6313 6314 6315
f 6315 6314 6316
f 6316 6314 6317
f 6314 6318 6319
f 6317 6314 6319
f 6314 6320 6318
f 6313 6320 6314
f 6317 6319 6321
f 6322 6323 6324
f 6316 6317 6325
f 6324 6323 6326
f 6284 6287 6327
f 6327 6287 6298
f 6298 6300 6327
f 6328 6283 6323
f 6328 6323 6329
f 6329 6323 6330
f 6330 6323 6331
f 6331 6323 6322
f 6321 6332 6333
f 6333 6332 6334
f 6333 6334 6335
f 6334 6336 6337
f 6338 6334 6337
f 6334 6339 6336
f 6332 6339 6334
f 6335 6334 6338
f 6337 6336 6340
f 6341 6342 6336
f 6341 6336 6343
f 6343 6336 6339
f 6340 6336 6342
f 6344 6345 6346
f 6347 6345 6344
f 6343 6339 6348
f 6347 6349 6345
f 6350 6349 6347
f 6348 6351 6352
f 6348 6339 6351
f 6345 6349 6353
f 6354 6355 6349
f 6349 6355 6356
f 6357 6349 6358
f 6359 6349 6357
f 6354 6349 6359
f 6353 6349 6360
f 6349 6356 6360
f 6358 6349 6350
f 6361 6362 6363
f 6361 6320 6362
f 6364 6320 6361
f 6320 6313 6362
f 6365 6309 6366
f 6312 6309 6365
f 6365 6366 6367
f 6368 6369 6370
f 6368 6354 6369
f 6366 6309 6371
f 6371 6308 6372
f 6371 6309 6308
f 6373 6368 6374
f 6372 6375 6376
f 6372 6377 6375
f 6372 6308 6377
f 6354 6368 6373
f 6354 6373 6355
f 6378 6355 6373
f 6378 6373 6379
f 6379 6373 6380
f 6373 6374 6381
f 6382 6383 6384
f 6383 6385 6386
f 6383 6382 6385
f 6387 6385 6382
f 6387 6382 6388
f 6388 6382 6375
f 6384 6375 6382
f 6375 6377 6388
f 6377 6389 6388
f 6389 6387 6388
f 6389 6390 6391
f 6390 6389 6377
f 6391 6392 6389
f 6392 6387 6389
f 6391 6393 6394
f 6393 6391 6390
f 6394 6395 6391
f 6395 6392 6391
f 6396 6397 6395
f 6397 6398 6395
f 6395 6398 6392
f 6396 6395 6394
f 6399 6396 6400
f 6399 6401 6396
f 6396 6402 6400
f 6402 6396 6394
f 6401 6397 6396
f 6403 6404 6405
f 6406 6401 6407
f 6408 6401 6406
f 6401 6399 6407
f 6401 6409 6397
f 6409 6401 6408
f 6410 6411 6412
f 6411 6413 6412
f 6414 6415 6411
f 6415 6416 6411
f 6411 6416 6417
f 6413 6411 6417
f 6414 6411 6410
f 6418 6419 6420
f 6418 6421 6419
f 6422 6415 6414
f 6418 6420 6423
f 6414 6410 6424
f 6425 6421 6418
f 6426 6427 6428
f 6429 6427 6426
f 6429 6430 6427
f 6431 6420 6432
f 6423 6420 6431
f 6432 6420 6433
f 6434 6435 6436
f 6434 6436 6437
f 6438 6439 6440
f 6441 6442 6443
f 6438 6444 6439
f 6444 6445 6439
f 6446 6441 6447
f 6441 6446 6442
f 6448 6446 6447
f 6422 6446 6415
f 6446 6449 6415
f 6448 6449 6446
f 6442 6446 6422
f 6450 6451 6452
f 6445 6451 6450
f 6449 6448 6453
f 6452 6451 6454
f 6452 6454 6455
f 6456 6449 6453
f 6457 6458 6454
f 6457 6454 6451
f 6458 6459 6454
f 6455 6454 6459
f 6460 6458 6457
f 6458 6460 6461
f 6458 6461 6459
f 6462 6461 6460
f 6463 6461 6462
f 6463 6459 6461
f 6464 6465 6466
f 6467 6463 6468
f 6465 6469 6470
f 6463 6467 6459
f 6465 6464 6469
f 6356 6464 6471
f 6472 6471 6464
f 6464 6473 6472
f 6356 6469 6464
f 6464 6466 6474
f 6474 6475 6464
f 6464 6475 6473
f 6476 6477 6478
f 6477 6479 6478
f 6480 6477 6481
f 6476 6481 6477
f 6482 6477 6480
f 6482 6483 6477
f 6479 6477 6483
f 6484 6480 6485
f 6486 6480 6484
f 6486 6482 6480
f 6480 6481 6485
f 6173 6485 6172
f 6484 6485 6173
f 6485 6481 6487
f 6485 6487 6172
f 6172 6487 6157
f 6488 6157 6487
f 6488 6487 6489
f 6487 6490 6489
f 6490 6487 6481
f 6474 6491 6492
f 6475 6474 6492
f 6490 6481 6476
f 6474 6493 6491
f 6154 6157 6488
f 6474 6494 6493
f 6493 6494 6495
f 6494 6474 6496
f 6497 6498 6499
f 6085 6146 6498
f 6498 6500 6085
f 6501 6498 6497
f 6500 6498 6501
f 6502 6503 6504
f 6503 6065 6080
f 6503 6502 6065
f 6082 6085 6500
f 6058 6502 6505
f 6505 6502 6506
f 6058 6065 6502
f 6507 6502 6504
f 6507 6506 6502
f 6505 6506 6508
f 6509 6508 6506
f 6507 6509 6506
f 6510 6508 6509
f 6511 6512 6513
f 6509 6507 6514
f 6515 6511 6516
f 6517 6511 6515
f 6512 6511 6517
f 6518 6519 6520
f 6518 6521 6519
f 6518 6522 6521
f 6522 6518 6523
f 6496 6524 6525
f 6474 6524 6496
f 6522 6526 6521
f 6474 6527 6524
f 6528 6526 6522
f 6522 6523 6529
f 6496 6525 6530
f 6515 6531 6532
f 6533 6499 6534
f 6531 6516 6535
f 6516 6531 6515
f 6514 6507 6536
f 6497 6499 6533
f 6537 6526 6460
f 6537 6521 6526
f 6538 6526 6528
f 6538 6460 6526
f 6460 6538 6462
f 6474 6466 6539
f 6527 6474 6539
f 6537 6460 6540
f 6541 6537 6540
f 6519 6521 6537
f 6542 6537 6541
f 6537 6542 6519
f 6543 6544 6545
f 6544 6546 6545
f 6543 6547 6544
f 6546 6544 6548
f 6519 6542 6549
f 6543 6550 6547
f 6520 6549 6551
f 6549 6520 6519
f 6552 6550 6543
f 6552 6553 6550
f 6554 6551 6555
f 6520 6551 6554
f 6556 6557 6558
f 6559 6557 6556
f 6559 6512 6557
f 6560 6510 6561
f 6513 6512 6559
f 6560 6561 6562
f 6563 6564 6565
f 6565 6566 6563
f 6567 6564 6563
f 6568 6510 6560
f 6569 6564 6567
f 6564 6569 6570
f 6571 6572 6573
f 6029 6034 6574
f 6575 6576 6570
f 6577 6572 6571
f 6575 6570 6569
f 6578 6579 6580
f 6578 6581 6579
f 6582 6576 6575
f 6580 6579 6583
f 6584 6582 6585
f 6582 6584 6576
f 6586 6581 6578
f 6587 6581 6586
f 6581 6587 6588
f 6589 6587 6590
f 6591 6592 6593
f 6594 6591 6593
f 6588 6587 6589
f 6595 6596 6597
f 6597 6596 6584
f 6597 6584 6585
f 6589 6590 6598
f 6595 6599 6596
f 6598 6590 6600
f 6598 6600 6601
f 6595 6602 6599
f 6603 6602 6595
f 6602 6603 6604
f 6605 6606 6607
f 6608 6609 6603
f 6610 6609 6608
f 6605 6611 6606
f 6612 6611 6605
f 6610 6613 6609
f 6614 6611 6612
f 6610 6615 6613
f 6614 6616 6611
f 6617 6616 6614
f 6615 6618 6619
f 6615 6610 6618
f 6620 6621 6622
f 6622 6621 6623
f 6622 6623 6624
f 6619 6618 6625
f 6625 6618 6626
f 6622 6624 6627
f 6628 6629 6630
f 6631 6632 6633
f 6629 6634 6635
f 6629 6636 6634
f 6636 6629 6637
f 6638 6637 6629
f 6638 6629 6628
f 6639 6640 6631
f 6631 6640 6632
f 6641 6639 6642
f 6641 6640 6639
f 6642 6639 6643
f 6635 6634 6644
f 6635 6644 6645
f 6646 6647 6648
f 6649 6650 6643
f 6651 6647 6646
f 6643 6650 6652
f 6648 6647 6653
f 6653 6647 6654
f 6654 6647 6655
f 6651 6655 6647
f 6654 6655 6656
f 6656 6655 6657
f 6658 6657 6655
f 6659 6655 6651
f 6658 6655 6659
f 6660 6657 6661
f 6662 6661 6657
f 6656 6657 6660
f 6657 6658 6662
f 6637 6663 6636
f 6664 6661 6662
f 6637 6665 6663
f 6666 6661 6664
f 6665 6667 6668
f 6667 6665 6637
f 6669 6666 6670
f 6668 6667 6671
f 6666 6669 6661
f 6672 6661 6669
f 6673 6669 6674
f 6672 6669 6673
f 6670 6674 6669
f 6675 6672 6676
f 6676 6672 6673
f 6675 6660 6672
f 6660 6661 6672
f 6677 6678 6679
f 6680 6660 6675
f 6681 6678 6677
f 6682 6678 6681
f 6185 6678 6682
f 6185 6683 6678
f 6678 6683 6684
f 6680 6656 6660
f 6685 6656 6680
f 6185 6682 6686
f 6686 6682 6687
f 6688 6689 6690
f 6682 6691 6692
f 6693 6694 6688
f 6682 6681 6691
f 6688 6694 6689
f 6693 6695 6694
f 6694 6696 6689
f 6694 6697 6696
f 6695 6697 6694
f 6693 6698 6695
f 6698 6699 6695
f 6695 6699 6700
f 6695 6700 6697
f 6701 6697 6700
f 6702 6700 6699
f 6701 6700 6703
f 6700 6702 6703
f 6704 6705 6706
f 6702 6699 6707
f 6708 6705 6704
f 6707 6699 6709
f 6710 6705 6708
f 6710 6711 6705
f 6712 6711 6710
f 6713 6714 6709
f 6709 6699 6713
f 6715 6713 6699
f 6716 6713 6715
f 6716 6717 6713
f 6714 6713 6717
f 6718 6716 6715
f 6716 6719 6717
f 6720 6719 6716
f 6718 6720 6716
f 6720 6674 6719
f 6673 6674 6720
f 6721 6673 6720
f 6721 6720 6718
f 6681 6677 6722
f 6676 6673 6721
f 6723 6717 6719
f 6724 6719 6674
f 6719 6724 6723
f 6725 6726 6727
f 6724 6674 6728
f 6729 6726 6725
f 6671 6726 6729
f 6671 6667 6726
f 6730 6726 6667
f 6730 6731 6726
f 6727 6726 6711
f 6726 6731 6711
f 6732 6731 6730
f 6732 6234 6731
f 6234 6232 6731
f 6731 6705 6711
f 6731 6232 6705
f 6733 6732 6730
f 6734 6234 6732
f 6735 6732 6736
f 6732 6733 6736
f 6737 6732 6735
f 6734 6732 6737
f 6734 6737 6738
f 6739 6740 6741
f 6742 6743 6744
f 6743 6745 6746
f 6742 6745 6743
f 6739 6747 6740
f 6739 6748 6747
f 6749 6748 6739
f 6745 6750 6746
f 6748 6749 6751
f 6750 6745 6752
f 6751 6753 6748
f 6754 6753 6751
f 6750 6752 6755
f 6756 6752 6757
f 6758 6752 6756
f 6752 6745 6759
f 6752 6758 6755
f 6752 6759 6757
f 6757 6759 6760
f 6757 6760 6761
f 6762 6757 6761
f 6756 6757 6762
f 6763 6762 6764
f 6763 6756 6762
f 6764 6762 6765
f 6762 6761 6765
f 6766 6767 6768
f 6764 6765 6769
f 6766 6770 6767
f 6771 6772 6773
f 6774 6772 6771
f 6771 6773 6775
f 6776 6770 6766
f 6766 6768 6777
f 6766 6777 6778
f 6779 6780 6781
f 6782 6772 6774
f 6783 6772 6782
f 6783 6782 6784
f 6785 6786 6780
f 6785 6780 6779
f 6787 6788 6789
f 6786 6785 6790
f 6788 6791 6792
f 6787 6791 6788
f 6793 6791 6787
f 6769 6794 6795
f 6769 6765 6794
f 6794 6765 6796
f 6797 6793 6798
f 6765 6799 6796
f 6793 6797 6791
f 6791 6797 6800
f 6800 6797 6801
f 6797 6802 6801
f 6803 6802 6797
f 6803 6797 6798
f 6802 6804 6805
f 6806 6804 6802
f 6806 6802 6803
f 6801 6802 6805
f 6761 6807 6808
f 6809 6804 6806
f 6807 6760 6810
f 6807 6761 6760
f 6811 6804 6809
f 6810 6812 6813
f 6810 6760 6812
f 6814 6730 6815
f 6730 6816 6815
f 6812 6760 6817
f 6813 6812 6818
f 6730 6819 6816
f 6820 6821 6811
f 6822 6821 6820
f 6819 6730 6667
f 6819 6667 6823
f 6822 6824 6821
f 6825 6824 6822
f 6826 6821 6824
f 6824 6827 6826
f 6825 6827 6824
f 6828 6829 6827
f 6830 6827 6829
f 6830 6826 6827
f 6831 6827 6825
f 6828 6827 6831
f 6832 6637 6638
f 6823 6637 6832
f 6830 6833 6834
f 6833 6830 6835
f 6836 6830 6834
f 6836 6801 6830
f 6826 6830 6805
f 6805 6830 6801
f 6830 6829 6835
f 6835 6837 6838
f 6837 6835 6839
f 6833 6835 6840
f 6835 6838 6840
f 6839 6835 6841
f 6841 6835 6829
f 6842 6843 6844
f 6838 6837 6845
f 6844 6843 6846
f 6847 6844 6846
f 6844 6847 6848
f 6843 6592 6849
f 6850 6851 6852
f 6772 6783 6853
f 6843 6842 6592
f 6849 6592 6591
f 6854 6851 6850
f 6600 6590 6855
f 6842 6620 6856
f 6857 6620 6842
f 6858 6620 6857
f 6621 6620 6858
f 6847 6859 6860
f 6859 6847 6861
f 6862 6863 6859
f 6800 6836 6864
f 6801 6836 6800
f 6859 6861 6862
f 6865 6784 6866
f 6867 6862 6786
f 6863 6862 6867
f 6868 6800 6864
f 6786 6790 6867
f 6792 6791 6868
f 6868 6791 6800
f 6847 6846 6861
f 6783 6784 6865
f 6829 6869 6841
f 6829 6870 6869
f 6870 6829 6828
f 6804 6821 6826
f 6805 6804 6826
f 6823 6667 6637
f 6811 6821 6804
f 6733 6730 6814
f 6817 6759 6871
f 6817 6760 6759
f 6799 6761 6808
f 6799 6765 6761
f 6872 6770 6776
f 6873 6874 6875
f 6873 6876 6874
f 6877 6878 6879
f 6880 6881 6882
f 6882 6881 6883
f 6884 6872 6885
f 6880 6886 6881
f 6887 6884 6888
f 6889 6890 6886
f 6872 6884 6887
f 6889 6886 6880
f 6891 6892 6878
f 6893 6890 6889
f 6891 6894 6892
f 6895 6896 6897
f 6895 6594 6896
f 6591 6594 6895
f 6891 6878 6854
f 6891 6898 6894
f 6891 6899 6900
f 6891 6901 6899
f 6891 6900 6898
f 6891 6902 6901
f 6902 6891 6903
f 6903 6891 6904
f 6903 6904 6905
f 6905 6904 6906
f 6897 6907 6908
f 6897 6896 6907
f 6909 6552 6908
f 6905 6906 6910
f 6908 6907 6909
f 6911 6912 6913
f 6552 6909 6553
f 6580 6583 6911
f 6911 6583 6912
f 6914 6915 6916
f 6903 6917 6918
f 6903 6905 6917
f 6915 6919 6920
f 6915 6914 6919
f 6921 6922 6923
f 6924 6919 6925
f 6921 6923 6926
f 6920 6919 6924
f 6921 6927 6922
f 6921 6928 6927
f 6929 6930 6931
f 6932 6933 6921
f 6921 6933 6928
f 6929 6934 6930
f 6929 6404 6934
f 6404 6929 6935
f 6921 6421 6425
f 6921 6926 6421
f 6931 6930 6936
f 6936 6930 6294
f 6930 6934 6937
f 6930 6937 6294
f 6934 6403 6937
f 6938 6937 6403
f 6937 6938 6295
f 6294 6937 6295
f 6939 6936 6940
f 6940 6936 6292
f 6931 6936 6939
f 6936 6294 6292
f 6941 6942 6943
f 6941 6944 6942
f 6887 6944 6941
f 6939 6940 6945
f 6941 6946 6932
f 6941 6943 6946
f 6947 6948 6949
f 6949 6948 6950
f 6947 6951 6948
f 6900 6899 6952
f 6953 6951 6947
f 6952 6899 6954
f 6955 6956 6953
f 6954 6957 6958
f 6954 6899 6957
f 6953 6956 6951
f 6932 6959 6960
f 6956 6955 6961
f 6932 6946 6959
f 6961 6955 6962
f 6963 6964 6965
f 6932 6960 6966
f 6967 6964 6963
f 6932 6966 6933
f 6967 6968 6964
f 6958 6969 6970
f 6958 6971 6969
f 6972 6968 6967
f 6958 6957 6971
f 6973 6974 6972
f 6972 6974 6968
f 6975 6976 6973
f 6973 6976 6974
f 6977 6950 6978
f 6977 6978 6893
f 6893 6978 6890
f 6887 6888 6944
f 6949 6950 6977
f 6979 6940 6291
f 6940 6292 6291
f 6980 6940 6981
f 6981 6940 6979
f 6980 6945 6940
f 6945 6980 6982
f 6983 6984 6985
f 6986 6987 6983
f 6983 6987 6984
f 6984 6987 6988
f 6989 6763 6982
f 6989 6756 6763
f 6756 6989 6990
f 6758 6756 6990
f 6988 6987 6991
f 6992 6993 6987
f 6986 6992 6987
f 6991 6987 6993
f 6992 6994 6993
f 6991 6993 6754
f 6994 6753 6993
f 6754 6993 6753
f 6995 6994 6992
f 6994 6996 6753
f 6997 6996 6994
f 6995 6997 6994
f 6998 6997 6999
f 6998 7000 6997
f 6997 6995 6999
f 7000 7001 6997
f 6997 7001 6996
f 7002 7003 7001
f 7001 7003 7004
f 6996 7001 7004
f 7000 7005 7001
f 7002 7001 7006
f 7006 7001 7005
f 7007 7005 7000
f 7007 7008 7005
f 7009 7005 7008
f 7006 7005 7009
f 7010 7008 7011
f 7012 7011 7008
f 7012 7008 7007
f 7009 7008 7010
f 7013 7014 7015
f 7010 7011 7016
f 7016 7017 7018
f 7019 7014 7013
f 7016 7011 7017
f 7020 7021 7022
f 7011 7023 7017
f 7020 7024 7021
f 7025 7024 7020
f 7026 7021 7024
f 7022 7021 7027
f 7026 7028 7021
f 7027 7021 7028
f 6261 7028 7026
f 6261 6259 7028
f 7028 7029 7030
f 7027 7028 7030
f 7029 7028 6259
f 7031 6234 7032
f 6734 7032 6234
f 7032 6734 7019
f 7029 6259 6258
f 7032 7033 7034
f 7032 7019 7033
f 7035 7026 7024
f 6262 7026 7035
f 6262 6261 7026
f 7036 7024 7025
f 7023 7011 7037
f 7038 7036 7039
f 7038 7024 7036
f 7037 7012 7040
f 7037 7011 7012
f 7035 7024 7038
f 7019 6734 7014
f 7040 7012 7041
f 7012 7042 7041
f 7042 7012 7007
f 7043 6285 7044
f 7043 7044 7045
f 7042 7007 7046
f 7044 6269 7047
f 6269 7044 6270
f 7044 6285 6270
f 7007 7048 7046
f 7049 7043 7050
f 7049 6290 7043
f 7048 7007 7000
f 7048 7000 7051
f 7043 6290 6285
f 7000 6998 7051
f 7014 6734 7052
f 6996 7004 6748
f 7004 7003 6747
f 7004 6747 6748
f 6740 7003 7053
f 6740 6747 7003
f 7053 7003 7002
f 6734 6738 7054
f 6979 7049 7055
f 7049 6291 6290
f 6979 6291 7049
f 6996 6748 6753
f 6995 6992 7056
f 6992 6986 7056
f 6981 6979 7057
f 6872 7058 6770
f 6872 6887 7058
f 6403 6934 6404
f 6975 6925 6976
f 6924 6925 6975
f 6914 6916 7059
f 7060 7061 7062
f 7063 7061 7060
f 6851 6878 6877
f 6854 6878 6851
f 7064 6759 6745
f 6759 7064 6871
f 7064 6745 6742
f 6728 6674 6670
f 7065 6717 6723
f 6727 6711 7066
f 6714 6717 7065
f 7066 6711 6712
f 6715 6699 6698
f 7067 6715 6698
f 6718 6715 7067
f 6691 6681 7068
f 7067 6698 7069
f 6706 6705 7070
f 7071 6705 7072
f 7070 6705 7071
f 6705 6232 7072
f 6233 7073 7072
f 6232 6233 7072
f 7072 7074 7071
f 7072 7073 7074
f 7075 7076 7077
f 7076 7078 7077
f 7079 7076 7080
f 6689 7076 7079
f 6689 6696 7076
f 7078 7076 6696
f 7075 7080 7076
f 7081 7080 7082
f 7079 7080 7081
f 7083 7082 7080
f 7083 7080 7075
f 7073 6233 7084
f 7082 7083 7085
f 6233 7086 7084
f 7087 7082 7085
f 6233 7088 7086
f 7087 7089 7082
f 6228 7088 6233
f 7088 6228 7090
f 7091 7089 7087
f 7092 7089 7093
f 7093 7089 7094
f 7092 7082 7089
f 7091 7094 7089
f 6186 7094 6182
f 6182 7094 6195
f 7093 7094 6186
f 7095 6195 7094
f 7094 7091 7095
f 7096 7092 6187
f 6187 7092 7093
f 7097 7092 7096
f 7097 7081 7092
f 7081 7082 7092
f 6185 6686 7098
f 7099 7081 7097
f 6187 7093 6186
f 7090 6228 6227
f 7099 7079 7081
f 6690 6689 7079
f 6690 7079 7099
f 7078 6696 7100
f 7070 7071 7101
f 7100 6697 6701
f 7100 6696 6697
f 7069 6698 6693
f 7102 6654 6685
f 6685 6654 6656
f 7102 6653 6654
f 6683 7103 7104
f 7105 6653 7102
f 6683 7106 7103
f 6683 7107 7106
f 6683 6184 7107
f 6185 6184 6683
f 7108 7105 7109
f 7110 7111 7112
f 7103 7106 7113
f 7114 7111 7110
f 7115 7111 7114
f 7112 7111 6649
f 7115 7116 7111
f 6649 7111 6650
f 7116 6650 7111
f 7117 7116 7115
f 7117 7118 7116
f 7118 7119 7116
f 7116 7119 6650
f 7118 7120 7119
f 7121 7119 7120
f 6652 6650 7119
f 6652 7119 7122
f 7119 7121 7122
f 7123 6640 6641
f 7121 7120 7124
f 7125 6640 7123
f 7124 7126 7127
f 7124 7120 7126
f 7128 6640 7125
f 7126 7129 7127
f 7130 7131 7128
f 7128 7131 6640
f 7132 7133 7131
f 7131 7134 7132
f 7133 7135 7131
f 7131 7136 6640
f 7131 7135 7136
f 7134 7131 7130
f 7137 7138 7139
f 7139 7138 7140
f 7133 7141 7135
f 7142 7143 7144
f 7145 7138 7137
f 7141 7133 7146
f 7147 7148 7149
f 7146 7133 7150
f 7151 7143 7142
f 7147 7152 7148
f 7143 7151 7153
f 7154 7153 7151
f 7155 7156 7154
f 7152 7157 7158
f 7147 7159 7152
f 7154 7156 7153
f 7152 7159 7157
f 7157 7159 7160
f 7160 7159 7161
f 7162 7161 7159
f 7159 7147 7162
f 7163 7160 7164
f 7160 7161 7164
f 7165 7160 7163
f 7165 7157 7160
f 7166 7165 7163
f 7167 7165 7166
f 7167 7168 7165
f 7168 7157 7165
f 7169 7170 7171
f 7171 7170 7172
f 7173 7168 7167
f 7172 7170 7174
f 7175 7168 7173
f 7175 7173 7176
f 7174 7170 7177
f 7178 7179 7180
f 7178 7181 7179
f 7182 7176 7183
f 7182 7184 7176
f 7184 7182 7185
f 7186 7187 7188
f 7186 7189 7187
f 7189 7190 7187
f 7190 7191 7192
f 7193 7194 7185
f 7190 7189 7191
f 7185 7194 7184
f 7168 7175 7195
f 7158 7168 7195
f 7194 7193 7155
f 7192 7191 7196
f 7196 7191 7197
f 7198 7191 7189
f 7198 7199 7191
f 7199 7197 7191
f 7199 7200 7197
f 7200 7201 7197
f 7202 7197 7201
f 7196 7197 7202
f 7203 7200 7199
f 7203 7204 7200
f 7200 7204 7201
f 7205 7204 7206
f 7203 7206 7204
f 7140 7204 7205
f 7140 7138 7204
f 7204 7138 7201
f 7206 7207 7205
f 6640 7136 7208
f 6640 7208 7209
f 7207 7206 6616
f 7207 6616 7210
f 7211 6640 7209
f 6632 6640 7211
f 7210 6616 7212
f 7203 6616 7206
f 7213 7203 7214
f 7203 7215 7214
f 6611 6616 7203
f 7213 6611 7203
f 7215 7203 7199
f 7216 7217 7218
f 7219 7216 7218
f 7217 7216 7220
f 6604 7216 7219
f 7216 6604 7221
f 6611 7213 7222
f 6606 6611 7222
f 7223 7224 7225
f 7225 7224 7226
f 7226 7224 7227
f 6602 6604 7219
f 7224 7223 7228
f 7223 7229 7230
f 7231 7232 7233
f 7232 7234 7235
f 7231 7236 7232
f 7232 7236 7234
f 7223 7237 7229
f 7223 7225 7237
f 7238 7239 7240
f 7231 7233 7241
f 7239 7242 7243
f 7244 7245 7231
f 7231 7245 7236
f 7239 7238 7242
f 7238 7240 7246
f 7247 7248 7249
f 7250 7251 7252
f 7248 7247 7253
f 7169 7247 7254
f 7255 7247 7169
f 7253 7247 7255
f 7256 7257 7258
f 7259 7253 7260
f 7260 7253 7261
f 7257 7262 7263
f 7257 7256 7262
f 7248 7253 7259
f 7264 7265 7266
f 7243 7242 7265
f 7243 7265 7264
f 7264 7266 7267
f 7268 7245 7269
f 7269 7245 7244
f 7267 7270 7271
f 7272 7245 7268
f 7267 7266 7270
f 7273 7261 7274
f 7271 7270 7275
f 7260 7261 7273
f 7274 7261 7276
f 7277 7275 7278
f 7271 7275 7277
f 7277 7278 7279
f 7276 5725 7280
f 7279 7278 7281
f 7276 7261 5725
f 7282 7283 7284
f 7282 7285 7283
f 7284 7283 7286
f 7279 7281 7287
f 7287 7288 7289
f 7290 7286 7291
f 7284 7286 7292
f 7292 7286 7290
f 7287 7281 7288
f 7293 7294 7295
f 7296 5725 7297
f 7280 5725 7296
f 7293 7298 7294
f 7297 5725 5723
f 7298 7293 7299
f 7298 7299 7300
f 7300 7301 7302
f 7300 7299 7301
f 7302 7303 7304
f 7302 7301 7303
f 7304 7305 7306
f 7307 7245 7282
f 7282 7272 7285
f 7282 7245 7272
f 7304 7303 7305
f 7306 5714 7308
f 7309 7245 7307
f 7306 7305 5714
f 5704 7245 7309
f 7308 5714 5706
f 7262 5756 5749
f 5749 5728 7262
f 7263 7262 5728
f 5756 7262 7310
f 7262 7256 7310
f 7311 7312 7313
f 7312 7311 5757
f 7312 5757 5758
f 7311 5760 5757
f 7311 7314 5760
f 7315 7311 7313
f 7316 7311 7315
f 7311 7316 7314
f 7163 7317 7318
f 7319 7163 7318
f 7320 5760 7314
f 7317 7164 7321
f 7317 7163 7164
f 7320 5762 5760
f 7322 5762 7320
f 7321 7164 7323
f 5762 7322 7324
f 7164 7325 7323
f 5762 7324 5765
f 7326 5765 7324
f 7325 7164 7327
f 7325 7327 7328
f 7327 7329 7328
f 7164 7161 7327
f 7330 7327 7161
f 7329 7327 7331
f 7327 7330 7331
f 7332 5779 7333
f 5779 7334 7333
f 7330 7161 7335
f 7133 7332 7336
f 7335 7161 7162
f 7332 7133 5779
f 5779 5780 7334
f 7329 7331 7337
f 5765 7338 5766
f 7338 5765 7326
f 7339 5766 7338
f 7339 7338 7340
f 7166 7319 7258
f 7166 7163 7319
f 7315 7313 7341
f 7263 5728 5724
f 7250 7342 7251
f 7230 7229 7343
f 7169 7254 7170
f 7344 7345 7178
f 7345 7344 7346
f 7346 7344 7347
f 7348 7347 7344
f 7226 7227 7349
f 7217 7347 7348
f 7218 7217 7348
f 7189 7186 7350
f 7351 7189 7350
f 7351 7198 7189
f 7198 7351 7352
f 7347 7217 7353
f 7215 7198 7352
f 7215 7199 7198
f 7201 7354 7202
f 7145 7201 7138
f 7201 7145 7354
f 7155 7193 7355
f 7156 7155 7355
f 7181 7178 7345
f 7158 7157 7168
f 7133 7336 7150
f 7356 7357 7358
f 7356 7359 7357
f 7129 7359 7356
f 7132 7134 7360
f 7357 7361 7358
f 7132 7360 7362
f 7363 7132 7362
f 7361 7364 7365
f 7361 7357 7364
f 7366 7364 7367
f 7367 7364 7357
f 7366 7368 7364
f 7365 7364 7368
f 7369 7368 7366
f 7369 7370 7368
f 7371 7368 7370
f 7365 7368 7371
f 7371 7370 7372
f 7373 7132 7363
f 7374 7132 7373
f 7370 7375 7372
f 7376 7132 7374
f 7377 7375 7370
f 7375 7377 7378
f 7132 7376 7379
f 7380 7379 7376
f 7378 7377 7381
f 7382 7379 7380
f 7381 7377 7383
f 7383 7384 7381
f 7385 7386 7382
f 7382 7386 7379
f 7387 7388 7383
f 7387 7383 7389
f 7384 7383 7388
f 7389 7383 7377
f 7389 7377 7369
f 7390 7389 7369
f 7391 7387 7389
f 7391 7389 7390
f 7392 7393 7394
f 7395 7387 7391
f 7392 7107 7393
f 7395 7396 7387
f 7397 7396 7395
f 7393 7107 7398
f 7397 7399 7396
f 7400 7399 7397
f 7399 7401 7396
f 7402 7403 7399
f 7400 7402 7399
f 7399 7403 7401
f 7404 7401 7403
f 7401 7404 7405
f 7405 7388 7401
f 7396 7401 7388
f 7404 7403 7406
f 7407 7408 7409
f 7410 7407 7411
f 7407 7412 7408
f 7412 7407 7410
f 7406 7403 7413
f 7413 7403 7414
f 7414 7415 7413
f 7416 5856 7414
f 7416 7414 7402
f 7415 7414 5856
f 7402 7414 7403
f 7417 7416 7418
f 7418 7416 7402
f 5860 5856 7416
f 7417 5860 7416
f 7107 7419 7420
f 7421 5860 7417
f 7419 6184 7422
f 7107 6184 7419
f 7421 5861 5860
f 7423 5861 7421
f 7418 7402 7400
f 7409 7408 7386
f 5846 7386 7408
f 5850 5846 7408
f 7408 7412 5850
f 7415 5856 5855
f 5851 5850 7412
f 7409 7386 7424
f 7425 7388 7405
f 7424 7386 7385
f 7384 7388 7425
f 7396 7388 7387
f 7426 7392 7427
f 7427 7392 7428
f 7390 7369 7429
f 7426 7107 7392
f 7106 7426 7430
f 7106 7107 7426
f 7430 7426 7431
f 7432 7433 7434
f 7432 7435 7433
f 7436 7435 7432
f 7426 7427 7437
f 7436 7438 7435
f 7439 7438 7436
f 7439 7367 7438
f 7438 7359 7435
f 7367 7357 7438
f 7438 7357 7359
f 7435 7126 7433
f 7435 7359 7126
f 7433 7126 7120
f 7433 7120 7118
f 7434 7433 7118
f 7434 7118 7117
f 7429 7367 7439
f 7429 7366 7367
f 7429 7369 7366
f 7386 7440 7379
f 5846 7440 7386
f 5778 5779 7440
f 7440 5779 7133
f 7440 7133 7132
f 7440 7132 7379
f 5846 5778 7440
f 7369 7377 7370
f 7129 7126 7359
f 7108 6653 7105
f 6648 6653 7108
f 7212 6616 6617
f 7245 5704 6577
f 6577 5704 6572
f 6566 6565 6054
f 7441 6508 6568
f 6510 6568 6508
f 7442 6429 7443
f 6545 6546 7444
f 7445 7444 6546
f 6546 6548 7446
f 7447 6540 7448
f 7448 6457 7449
f 7448 6540 6457
f 7444 7445 7450
f 6457 7451 7449
f 6451 7451 6457
f 7451 6451 6444
f 7451 6444 7452
f 7453 7454 7450
f 7444 7450 7454
f 7454 6435 6434
f 7455 7456 7457
f 7454 7453 6435
f 7457 7456 7458
f 6444 6438 7452
f 6541 6540 7447
f 6429 7442 7455
f 7455 7442 7456
f 6460 6457 6540
f 7441 6505 6508
f 6059 6505 7441
f 6059 6058 6505
f 6175 6174 7459
f 7460 7461 6483
f 7462 6483 7461
f 7460 6483 6482
f 6479 6483 7462
f 7463 7460 6482
f 7464 7461 7460
f 7465 7464 7460
f 7465 7460 7463
f 7463 6482 6486
f 6174 6176 7466
f 7464 7467 7461
f 7468 7467 7464
f 7469 7468 7464
f 7469 7464 7465
f 6176 6205 7470
f 7470 6205 7471
f 7472 7468 7469
f 7473 7474 7472
f 7472 7475 7468
f 7472 7474 7475
f 7474 7476 7475
f 7474 6212 7476
f 7473 6210 7474
f 6210 6212 7474
f 7475 7476 7477
f 7478 7476 6212
f 7479 7476 7480
f 7479 7477 7476
f 7480 7476 7478
f 6219 7481 7482
f 7483 7481 6219
f 7481 7483 7484
f 6360 6471 7483
f 7485 7483 6471
f 7484 7483 7485
f 6353 7483 6219
f 6353 6360 7483
f 7485 6471 7486
f 7487 7477 7488
f 7477 7479 7488
f 7489 7490 7487
f 7487 7490 7477
f 7486 6471 7491
f 6471 7492 7491
f 7489 7467 7490
f 7467 7489 7493
f 6471 7494 7492
f 7495 7467 7493
f 7462 7461 7495
f 6471 7496 7494
f 7495 7461 7467
f 7468 7490 7467
f 7475 7477 7490
f 7475 7490 7468
f 6219 7482 6220
f 6212 6213 7478
f 7496 6471 6472
f 6360 6356 6471
f 7497 6469 6355
f 6356 6355 6469
f 6469 7498 7499
f 6470 6469 7499
f 6469 7497 7498
f 7497 6355 7500
f 7501 7502 7503
f 7501 7504 7502
f 7501 7505 7504
f 7506 7505 7501
f 7507 7505 7506
f 7500 6355 7508
f 6355 6378 7508
f 7507 7509 7505
f 7509 7507 7510
f 6417 7505 7509
f 7509 7511 7512
f 7511 7509 7510
f 7513 6417 7509
f 7513 7509 7512
f 7514 7515 7516
f 7516 7515 7517
f 6417 7513 7518
f 6413 6417 7518
f 7517 6398 6409
f 7517 7515 6398
f 6398 7515 6392
f 7515 7519 6385
f 7515 6385 6387
f 6392 7515 6387
f 7519 7515 7514
f 7511 7510 7520
f 6386 7519 7521
f 6386 6385 7519
f 6416 7504 7505
f 6416 7505 6417
f 7502 7504 7522
f 6449 7504 6416
f 7504 6456 7522
f 6456 7504 6449
f 6459 7523 7524
f 6459 7524 6455
f 7523 7525 7526
f 7523 6467 7525
f 7523 6459 6467
f 7525 6467 6468
f 6445 6444 6451
f 6415 6449 6416
f 6429 7455 6430
f 6406 6407 7527
f 6404 6935 7528
f 6409 6398 6397
f 6938 6403 7529
f 6402 6394 7530
f 6394 6393 7530
f 6393 6390 7531
f 6299 6938 7532
f 6299 6295 6938
f 6390 7533 7531
f 7533 6390 6303
f 6390 6377 6303
f 6376 6375 6384
f 6303 6377 6308
f 6318 6364 7534
f 6352 6318 7534
f 6345 6353 6221
f 6221 6353 6219
f 6364 6318 6320
f 6319 6318 6351
f 6352 6351 6318
f 6319 6351 6332
f 6332 6351 6339
f 6231 6345 6222
f 7535 6345 6231
f 6346 6345 7536
f 7536 6345 7537
f 7537 6345 7535
f 6222 6345 6221
f 7538 7539 7540
f 7540 7539 7541
f 7540 7541 7542
f 7543 6342 7541
f 7542 7541 6342
f 7543 7541 7539
f 7544 7543 7545
f 7545 7543 7546
f 7544 6340 7543
f 6340 6342 7543
f 7543 7539 7546
f 7547 7546 7548
f 7545 7546 7547
f 7546 7549 7548
f 7546 7539 7549
f 7550 7549 7539
f 7551 7549 7550
f 7551 7552 7549
f 7548 7549 7552
f 7553 7552 7554
f 7555 7554 7552
f 7552 7551 7556
f 7555 7552 7556
f 7557 7552 7553
f 7548 7552 7557
f 7558 7557 7559
f 7559 7557 7553
f 7560 7557 7558
f 7560 7548 7557
f 6282 6283 7561
f 7547 7548 7560
f 7561 6283 7562
f 7559 7553 6249
f 7553 7554 6246
f 6249 7553 6246
f 7563 6231 6236
f 7564 6231 7563
f 6244 7554 7555
f 7565 6231 7564
f 6244 6245 7554
f 6246 7554 6245
f 7566 6231 7565
f 7535 6231 7566
f 7550 7539 7538
f 7562 6283 7567
f 7567 6283 6328
f 6342 6341 7542
f 7544 6337 6340
f 6338 6337 7544
f 6321 6319 6332
f 6307 6310 7568
f 7533 6303 6305
f 6288 6298 6287
f 6252 6253 6267
f 6235 6234 7031
f 6255 6248 7569
f 6248 6241 7569
f 7570 6195 7095
f 7571 6195 7570
f 6193 7571 7572
f 7571 6193 6195
f 6226 6224 7573
f 6226 7573 7574
f 7575 6198 7572
f 7572 6198 6193
f 7576 6199 7575
f 7573 6224 7577
f 7575 6199 6198
f 7578 6199 7576
f 6211 7578 6214
f 7578 6211 6199
f 6201 6199 6211
f 6208 6210 7473
f 6176 6177 6205
f 6184 5873 7579
f 7580 5861 7423
f 7580 5862 5861
f 5868 5862 7580
f 6169 6172 6156
f 6172 6157 6156
f 6169 6156 6158
f 6161 6149 6140
f 7581 6161 6139
f 6161 6140 6139
f 6162 6161 7581
f 7582 5881 7583
f 7581 6139 7584
f 5882 7582 7585
f 5882 5881 7582
f 7584 6134 6133
f 7584 6139 6134
f 6085 6083 6147
f 6101 5903 5902
f 6087 5908 5909
f 6087 5909 6088
f 7586 5908 6087
f 7586 6087 6076
f 7587 7586 6076
f 7586 7588 5908
f 7589 7586 7590
f 7591 7586 7589
f 7590 7586 7592
f 7591 7588 7586
f 7586 7587 7593
f 7586 7593 7592
f 7594 6004 7595
f 7594 6005 6004
f 6005 7594 7596
f 7597 6005 7596
f 7598 7599 7600
f 7601 7602 7603
f 5908 7588 7604
f 7588 7591 7605
f 7606 7602 7601
f 7605 7591 7607
f 7608 7606 7601
f 7602 7606 7609
f 7609 7606 7610
f 7610 7606 7611
f 7611 7606 7612
f 7608 7612 7606
f 7611 5979 7613
f 7614 7611 7613
f 7610 7611 7614
f 5979 7611 5973
f 7611 7612 5973
f 7614 7613 7615
f 5964 5962 7616
f 7617 7618 7612
f 5973 7612 7618
f 7617 7612 7608
f 5973 7618 5974
f 5974 7618 7619
f 7619 7618 7620
f 7618 7621 7620
f 7617 7621 7618
f 5974 7619 5984
f 5984 7619 7622
f 7619 7620 7623
f 7619 7623 7622
f 7620 7624 7623
f 7623 7625 7626
f 7623 7624 7625
f 7622 7623 7626
f 7620 7621 7624
f 7627 7624 7621
f 7628 7625 7624
f 7628 7624 7627
f 7629 7589 7630
f 7627 7621 7631
f 7621 7617 7631
f 7591 7589 7629
f 7632 7626 7625
f 7622 7626 5994
f 5995 5994 7626
f 5995 7626 7633
f 7626 7634 7633
f 7634 7626 7632
f 6004 6002 7635
f 7636 6004 7635
f 7632 7625 7637
f 7632 7637 7638
f 7595 7636 7639
f 7595 6004 7636
f 7589 7640 7641
f 7589 7590 7640
f 7625 7628 7637
f 5984 7622 5985
f 5985 7622 5994
f 7642 5943 7598
f 5949 5943 7642
f 7598 5943 7599
f 5943 5944 7599
f 5908 7604 7643
f 7597 6006 6005
f 7644 6006 7597
f 7644 7597 7645
f 7587 6076 7646
f 7646 6076 6078
f 6072 6068 7647
f 6088 5909 5903
f 6074 6080 6066
f 6066 6080 6065
f 6007 7648 7649
f 6071 6063 7650
f 7648 6006 7651
f 7648 6007 6006
f 7650 6063 6062
f 7650 6062 7652
f 7653 6007 7649
f 7653 6010 6007
f 6010 7653 7654
f 6062 7655 7652
f 7656 6010 7654
f 7655 6040 6039
f 7655 6062 6040
f 6006 7644 7651
f 6040 6062 6047
f 6054 6565 6052
f 7657 7656 7658
f 7657 6010 7656
f 6572 5704 5703
f 6011 6010 7657
f 5980 5718 5733
f 5719 5718 5980
f 5732 5968 5733
f 5958 7659 7660
f 7659 5958 5824
f 5958 7661 5957
f 5958 7662 7661
f 5958 7660 7662
f 7663 7664 7665
f 7663 7666 7664
f 7667 7666 7663
f 7667 7668 7666
f 7666 7669 7664
f 7668 7670 7666
f 7666 7670 7669
f 7668 7671 7670
f 7672 7670 7671
f 7673 7670 7672
f 7673 7669 7670
f 5843 7674 5845
f 5843 7675 7674
f 7676 7669 7673
f 7677 7669 7676
f 7675 5843 7678
f 7679 7677 5919
f 7677 7679 7669
f 5843 5922 7678
f 5919 5918 7679
f 7664 7669 7679
f 7664 7679 7680
f 7680 7679 5918
f 7680 5918 5923
f 7665 7680 5923
f 7665 7664 7680
f 7681 7671 7668
f 7672 7671 7682
f 7683 7684 7671
f 7683 7671 7681
f 7682 7671 7684
f 7685 7681 7668
f 7686 7681 7685
f 7686 7683 7681
f 7687 5824 7688
f 7689 7683 7686
f 7688 5824 5823
f 7690 5824 7687
f 7685 7668 7691
f 7659 5824 7690
f 7691 7668 7667
f 7684 7692 7682
f 7692 7684 7693
f 7683 7693 7684
f 7694 5834 7693
f 5836 7693 5834
f 7694 7693 7683
f 7695 7693 5836
f 7692 7693 7695
f 5832 5834 7694
f 7689 5832 7694
f 7689 7694 7683
f 7665 5923 7696
f 7696 5923 7697
f 7697 5924 5930
f 7697 5923 5924
f 5933 5934 5953
f 5953 5934 5941
f 7698 5908 7643
f 5908 7698 7699
f 5908 7699 5911
f 5927 5928 5938
f 5872 5890 7700
f 7701 5865 5872
f 7701 5872 7700
f 5853 7702 7703
f 5864 5865 7701
f 7702 5854 7704
f 5853 5854 7702
f 5833 5832 7689
f 5748 5744 5803
f 5775 5767 7339
f 7339 5767 5766
f 5751 5763 5743
f 5734 5729 5749
f 5749 5729 5728

